log10_x,5_waves,10_waves,20_waves,50_waves,100_waves,500_waves
1.00,0.060808,0.040935,0.030675,0.033008,0.037285,0.037104
1.05,-0.019812,-0.030987,-0.057515,-0.080843,-0.070355,-0.072275
1.10,0.007974,0.037617,0.048456,0.043166,0.039454,0.036944
1.15,-0.070659,-0.046223,-0.033468,-0.041090,-0.045576,-0.045176
1.20,0.092990,0.094620,0.078885,0.094317,0.099444,0.096361
1.25,-0.008217,-0.029059,-0.045575,-0.014125,-0.022865,-0.025813
1.30,-0.073269,-0.111195,-0.091442,-0.077549,-0.080842,-0.084616
1.35,0.057968,0.048430,0.088118,0.090677,0.073304,0.083313
1.40,-0.025865,-0.009335,0.000559,-0.005279,-0.020458,-0.038077
1.45,0.062684,0.050875,0.065395,0.080110,0.061809,0.071483
1.50,-0.091817,-0.100565,-0.106741,-0.133945,-0.117203,-0.120113
1.55,0.025876,0.066644,0.059080,0.053920,0.059792,0.054852
1.60,0.051526,0.082181,0.100796,0.091196,0.079080,0.086621
1.65,-0.024832,-0.033053,-0.049128,-0.040995,-0.042632,-0.039380
1.70,-0.047035,-0.044988,-0.043269,-0.063470,-0.060140,-0.053913
1.75,0.040930,0.035129,0.041114,0.030397,0.039019,0.040988
1.80,0.010976,-0.030968,-0.019648,-0.009660,-0.008770,-0.012511
1.85,-0.000051,-0.018071,0.025484,0.030229,0.032962,0.073563
1.90,-0.039726,-0.018089,-0.004622,-0.024855,-0.041050,-0.060914
1.95,-0.006470,-0.001039,0.002421,-0.011754,-0.011980,-0.033574
2.00,0.106162,0.099561,0.082059,0.113975,0.132861,0.125436
2.05,-0.120157,-0.111286,-0.121846,-0.098074,-0.080478,-0.083143
2.10,0.044562,0.055979,0.044908,0.050663,0.071295,0.063778
2.15,-0.007182,0.007272,-0.040453,-0.057753,-0.051663,-0.045820
2.20,0.030474,0.035952,0.040395,0.023511,-0.001937,0.009114
2.25,-0.006910,-0.037608,-0.037443,0.002367,0.017622,0.014654
2.30,-0.074491,-0.090161,-0.118931,-0.134825,-0.154251,-0.172734
2.35,0.088349,0.127166,0.128640,0.151453,0.139895,0.104796
2.40,-0.003217,0.010536,0.016396,0.037889,0.018296,0.007270
2.45,-0.050311,-0.090906,-0.089668,-0.093624,-0.097727,-0.089852
2.50,0.006901,-0.006874,-0.032760,-0.066800,-0.062309,-0.034251
2.55,0.030335,0.046211,0.019381,0.009831,0.022322,0.007743
2.60,0.004098,-0.004885,-0.013181,-0.003356,-0.007152,-0.022992
2.65,-0.016869,-0.023578,-0.023626,-0.035817,-0.038384,-0.021394
2.70,-0.053304,-0.036137,-0.027869,-0.047421,-0.031176,-0.037460
2.75,0.100285,0.110034,0.098433,0.115574,0.123081,0.126767
2.80,-0.035817,-0.023228,-0.032551,-0.024215,-0.016255,-0.021343
2.85,-0.046852,-0.024069,-0.015468,-0.017302,-0.027604,-0.013424
2.90,0.038268,0.032875,0.048123,0.057303,0.054807,0.070703
2.95,-0.000075,-0.026222,-0.009827,-0.034358,-0.069214,-0.067550
3.00,0.029884,0.010031,0.024724,0.035382,0.037643,0.017770
3.05,-0.067407,-0.092866,-0.087023,-0.118974,-0.106858,-0.109124
3.10,0.011996,0.005222,0.028109,0.033718,0.032116,0.031982
3.15,0.072250,0.106284,0.163063,0.154827,0.158094,0.149507
3.20,-0.058110,-0.044640,-0.035364,-0.026106,-0.020078,-0.047055
3.25,-0.019212,-0.035208,-0.045059,-0.045361,-0.044206,-0.012627
3.30,0.031835,0.059709,0.073078,0.070128,0.084026,0.088425
3.35,0.008345,0.049497,0.045997,0.058295,0.049162,0.065438
3.40,0.011577,-0.013530,-0.016928,0.011041,0.022089,0.016308
3.45,-0.076573,-0.121589,-0.125683,-0.106084,-0.109138,-0.119431
3.50,0.063804,0.059415,0.082882,0.086833,0.095483,0.123522
3.55,0.022990,0.029661,0.043245,0.026468,0.033259,0.016399
3.60,-0.049296,-0.047204,-0.055164,-0.048475,-0.042698,-0.024787
3.65,-0.010123,-0.006384,0.013688,0.013214,0.025419,0.008833
3.70,0.032989,0.024974,0.011762,0.003693,-0.012576,-0.014895
3.75,0.019033,0.021038,0.007067,0.009093,0.039574,0.069770
3.80,-0.035616,-0.011909,-0.042472,-0.063351,-0.050570,-0.043313
3.85,-0.022597,-0.024239,-0.085514,-0.069941,-0.087384,-0.082417
3.90,0.040721,0.022025,0.007304,0.015908,0.004255,-0.019872
3.95,0.035385,0.048989,0.031490,0.006365,0.014187,0.025144
4.00,-0.090580,-0.078199,-0.084918,-0.083202,-0.073015,-0.072809
4.05,0.046354,0.033404,0.031863,0.036271,0.023054,0.031157
4.10,0.001826,0.011130,-0.008432,-0.004216,-0.013825,-0.009862
4.15,0.030164,0.039452,0.037395,0.009051,0.009800,0.017080
4.20,-0.058884,-0.099860,-0.100481,-0.098074,-0.109226,-0.112474
4.25,-0.000782,-0.030820,-0.019295,-0.011826,-0.002766,-0.005326
4.30,0.065170,0.090149,0.064499,0.064929,0.085951,0.087991
4.35,-0.033221,-0.013889,-0.047505,-0.027388,-0.044657,-0.036483
4.40,-0.023436,-0.027029,0.002730,0.013509,0.002101,0.011616
4.45,-0.008716,0.002431,0.022864,0.035795,0.029999,0.017483
4.50,0.076578,0.096594,0.099261,0.086800,0.072311,0.075557
4.55,-0.063467,-0.046951,-0.033065,-0.038701,-0.034753,-0.053890
4.60,0.006878,0.008851,0.028104,-0.017662,-0.017637,-0.008188
4.65,-0.020920,-0.062600,-0.044142,-0.037219,-0.043684,-0.044051
4.70,0.073493,0.028171,0.050716,0.028745,0.013153,0.012700
4.75,-0.043198,-0.029906,-0.002976,0.015344,0.015147,0.017489
4.80,-0.048544,-0.026841,-0.005086,-0.019695,0.008918,0.011799
4.85,0.068729,0.053781,0.079100,0.100482,0.111427,0.106206
4.90,-0.012233,-0.003410,0.009719,0.024738,0.041188,0.039861
4.95,0.002918,0.040288,0.052465,0.055453,0.081389,0.075212
5.00,-0.058264,-0.054804,-0.046342,-0.028990,-0.030997,-0.045870
5.05,0.062240,0.052288,0.045648,0.038936,0.045103,0.029111
5.10,0.005681,0.011811,-0.004134,0.014399,-0.007402,-0.002219
5.15,-0.023026,-0.039137,-0.061472,-0.072605,-0.085087,-0.080135
5.20,-0.047138,-0.073356,-0.070501,-0.049588,-0.051883,-0.052157
5.25,0.081243,0.089343,0.083836,0.088189,0.090975,0.115329
5.30,-0.017956,-0.002916,0.007318,-0.019669,-0.017350,-0.016170
5.35,-0.035938,-0.038567,-0.023971,-0.035124,-0.041675,-0.039655
5.40,0.010341,0.005575,-0.041690,-0.021824,-0.039232,-0.020359
5.45,0.002150,-0.010265,-0.027910,-0.021051,-0.022583,-0.039005
5.50,0.064952,0.061410,0.056161,0.077490,0.077938,0.094946
5.55,-0.110673,-0.080254,-0.117228,-0.123715,-0.143210,-0.155586
5.60,0.046858,0.057752,0.009516,-0.023833,-0.040831,-0.011221
5.65,0.034811,0.005445,-0.038868,-0.044127,-0.053182,-0.056066
5.70,-0.023898,-0.014062,-0.002738,-0.038858,-0.036774,-0.062728
5.75,-0.018544,0.025142,0.028908,0.033820,0.037259,0.024581
5.80,-0.008643,-0.021290,-0.016390,-0.018729,-0.013605,0.013352
5.85,0.049131,0.002342,0.016526,0.019856,0.007959,0.008314
5.90,-0.001325,-0.014737,-0.027602,-0.014192,-0.026228,-0.023623
5.95,-0.074242,-0.075178,-0.056060,-0.084146,-0.082962,-0.076786
6.00,0.051308,0.049590,0.051489,0.095232,0.103728,0.100450
6.05,0.035023,0.053086,0.048014,0.012202,0.007156,0.023290
6.10,-0.053315,-0.036948,-0.021531,-0.024266,-0.021937,-0.018528
6.15,0.010495,0.019833,0.017279,0.011705,0.013147,-0.011862
6.20,-0.019548,0.003048,0.024155,0.027096,0.028482,0.030707
6.25,0.070474,0.075079,0.106167,0.105146,0.114447,0.112570
6.30,-0.044637,-0.070610,-0.046918,-0.022444,-0.002176,-0.005339
6.35,-0.051927,-0.067998,-0.052359,-0.021020,-0.013678,-0.032999
6.40,0.080528,0.064184,0.081638,0.086531,0.082785,0.078838
6.45,-0.011176,-0.038357,-0.016476,-0.025857,-0.034848,-0.052189
6.50,-0.032512,-0.015606,-0.018581,0.002982,0.022164,0.012045
6.55,0.003824,0.046519,0.063760,0.111302,0.121390,0.125469
6.60,-0.004841,-0.013388,0.020270,0.014666,0.013209,0.006655
6.65,0.071351,0.051288,0.044827,0.018947,-0.000506,0.008258
6.70,-0.086945,-0.058123,-0.087064,-0.110221,-0.112452,-0.108270
6.75,-0.003137,0.016640,0.014334,0.019236,0.026968,0.015153
6.80,0.079276,0.055017,0.055494,0.019118,0.009300,-0.013446
6.85,-0.052955,-0.071908,-0.097061,-0.093588,-0.113389,-0.099491
6.90,0.012025,0.012910,-0.009581,-0.018410,-0.041292,-0.031520
6.95,-0.041501,-0.032074,-0.059088,-0.056034,-0.055952,-0.047745
7.00,0.063833,0.078194,0.081245,0.088747,0.102070,0.120498
7.05,0.000898,-0.012246,0.005240,-0.019816,-0.023032,-0.034746
7.10,-0.064255,-0.096635,-0.108095,-0.096348,-0.076871,-0.070908
7.15,0.020150,0.026725,0.014721,0.022839,0.047473,0.018352
7.20,0.059654,0.082206,0.050993,0.034356,0.038388,0.049814
7.25,-0.052088,-0.060787,-0.082306,-0.085371,-0.076859,-0.064850
7.30,-0.002865,0.002547,-0.016393,-0.033032,-0.032930,-0.026909
7.35,-0.004372,0.028080,0.006399,0.036843,0.061803,0.056714
7.40,0.036989,0.037178,0.031587,0.024154,0.014117,-0.012087
7.45,0.014441,0.000427,-0.020523,-0.014812,-0.014344,0.004680
7.50,-0.109327,-0.099770,-0.064491,-0.044700,-0.037970,-0.039290
7.55,0.112854,0.095748,0.131865,0.116277,0.115048,0.108546
7.60,-0.034163,-0.082551,-0.088200,-0.087151,-0.109818,-0.116152
7.65,0.004403,-0.004517,0.024177,0.038404,0.050884,0.028690
7.70,-0.037575,-0.009500,-0.002073,-0.033866,-0.042147,-0.031000
7.75,0.021045,0.042152,0.035145,0.038254,0.039881,0.005766
7.80,0.054387,0.069108,0.063151,0.063645,0.080849,0.079177
7.85,-0.066706,-0.062117,-0.051262,-0.043212,-0.038412,-0.038763
7.90,-0.006591,-0.007335,0.023187,0.047914,0.041481,0.035644
7.95,0.036303,0.054501,0.049218,0.055254,0.037490,0.016256
8.00,0.027657,0.024491,0.036563,0.059505,0.073063,0.055675
8.05,-0.070851,-0.124595,-0.104662,-0.104101,-0.105066,-0.116897
8.10,0.030740,0.007113,0.024248,0.010757,0.011518,0.020285
8.15,-0.006468,0.028513,0.050298,0.064884,0.083607,0.102625
8.20,0.059206,0.070548,0.051901,0.054253,0.059683,0.060620
8.25,-0.086319,-0.102331,-0.111493,-0.137331,-0.119027,-0.130477
8.30,0.012115,0.024309,0.034463,0.040503,0.060173,0.060860
8.35,0.063250,0.075414,0.077783,0.067421,0.039576,0.023888
8.40,-0.040532,-0.049899,-0.051093,-0.047994,-0.041367,-0.059496
8.45,-0.004056,0.002073,-0.011166,-0.043945,-0.044101,-0.054261
8.50,-0.029668,-0.021117,-0.050921,-0.050070,-0.056274,-0.051944
8.55,0.076953,0.065042,0.044963,0.050084,0.023327,0.032599
8.60,-0.037038,-0.037673,-0.027521,-0.008152,-0.006087,0.000245
8.65,-0.027656,-0.018602,-0.029162,-0.037325,-0.039481,-0.029837
8.70,0.002919,-0.003420,-0.028481,-0.043910,-0.052932,-0.058285
8.75,0.062484,0.056688,0.059730,0.040253,0.048541,0.048401
8.80,-0.044321,-0.057749,-0.034323,-0.037503,-0.046312,-0.062483
8.85,-0.029030,-0.059634,-0.055772,-0.070093,-0.061644,-0.070575
8.90,0.033952,0.045217,0.027769,0.013818,0.010694,0.024408
8.95,0.016734,0.068743,0.072372,0.101206,0.088450,0.085419
9.00,-0.004668,0.001339,-0.022273,0.002909,-0.014406,-0.018173
9.05,-0.062205,-0.084593,-0.110999,-0.133176,-0.143855,-0.150820
9.10,0.058919,0.081611,0.081704,0.086926,0.080047,0.085260
9.15,0.020305,0.041658,0.036343,0.050227,0.046794,0.069605
9.20,-0.044503,-0.076903,-0.047144,-0.047122,-0.050446,-0.068335
9.25,-0.016599,-0.054441,-0.042355,-0.014733,-0.018126,-0.009137
9.30,0.043216,0.028436,0.034190,0.019461,0.036347,0.052062
9.35,0.006763,0.005792,0.034626,0.060186,0.075773,0.073420
9.40,-0.023704,-0.000833,0.006391,0.044096,0.041262,0.042977
9.45,-0.037165,-0.013534,-0.007979,-0.007344,-0.015643,-0.013403
9.50,0.062407,0.062364,0.037426,0.048221,0.046077,0.034234
9.55,0.008601,0.019219,0.004510,-0.019964,-0.038441,-0.024587
9.60,-0.064437,-0.047484,-0.047731,-0.053518,-0.062021,-0.060570
9.65,0.021304,0.003377,0.000765,0.014751,0.032734,0.021057
9.70,0.029791,0.011144,0.050417,0.019897,0.025232,0.039724
9.75,-0.000113,0.004758,-0.003156,0.012103,0.008374,-0.002812
9.80,-0.033029,-0.050851,-0.069074,-0.100450,-0.094198,-0.120192
9.85,-0.016250,-0.034435,-0.005198,-0.043229,-0.060218,-0.067744
9.90,0.066217,0.098566,0.110996,0.091291,0.105139,0.113202
9.95,-0.012220,0.009242,0.002390,0.000757,0.017363,0.024443
10.00,-0.075403,-0.106805,-0.128268,-0.119374,-0.132842,-0.139056
10.05,0.072887,0.058911,0.059730,0.059762,0.021284,0.032872
10.10,-0.019197,0.005477,0.014511,0.004207,-0.027245,-0.038969
10.15,0.026734,0.041345,0.037700,0.066640,0.083773,0.103983
10.20,-0.062582,-0.061955,-0.059286,-0.083126,-0.079663,-0.091375
10.25,0.016550,0.012334,0.001478,0.013635,0.017998,0.024425
10.30,0.074773,0.067586,0.062116,0.082560,0.073415,0.072490
10.35,-0.078036,-0.064522,-0.066049,-0.065406,-0.051125,-0.015939
10.40,0.001615,0.009325,0.007054,-0.004107,-0.011621,-0.005635
10.45,0.021392,-0.020870,-0.006744,0.006911,-0.000274,-0.024624
10.50,0.026770,-0.006976,0.010174,0.021551,0.031575,0.034685
10.55,-0.032760,-0.009128,-0.010263,-0.004780,0.000686,-0.008536
10.60,-0.018591,0.000944,0.000852,0.015846,0.020731,-0.001555
10.65,0.010612,0.010709,0.021239,-0.009982,0.015755,0.006420
10.70,0.076665,0.104826,0.084080,0.107762,0.121838,0.125784
10.75,-0.110556,-0.088527,-0.101093,-0.104664,-0.102767,-0.111367
10.80,0.036518,0.018058,0.008384,0.024888,0.022092,0.003759
10.85,0.030202,0.020308,-0.013954,-0.007137,-0.003880,0.028529
10.90,-0.018959,-0.018896,-0.020598,-0.015306,-0.031033,-0.030136
10.95,0.020115,-0.010173,0.014758,0.001235,-0.006904,-0.001976
11.00,-0.090788,-0.118174,-0.088344,-0.085655,-0.057255,-0.054338
11.05,0.126798,0.135095,0.121990,0.128652,0.124295,0.124635
11.10,-0.051255,-0.029654,-0.045879,-0.036770,-0.045728,-0.025571
11.15,-0.032842,-0.006476,0.014080,-0.013674,0.003129,-0.001306
11.20,0.017809,0.030959,0.012908,-0.015083,0.005687,0.014767
11.25,0.027273,0.005458,-0.009862,0.010569,0.000346,-0.007107
11.30,-0.001252,-0.006881,-0.032384,-0.051986,-0.069399,-0.061306
11.35,-0.037499,-0.006255,-0.028290,-0.033480,-0.032328,-0.012794
11.40,-0.006288,-0.015038,0.013747,0.016943,0.049677,0.020447
11.45,0.066083,0.020935,0.028415,0.027270,0.037747,0.057265
11.50,-0.023494,-0.018347,-0.000928,0.000509,0.024135,0.023144
11.55,-0.072587,-0.041554,-0.025940,-0.065329,-0.057810,-0.048674
11.60,0.088682,0.080216,0.080611,0.098041,0.087209,0.076309
11.65,-0.039470,-0.055325,-0.043306,-0.037986,-0.027717,-0.027464
11.70,0.040274,0.040292,0.041888,0.044010,0.052026,0.055462
11.75,-0.078252,-0.084500,-0.068021,-0.072686,-0.093882,-0.093898
11.80,0.039326,0.046170,0.039391,0.059434,0.050718,0.055991
11.85,0.061108,0.085422,0.085310,0.060319,0.055257,0.043185
11.90,-0.086020,-0.079603,-0.051437,-0.029663,-0.032978,-0.055445
11.95,0.017736,0.018454,0.009450,0.008122,0.007416,0.000533
12.00,0.015230,0.022660,0.027324,0.003775,0.008520,-0.006981
12.05,0.025940,0.010708,0.031969,0.072234,0.058829,0.068124
12.10,-0.032866,-0.051979,-0.057725,-0.067863,-0.074188,-0.073994
12.15,-0.028610,-0.029323,-0.045865,-0.004843,0.006371,-0.005064
12.20,0.043906,0.019799,0.027055,0.002137,-0.002461,0.010712
12.25,0.033051,0.006793,0.032396,0.049555,0.033357,0.050848
12.30,-0.082084,-0.041298,-0.039136,-0.036148,-0.029338,-0.022823
12.35,0.028944,0.082586,0.063445,0.090670,0.094417,0.091539
12.40,0.025471,0.017162,-0.010507,-0.002198,-0.005397,0.006073
12.45,0.002628,-0.013349,-0.027170,-0.023435,-0.002700,-0.041742
12.50,-0.029618,-0.014855,-0.027155,-0.023215,-0.019383,-0.016410
12.55,-0.024395,-0.026463,-0.054409,-0.055387,-0.058097,-0.047801
12.60,0.072635,0.047650,0.017829,-0.004601,-0.027766,-0.011447
12.65,-0.020221,-0.042749,-0.055533,-0.110399,-0.109926,-0.108365
12.70,-0.052778,-0.068964,-0.050736,-0.052292,-0.035099,-0.051343
12.75,0.031622,0.044848,0.049660,0.025842,0.054057,0.063321
12.80,0.028646,0.063450,0.075461,0.066738,0.052637,0.013053
12.85,-0.014522,-0.013329,-0.014547,-0.013645,-0.016022,-0.018056
12.90,-0.032169,-0.046710,-0.085063,-0.079829,-0.068214,-0.059652
12.95,0.000635,0.015980,0.022094,0.019544,0.010295,0.012875
13.00,0.069536,0.074341,0.070513,0.038453,0.014655,0.001753
13.05,-0.055220,-0.074071,-0.093861,-0.090448,-0.108057,-0.129370
13.10,-0.019760,-0.009507,-0.004408,0.009208,-0.011957,-0.006012
13.15,0.025268,0.038611,0.057586,0.083832,0.076299,0.074444
13.20,0.036944,0.011095,0.049333,0.034032,0.026590,0.019867
13.25,-0.042425,-0.051257,-0.040512,-0.006103,-0.026959,-0.030455
13.30,-0.020163,0.003438,0.038867,0.034742,0.017884,0.026350
13.35,0.031986,0.022751,0.058242,0.062340,0.062436,0.092097
13.40,0.024850,-0.007107,-0.018310,0.010071,-0.000649,0.001542
13.45,-0.028542,-0.029407,-0.019608,-0.027401,-0.046878,-0.059707
13.50,-0.052119,-0.029567,-0.029994,0.006750,0.017308,0.017205
13.55,0.092317,0.121679,0.140886,0.128148,0.122576,0.098026
13.60,-0.036846,-0.016466,0.006444,0.007497,0.018714,0.017011
13.65,-0.004161,-0.020724,-0.039431,-0.057754,-0.055760,-0.035622
13.70,-0.034279,-0.052053,-0.049990,-0.018307,-0.000780,0.019683
13.75,0.054030,0.070639,0.079053,0.058672,0.054770,0.073350
13.80,0.011199,-0.000011,0.005302,-0.011468,-0.010122,-0.008578
13.85,-0.060753,-0.114206,-0.123097,-0.133071,-0.109348,-0.119724
13.90,0.011779,0.002360,-0.016308,0.022243,0.025481,0.023402
13.95,0.042239,0.076956,0.065284,0.075975,0.089537,0.091123
14.00,0.000239,0.014048,-0.003299,-0.028296,-0.033198,-0.038795
14.05,-0.066459,-0.053813,-0.046382,-0.054659,-0.066896,-0.085873
14.10,0.051313,0.077443,0.068330,0.040772,0.034017,0.011482
14.15,-0.012117,-0.017423,-0.070225,-0.080887,-0.086641,-0.056240
14.20,0.049318,0.028028,-0.007855,-0.022647,-0.006937,0.000630
14.25,-0.103103,-0.103624,-0.109968,-0.125552,-0.118541,-0.124530
14.30,0.056594,0.049367,0.028151,0.035971,0.018041,0.048067
14.35,0.043603,0.024993,-0.000850,-0.001499,0.008797,0.008945
14.40,-0.064497,-0.067340,-0.061335,-0.073772,-0.055631,-0.072596
14.45,0.019964,0.021841,0.029225,0.052591,0.050336,0.042260
14.50,-0.027549,-0.017068,-0.001095,0.016746,0.011190,0.011756
14.55,0.077889,0.105245,0.118089,0.132989,0.115948,0.109398
14.60,-0.055774,-0.062981,-0.060185,-0.064293,-0.069635,-0.066568
14.65,-0.028654,-0.065724,-0.054810,-0.078236,-0.072722,-0.080972
14.70,0.041568,0.057336,0.041780,0.050467,0.054403,0.043348
14.75,0.034613,0.078008,0.071301,0.073287,0.074045,0.076047
14.80,-0.069553,-0.081677,-0.072346,-0.071776,-0.084901,-0.065503
14.85,0.020567,-0.006028,0.025602,0.045747,0.045376,0.043520
14.90,0.003940,0.015943,0.056384,0.049187,0.078763,0.089263
14.95,0.035862,0.040745,0.050132,0.054328,0.054180,0.047546
15.00,-0.031028,-0.050189,-0.006027,0.001142,0.037347,0.019464
15.05,-0.062126,-0.076347,-0.050184,-0.018073,-0.011555,-0.001303
15.10,0.120736,0.107777,0.115955,0.090114,0.096297,0.093328
15.15,-0.066287,-0.064394,-0.034493,-0.030443,-0.014315,0.000588
15.20,-0.000583,0.033667,0.009806,0.017742,0.020212,0.041809
15.25,-0.010717,0.013540,-0.007686,-0.003153,0.009158,0.003009
15.30,0.024614,0.025356,0.030763,0.027435,0.020570,0.033557
15.35,0.035547,0.044174,0.061614,0.067486,0.084268,0.079855
15.40,-0.082825,-0.091490,-0.091367,-0.087791,-0.098739,-0.089155
15.45,0.022137,-0.014323,-0.052677,-0.061387,-0.071476,-0.092825
15.50,0.063827,0.056201,0.056043,0.050483,0.060799,0.057987
15.55,-0.052416,-0.045971,-0.051278,-0.031666,-0.031312,-0.026774
15.60,-0.008693,-0.037486,-0.056644,-0.079753,-0.096865,-0.090933
15.65,0.005510,0.000068,-0.013843,-0.034499,-0.023427,-0.019094
15.70,0.026788,0.080277,0.045546,0.017395,0.013629,0.034971
15.75,0.016500,0.046973,0.037606,-0.005415,-0.018074,-0.007756
15.80,-0.091631,-0.110740,-0.122350,-0.119540,-0.136254,-0.149743
15.85,0.071283,0.058521,0.032873,0.007269,0.028800,0.048033
15.90,0.021676,0.022233,0.009239,0.031526,0.044012,0.055930
15.95,-0.049586,-0.049630,-0.067015,-0.034143,-0.013165,-0.027818
16.00,0.001519,0.001843,-0.024857,-0.017223,0.004266,0.020309
16.05,0.006101,-0.012511,-0.026347,-0.017617,-0.020572,-0.011225
16.10,0.038562,0.020972,0.037714,0.043887,0.030405,0.003859
16.15,-0.021699,0.003045,0.017987,0.019650,0.016548,0.000204
16.20,-0.067223,-0.048273,-0.029260,-0.011943,-0.025953,-0.042545
16.25,0.095205,0.068470,0.097128,0.081270,0.055503,0.046407
16.30,-0.019557,-0.029066,-0.014926,0.012171,-0.004287,0.020119
16.35,-0.037657,-0.015895,-0.013075,0.006698,-0.002303,0.021734
16.40,0.012529,0.012437,0.029086,0.030416,0.055529,0.051822
16.45,-0.002718,0.000261,0.022624,0.013603,0.003679,0.007814
16.50,0.064283,0.094475,0.070262,0.086126,0.083488,0.081485
16.55,-0.093770,-0.095516,-0.096323,-0.093562,-0.101348,-0.117513
16.60,0.022911,-0.010575,0.032680,0.038531,0.016360,0.015689
16.65,0.042289,0.035474,0.069448,0.073846,0.050555,0.034040
16.70,-0.006347,-0.004662,0.032661,0.027149,0.019007,0.018010
16.75,-0.047959,-0.066630,-0.066876,-0.096238,-0.083835,-0.085902
16.80,0.019559,0.008618,0.014987,0.001933,0.018030,0.008196
16.85,0.026324,0.032655,0.050776,0.055398,0.061381,0.081645
16.90,0.006488,0.031084,0.015307,-0.008478,0.006080,0.007976
16.95,-0.051973,-0.005914,-0.022288,-0.041223,-0.057254,-0.047482
17.00,0.001627,0.013696,-0.019035,-0.004572,-0.015512,-0.026547
17.05,0.086196,0.044805,0.036665,0.052656,0.048364,0.056547
17.10,-0.084418,-0.099040,-0.106432,-0.118413,-0.137906,-0.152312
17.15,0.023271,0.042011,0.027606,0.013810,0.001725,-0.019261
17.20,-0.023981,-0.047883,-0.033128,-0.056650,-0.044202,-0.031880
17.25,0.069099,0.032192,-0.001487,-0.014896,-0.013632,-0.015109
17.30,-0.042603,-0.028135,-0.049489,-0.041470,-0.044999,-0.053317
17.35,-0.039925,-0.014396,-0.011626,-0.022393,-0.017916,0.002722
17.40,0.050905,0.058360,0.031557,0.059785,0.065138,0.087570
17.45,0.012658,0.027869,0.016293,0.053480,0.042720,0.061611
17.50,-0.021243,-0.017402,-0.022941,-0.031680,-0.046564,-0.037744
17.55,-0.048838,-0.066989,-0.069653,-0.050418,-0.045135,-0.044691
17.60,0.076056,0.073993,0.053302,0.051754,0.044998,0.042649
17.65,-0.023825,-0.016901,-0.029356,0.006615,-0.014648,-0.016125
17.70,0.004956,-0.000518,0.019288,0.019259,0.024467,0.029042
17.75,-0.061186,-0.058951,-0.062287,-0.090183,-0.070188,-0.034983
17.80,0.078169,0.074877,0.067424,0.051670,0.045289,0.050474
17.85,-0.000255,-0.022291,-0.016804,0.000864,0.006397,0.026266
17.90,-0.058978,-0.051939,-0.024072,-0.051131,-0.053102,-0.043636
17.95,0.021219,0.044041,0.090648,0.120012,0.106871,0.120445
18.00,0.018391,-0.007144,0.013663,-0.002168,-0.021090,-0.037449
18.05,0.024420,0.001534,-0.004639,0.006114,0.014698,-0.001255
18.10,-0.066144,-0.021939,-0.016409,-0.011684,0.014455,0.007399
18.15,0.020582,0.061019,0.075073,0.061752,0.071231,0.070356
18.20,0.029983,0.016218,0.005896,0.045095,0.028002,0.004264
18.25,0.014516,-0.002846,-0.000800,-0.033413,-0.029043,-0.015908
18.30,-0.080900,-0.087880,-0.085982,-0.075761,-0.063970,-0.093110
18.35,0.052783,0.037922,0.034954,0.007256,0.030099,0.024712
18.40,0.019327,0.009200,0.041811,0.039189,0.038048,0.025863
18.45,-0.018731,-0.031793,-0.002086,0.020631,0.018199,0.015354
18.50,-0.019855,-0.033562,-0.024924,-0.034904,-0.023023,-0.013624
18.55,-0.013704,0.012675,-0.009671,-0.038456,-0.023076,-0.017909
18.60,0.083109,0.124999,0.116303,0.116999,0.136740,0.154561
18.65,-0.063189,-0.058625,-0.063260,-0.051333,-0.056574,-0.072658
18.70,-0.026094,-0.027673,-0.073308,-0.099232,-0.094508,-0.090035
18.75,0.049053,0.055406,0.049202,0.049430,0.046208,0.014589
18.80,0.005058,-0.023981,-0.030256,-0.035141,-0.043487,-0.055143
18.85,-0.017236,-0.046700,-0.060081,-0.069475,-0.067214,-0.085010
18.90,-0.028545,-0.011502,-0.005178,-0.017991,0.005280,0.006388
18.95,0.018381,0.022893,0.010820,0.014074,0.025018,0.045426
19.00,0.063173,0.035706,0.054484,0.093672,0.086994,0.085123
19.05,-0.086627,-0.077608,-0.078330,-0.046908,-0.037170,-0.014570
19.10,0.009066,0.045596,0.017995,0.034440,0.035134,0.014487
19.15,0.046814,0.052193,0.041101,0.027745,0.020763,0.029060
19.20,-0.014056,-0.028757,-0.030176,-0.007201,-0.001082,-0.005565
19.25,-0.009815,-0.021310,0.001041,-0.028382,-0.029015,-0.027605
19.30,-0.036638,-0.037385,-0.050415,-0.006121,-0.008111,-0.007254
19.35,0.055580,0.080715,0.070981,0.033195,0.058810,0.053469
19.40,0.019539,0.033257,0.042060,0.054168,0.059458,0.075197
19.45,-0.081737,-0.114491,-0.126974,-0.115573,-0.138282,-0.122037
19.50,0.032801,0.015341,0.037032,0.026898,0.026818,0.020763
19.55,0.044330,0.066355,0.080478,0.104603,0.112601,0.119708
19.60,-0.041704,-0.050762,-0.064818,-0.111608,-0.105550,-0.097734
19.65,0.015869,-0.015055,-0.007343,0.011097,0.012328,0.028491
19.70,-0.059189,-0.047430,-0.013514,-0.023952,-0.050853,-0.058129
19.75,0.105692,0.129286,0.151813,0.155039,0.137959,0.091310
19.80,-0.046941,-0.041171,-0.054689,-0.064748,-0.063213,-0.033376
19.85,-0.056663,-0.032483,-0.045387,-0.052617,-0.047324,-0.045960
19.90,0.070837,0.091251,0.082964,0.056431,0.053596,0.056014
19.95,-0.018051,-0.043099,-0.052186,-0.043191,-0.053866,-0.031599
20.00,0.018854,-0.012216,-0.020437,-0.065799,-0.043233,-0.021156
20.05,-0.061637,-0.072131,-0.071187,-0.073716,-0.079675,-0.081705
20.10,0.035876,0.026414,0.041120,0.084583,0.111588,0.099062
20.15,0.039937,0.039900,0.055826,0.033477,0.028891,0.021198
20.20,-0.035530,-0.029297,-0.015997,0.000159,-0.015422,-0.028188
20.25,-0.052549,-0.053803,-0.054179,-0.054065,-0.055956,-0.064177
20.30,0.087673,0.116139,0.133001,0.142690,0.143305,0.137874
20.35,-0.033539,0.012899,0.002596,-0.002580,-0.002849,0.001620
20.40,0.003130,-0.012701,-0.056942,-0.059893,-0.054990,-0.054108
20.45,-0.033491,-0.082462,-0.084315,-0.042599,-0.039869,-0.033764
20.50,0.017477,0.022428,0.015351,0.026182,-0.000158,0.003562
20.55,0.078968,0.098018,0.103176,0.119131,0.109165,0.095065
20.60,-0.130509,-0.151459,-0.131274,-0.131626,-0.136367,-0.132153
20.65,0.069598,0.056525,0.057761,0.073257,0.065444,0.060763
20.70,-0.005589,0.006097,0.010692,-0.023901,-0.034500,-0.036399
20.75,0.024141,0.027794,0.025721,0.028529,0.008097,-0.014880
20.80,-0.042110,-0.036286,-0.007956,-0.017971,-0.041917,-0.006204
20.85,-0.016241,-0.009548,-0.017539,-0.006774,0.008857,-0.020451
20.90,0.062979,0.050204,0.006279,-0.007576,-0.010003,0.000991
20.95,-0.010452,-0.011549,-0.005110,-0.030694,-0.033600,-0.024152
21.00,-0.054228,-0.033812,-0.034179,-0.027917,-0.058003,-0.052823
21.05,0.019019,0.023581,0.032166,0.029582,0.033438,0.020395
21.10,0.053749,0.055486,0.049022,0.058280,0.058068,0.037068
21.15,-0.048396,-0.040161,-0.067507,-0.082370,-0.088036,-0.072519
21.20,0.007194,-0.021915,-0.013334,0.001480,-0.013292,-0.004254
21.25,-0.036798,-0.073378,-0.076169,-0.088191,-0.082851,-0.092507
21.30,0.093241,0.110445,0.106378,0.138608,0.154971,0.142810
21.35,-0.057947,-0.041602,-0.041595,-0.064317,-0.052812,-0.060810
21.40,-0.035397,-0.060803,-0.055269,-0.044046,-0.042286,-0.030070
21.45,0.052802,0.059144,0.064713,0.060576,0.056047,0.026741
21.50,0.001758,0.052990,0.040724,0.004298,0.020151,0.029850
21.55,-0.004782,0.018623,0.029822,0.055725,0.050189,0.051950
21.60,-0.050873,-0.064548,-0.068162,-0.065644,-0.057255,-0.037582
21.65,0.048099,0.024071,-0.002318,-0.026699,-0.032134,-0.036284
21.70,0.023187,-0.004093,-0.007814,0.001575,0.014865,0.007804
21.75,-0.037617,-0.043649,-0.040856,-0.052310,-0.027586,-0.043240
21.80,-0.032958,-0.025576,-0.022779,-0.013792,-0.016719,0.005894
21.85,0.063456,0.046881,0.078100,0.078165,0.078440,0.070560
21.90,-0.004287,-0.008203,0.033698,0.044907,0.042807,0.058104
21.95,-0.032173,0.007580,0.010395,0.041294,0.012947,0.007137
22.00,-0.013691,0.006615,0.008764,-0.010920,-0.018959,-0.016516
22.05,0.039558,0.026074,0.040225,0.035908,0.028724,0.020786
22.10,0.018305,0.023675,0.031262,0.048964,0.065955,0.047990
22.15,-0.057453,-0.057898,-0.066466,-0.063311,-0.047013,-0.042962
22.20,-0.000420,-0.031082,-0.063803,-0.030976,-0.016238,-0.027691
22.25,0.058519,0.058208,0.059552,0.029136,0.025836,0.024540
22.30,-0.019739,0.008052,0.030324,0.011145,-0.002687,-0.011723
22.35,-0.038444,-0.047967,-0.022750,-0.013975,-0.000403,-0.004512
22.40,0.014453,-0.010504,-0.003595,0.001369,0.003645,-0.026077
22.45,0.027986,0.031442,0.015151,0.027295,0.014191,0.044637
22.50,0.012085,0.021743,0.038804,0.023612,0.024536,0.022851
22.55,-0.073010,-0.068714,-0.086488,-0.078181,-0.049027,-0.044525
22.60,0.040980,0.041456,0.018211,0.016501,0.049792,0.052562
22.65,0.034423,0.023145,0.021053,0.014904,-0.003996,-0.015818
22.70,-0.026660,-0.012687,-0.053817,-0.081508,-0.102419,-0.108213
22.75,-0.038592,0.007206,-0.007243,0.007419,0.020403,0.008050
22.80,0.038560,0.036552,0.033754,0.017641,0.021454,-0.006826
22.85,0.015363,-0.035311,-0.040340,-0.050200,-0.054483,-0.061554
22.90,-0.007074,-0.019832,-0.031777,-0.026098,-0.014931,-0.007118
22.95,-0.053317,-0.043498,-0.063652,-0.050664,-0.034625,-0.040848
23.00,0.039040,0.017682,0.027901,0.017720,0.037705,0.050397
23.05,0.055741,0.047517,0.027304,0.028623,0.049053,0.074381
23.10,-0.096609,-0.070097,-0.074204,-0.106744,-0.085539,-0.057576
23.15,0.047156,0.063981,0.091551,0.095083,0.098728,0.095162
23.20,-0.021858,-0.007284,-0.006881,0.010871,0.000670,0.004191
23.25,0.061125,0.084871,0.087733,0.100813,0.093862,0.090760
23.30,-0.057454,-0.064299,-0.074209,-0.054552,-0.086065,-0.089287
23.35,-0.028738,-0.059130,-0.053815,-0.046586,-0.044734,-0.058267
23.40,0.076699,0.058435,0.084316,0.095088,0.102335,0.137396
23.45,-0.018919,-0.032692,-0.032192,-0.035808,-0.041398,-0.030662
23.50,-0.035680,-0.035374,-0.041143,-0.032320,-0.025378,-0.040312
23.55,-0.000365,0.021994,0.044814,0.074793,0.071954,0.058066
23.60,0.043450,0.040677,0.092537,0.084345,0.069119,0.095465
23.65,-0.011843,-0.028097,0.004675,-0.010635,-0.006943,-0.011272
23.70,-0.013317,0.019049,0.035710,0.037402,0.017299,0.010676
23.75,-0.053059,-0.021886,-0.011423,-0.043091,-0.063925,-0.043393
23.80,0.123048,0.089375,0.081453,0.070215,0.072868,0.057184
23.85,-0.082086,-0.109802,-0.118780,-0.136811,-0.132441,-0.135479
23.90,-0.008098,0.016345,0.017853,0.012291,0.018615,0.023697
23.95,0.025998,0.041598,0.031706,0.038049,0.044026,0.035364
24.00,-0.005470,-0.015703,-0.047657,-0.023574,-0.016225,-0.021229
24.05,0.049157,0.040225,0.052761,0.051641,0.056169,0.057155
24.10,-0.113327,-0.127806,-0.106610,-0.103344,-0.107748,-0.098451
24.15,0.079492,0.071766,0.061115,0.031727,0.015499,0.019024
24.20,0.017755,0.028930,0.027693,0.048510,0.005266,0.004438
24.25,-0.038977,-0.042021,-0.066417,-0.061311,-0.068040,-0.061422
24.30,-0.018619,-0.024428,-0.047380,-0.070235,-0.043745,-0.043444
24.35,0.031971,0.059880,0.027341,0.044379,0.035593,0.056673
24.40,0.012453,0.034415,-0.004805,0.017550,0.001535,0.008205
24.45,-0.003895,-0.009502,-0.014136,-0.007777,-0.004414,-0.007993
24.50,-0.064668,-0.057458,-0.075636,-0.093000,-0.087673,-0.092164
24.55,0.065628,0.059079,0.048021,0.042825,0.051041,0.060816
24.60,0.029753,-0.022605,-0.040525,-0.025506,-0.017854,-0.013234
24.65,-0.090115,-0.113913,-0.110430,-0.123990,-0.114500,-0.121901
24.70,0.053506,0.084790,0.116938,0.109998,0.114721,0.094669
24.75,-0.022964,-0.012531,-0.036696,-0.048403,-0.061048,-0.063828
24.80,0.057724,0.046168,0.045511,0.062070,0.032343,0.044891
24.85,-0.060746,-0.040525,-0.022093,-0.022842,-0.030146,-0.041539
24.90,-0.024849,0.006365,0.014659,-0.000060,0.000519,0.001585
24.95,0.087216,0.097300,0.132396,0.131498,0.126899,0.137318
25.00,-0.037328,-0.048180,-0.033188,0.004041,-0.008280,-0.011185
25.05,-0.032194,-0.067806,-0.065245,-0.051979,-0.070335,-0.076774
25.10,0.017064,-0.006911,-0.008565,-0.030217,-0.018934,-0.003731
25.15,0.017735,0.039596,0.065135,0.071711,0.062807,0.067592
25.20,0.020395,0.031208,0.068021,0.051907,0.058666,0.079970
25.25,-0.063703,-0.089145,-0.091523,-0.097967,-0.116046,-0.112660
25.30,0.010350,0.015117,0.031968,0.016051,0.026072,0.007768
25.35,0.073279,0.101374,0.134558,0.165270,0.178304,0.178744
25.40,-0.061457,-0.069088,-0.041105,-0.068566,-0.065752,-0.081109
25.45,-0.008105,-0.016782,0.000385,0.014186,0.014140,0.021123
25.50,0.011105,0.028720,0.017194,0.014125,0.024324,0.015497
25.55,0.034188,0.030388,0.011385,0.046861,0.065244,0.048762
25.60,-0.014721,-0.027007,-0.043882,-0.035274,-0.036109,-0.031866
25.65,-0.049661,-0.029033,-0.057952,-0.076092,-0.089137,-0.084506
25.70,0.035373,0.047071,0.016746,0.024251,0.042697,0.034670
25.75,0.050047,0.025766,0.031203,0.001244,0.012114,0.011326
25.80,-0.071670,-0.095814,-0.098901,-0.102490,-0.106281,-0.133965
25.85,0.007790,-0.005419,-0.027159,-0.042902,-0.056734,-0.067847
25.90,0.019804,0.022494,0.020884,0.027119,0.010960,0.002087
25.95,0.021896,0.048618,0.042782,0.031862,0.045560,0.068530
26.00,-0.021359,-0.013153,-0.029431,-0.024294,-0.033001,-0.033219
26.05,-0.055042,-0.067480,-0.105126,-0.090258,-0.081590,-0.067848
26.10,0.088001,0.118826,0.090250,0.087910,0.087052,0.084869
26.15,-0.024387,0.015785,-0.011776,0.006561,0.025821,0.002983
26.20,-0.020987,-0.052551,-0.075597,-0.095550,-0.081812,-0.078009
26.25,-0.025063,-0.076392,-0.043151,-0.045212,-0.022625,-0.027469
26.30,0.064080,0.060071,0.060067,0.046711,0.039032,0.038276
26.35,-0.016216,-0.015015,-0.026598,0.005428,0.012393,0.015750
26.40,-0.030448,-0.039195,-0.019410,-0.008375,-0.013519,-0.001839
26.45,-0.008007,0.006575,0.023374,0.038039,0.049032,0.052635
26.50,0.046545,0.063818,0.099146,0.110160,0.123809,0.098630
26.55,0.011002,0.017865,0.015801,-0.016880,-0.020885,-0.024562
26.60,-0.086991,-0.069041,-0.069728,-0.057538,-0.040385,-0.043304
26.65,0.067953,0.073337,0.103325,0.104385,0.092917,0.101137
26.70,-0.009048,-0.029159,-0.004594,0.012797,0.019736,0.012488
26.75,0.023890,0.013586,0.040169,-0.007256,0.005231,-0.014349
26.80,-0.070646,-0.078036,-0.084091,-0.080939,-0.092171,-0.100857
26.85,0.037667,0.023981,0.039339,0.003086,0.009347,0.004372
26.90,0.036486,0.054517,0.069652,0.080232,0.067907,0.044879
26.95,-0.028698,-0.008107,-0.020253,-0.031658,-0.055900,-0.043301
27.00,-0.037668,-0.069099,-0.039503,-0.026505,-0.011001,-0.009525
27.05,0.032030,0.011200,0.027642,0.043759,0.052820,0.056942
27.10,0.044725,0.080952,0.078705,0.100633,0.102102,0.100581
27.15,-0.067439,-0.050850,-0.043670,-0.017521,-0.043723,-0.047999
27.20,0.021995,-0.001887,-0.003712,-0.023507,-0.013412,-0.036518
27.25,-0.023835,-0.021814,-0.038931,-0.026738,-0.022431,-0.015208
27.30,0.087916,0.113036,0.084650,0.055720,0.034577,0.042012
27.35,-0.090098,-0.080387,-0.101667,-0.095612,-0.101761,-0.095009
27.40,-0.001539,-0.007236,-0.044960,-0.069927,-0.067759,-0.084723
27.45,0.059484,0.031156,-0.003355,0.009822,0.028195,0.017514
27.50,-0.022792,-0.057232,-0.055486,-0.018358,0.005698,0.018416
27.55,-0.003990,0.000573,0.017171,0.002854,0.012541,0.012393
27.60,-0.041578,-0.024382,-0.024476,-0.029297,-0.045717,-0.069066
27.65,0.062206,0.056489,0.038015,0.025405,0.015230,0.015474
27.70,0.004987,0.020945,0.009015,0.011153,0.006214,-0.007274
27.75,-0.054124,-0.016553,-0.021433,-0.024665,-0.030102,-0.026972
27.80,-0.002669,-0.002003,-0.000237,-0.003730,-0.002751,-0.004624
27.85,0.073154,0.062150,0.027463,0.027033,0.029285,0.024494
27.90,-0.051315,-0.043033,-0.074466,-0.089513,-0.078483,-0.091168
27.95,0.001856,-0.023592,0.002010,0.006316,0.015156,0.034522
28.00,-0.022453,-0.070604,-0.058603,-0.052289,-0.042940,-0.035683
28.05,0.051832,0.056055,0.077570,0.069566,0.056699,0.061011
28.10,0.009623,0.042216,0.067690,0.067867,0.050180,0.075378
28.15,-0.095836,-0.090664,-0.081616,-0.047020,-0.077538,-0.068382
28.20,0.079601,0.077445,0.092128,0.073572,0.054689,0.042707
28.25,0.002203,0.008437,0.016179,0.033855,0.035867,0.025094
28.30,-0.020532,-0.011963,0.016988,-0.008122,-0.007251,-0.001326
28.35,-0.014034,0.002123,-0.002222,0.003237,-0.002864,-0.015074
28.40,-0.008048,-0.015084,-0.018798,-0.025293,-0.042374,-0.037763
28.45,0.068282,0.030389,0.061964,0.070853,0.061145,0.045007
28.50,-0.044511,-0.043419,-0.052606,-0.041647,-0.029863,-0.016597
28.55,-0.054415,-0.016700,-0.008539,0.007722,0.008520,0.022587
28.60,0.088430,0.080153,0.087941,0.106561,0.093988,0.124874
28.65,-0.028782,-0.061694,-0.068401,-0.082012,-0.104818,-0.096487
28.70,-0.004198,0.000507,0.003115,0.015473,0.012038,0.006667
28.75,-0.028281,-0.023201,-0.041014,-0.046976,-0.012358,-0.005152
28.80,0.021130,0.008970,0.022111,0.008383,0.014797,0.004753
28.85,0.056352,0.071752,0.090979,0.051585,0.042898,0.044112
28.90,-0.083082,-0.060195,-0.064901,-0.072431,-0.070065,-0.072167
28.95,0.004982,0.003146,-0.023618,-0.021735,-0.004374,-0.008307
29.00,0.058376,0.064623,0.033396,0.027670,0.023752,-0.005654
29.05,-0.022856,-0.010214,-0.004296,-0.028028,-0.024862,-0.006053
29.10,-0.021871,-0.036097,-0.056712,-0.025771,-0.013297,-0.007359
29.15,-0.004164,-0.029006,-0.065790,-0.051011,-0.050697,-0.034569
29.20,0.019182,-0.005509,-0.009997,-0.021748,-0.035941,-0.052432
29.25,0.053188,0.031575,0.034381,0.035742,0.041224,0.042326
29.30,-0.118767,-0.096344,-0.082718,-0.058491,-0.050293,-0.056492
29.35,0.070933,0.116159,0.143918,0.152690,0.152662,0.184271
29.40,0.017441,0.013766,0.020760,-0.010830,-0.023797,-0.027267
29.45,-0.026336,-0.039579,-0.064601,-0.065013,-0.079993,-0.081587
29.50,-0.001955,0.033996,0.027894,0.064117,0.059280,0.062306
29.55,-0.036337,-0.020509,-0.019855,-0.016769,-0.002763,-0.016956
29.60,0.094944,0.051287,0.038059,0.043011,0.051331,0.066893
29.65,-0.060938,-0.092020,-0.102443,-0.128013,-0.119992,-0.129841
29.70,-0.023663,-0.021545,-0.021750,-0.032083,-0.007710,0.000170
29.75,0.025376,0.027992,0.053687,0.068351,0.073091,0.078049
29.80,0.043715,0.054363,0.069779,0.068501,0.051915,0.046721
29.85,-0.055395,-0.044823,-0.027624,-0.040739,-0.049892,-0.071653
29.90,0.002828,-0.004424,0.010187,0.027406,0.002903,0.011109
29.95,-0.000739,0.004324,0.004339,-0.021299,-0.015044,-0.002410
30.00,0.054758,0.069952,0.075716,0.079182,0.097426,0.107180
30.05,-0.042573,-0.051230,-0.081450,-0.079403,-0.077240,-0.073210
30.10,-0.053181,-0.057009,-0.050144,-0.035664,-0.026712,-0.008117
30.15,0.100486,0.114604,0.141970,0.165540,0.166357,0.168404
30.20,-0.051092,-0.062148,-0.085321,-0.096509,-0.079195,-0.076635
30.25,0.018449,0.007157,0.003997,0.025312,0.032314,0.018597
30.30,-0.058913,-0.034906,-0.034515,-0.055426,-0.050972,-0.058144
30.35,0.070473,0.064477,0.073986,0.071231,0.057132,0.026584
30.40,0.003065,-0.047385,-0.042291,-0.051749,-0.057251,-0.061665
30.45,-0.053668,-0.060277,-0.068579,-0.085617,-0.094632,-0.086779
30.50,0.005467,0.044092,0.050334,0.031932,0.034851,0.038111
30.55,0.042043,0.057409,0.041839,0.048221,0.056649,0.040289
30.60,0.004294,0.004667,0.029137,0.047312,0.065244,0.058254
30.65,-0.063120,-0.053041,-0.028147,-0.007890,-0.012941,-0.022901
30.70,0.036379,0.044405,0.016742,-0.009206,0.008990,0.033309
30.75,0.007376,0.014919,0.000696,0.000909,0.023481,0.045416
30.80,0.030790,0.018800,0.004287,-0.012004,-0.015414,-0.009603
30.85,-0.085311,-0.134546,-0.132884,-0.131804,-0.141398,-0.149192
30.90,0.044993,0.019767,0.022814,0.035716,0.051505,0.057498
30.95,0.035765,0.063034,0.050281,0.067918,0.049215,0.042286
31.00,-0.032383,-0.018482,-0.008437,-0.016980,-0.024148,-0.042415
31.05,-0.024393,-0.026586,-0.002628,-0.020613,0.002201,-0.004905
31.10,0.013679,0.042363,0.059437,0.069718,0.064695,0.057118
31.15,0.046098,0.064231,0.057810,0.058930,0.058658,0.073242
31.20,-0.036744,-0.056065,-0.059114,-0.059059,-0.060290,-0.085130
31.25,-0.028792,-0.030494,-0.039252,-0.012554,-0.006529,0.005866
31.30,0.024543,0.031544,-0.006121,-0.016107,-0.047078,-0.044764
31.35,0.051745,0.022456,-0.001636,0.017539,0.004190,0.014665
31.40,-0.069232,-0.091275,-0.083537,-0.066841,-0.098830,-0.110532
31.45,0.002410,0.020095,0.026381,0.008329,0.002885,0.008614
31.50,0.027676,0.044325,0.038131,0.052730,0.054071,0.034185
31.55,0.017187,0.018571,0.036012,0.020550,0.016204,0.018628
31.60,-0.026664,-0.034617,-0.031333,-0.010684,-0.022808,0.000638
31.65,-0.038743,-0.056036,-0.059433,-0.073409,-0.075567,-0.081779
31.70,0.062632,0.073621,0.091138,0.087024,0.105414,0.111799
31.75,0.011883,0.048004,0.028367,0.035570,0.048267,0.035986
31.80,-0.069931,-0.077494,-0.099909,-0.129203,-0.123152,-0.136186
31.85,0.029252,0.000742,-0.010160,-0.029749,-0.014110,-0.028507
31.90,0.018871,0.041699,0.055074,0.034358,0.048620,0.049016
31.95,0.008881,0.032375,0.061147,0.046433,0.053361,0.051529
32.00,-0.031301,-0.064098,-0.074551,-0.057466,-0.077029,-0.094806
32.05,-0.033303,-0.063919,-0.061327,-0.074944,-0.081176,-0.079564
32.10,0.096757,0.095428,0.103069,0.108680,0.122076,0.119469
32.15,-0.053394,-0.058262,-0.031997,-0.033598,-0.053511,-0.087673
32.20,-0.025601,-0.015404,0.007476,0.022107,0.019611,0.024589
32.25,0.020039,0.052672,0.030137,0.041863,0.042578,0.034128
32.30,0.027438,0.041506,0.067029,0.077349,0.084464,0.077826
32.35,-0.007935,-0.005785,0.012794,0.008041,-0.014194,-0.035659
32.40,-0.039081,-0.031853,-0.038042,-0.002826,-0.006228,-0.007337
32.45,0.002991,-0.009647,0.004389,0.000628,0.016064,-0.010190
32.50,0.075517,0.054571,0.046043,0.054368,0.052736,0.057185
32.55,-0.062997,-0.073480,-0.086153,-0.087749,-0.092905,-0.095540
32.60,-0.028640,-0.055184,-0.074779,-0.080189,-0.105952,-0.133485
32.65,0.066472,0.052876,0.055128,0.059619,0.052846,0.050468
32.70,-0.035539,0.010483,0.020995,0.019776,0.015665,0.008528
32.75,0.046120,0.081808,0.074772,0.084632,0.090165,0.099026
32.80,-0.104740,-0.130450,-0.112792,-0.161665,-0.156388,-0.163215
32.85,0.090472,0.081065,0.074912,0.098746,0.084065,0.107821
32.90,0.013455,0.043099,0.019552,0.025574,0.020697,0.018215
32.95,-0.071217,-0.071346,-0.081685,-0.076764,-0.066761,-0.069160
33.00,0.028088,0.002164,-0.019245,-0.029785,-0.039149,-0.029537
33.05,0.004554,-0.005370,-0.036601,-0.020059,-0.024253,-0.026879
33.10,0.034690,0.033771,-0.002546,-0.007944,0.006564,-0.012446
33.15,-0.049901,-0.040709,-0.060859,-0.083300,-0.088988,-0.098390
33.20,-0.012985,-0.000053,0.014893,0.005222,0.021405,0.001611
33.25,0.045659,0.028418,0.060982,0.068808,0.089494,0.085219
33.30,0.027639,0.007477,0.002812,0.010083,0.025484,0.021502
33.35,-0.102673,-0.086989,-0.099651,-0.125030,-0.115066,-0.104548
33.40,0.075397,0.086331,0.105418,0.101679,0.105295,0.125317
33.45,-0.017621,-0.020695,-0.011526,-0.014686,-0.020893,-0.018721
33.50,0.026697,0.051360,0.044627,0.060959,0.045301,0.054648
33.55,-0.040307,-0.024518,-0.037083,-0.049756,-0.048134,-0.050111
33.60,-0.032866,-0.059325,-0.048866,-0.059208,-0.031073,-0.038518
33.65,0.118648,0.111084,0.121590,0.152635,0.126606,0.136976
33.70,-0.095726,-0.082433,-0.064052,-0.081307,-0.082351,-0.098574
33.75,0.012844,-0.018077,0.030388,0.057242,0.050515,0.037708
33.80,0.000329,-0.039885,-0.037702,-0.054637,-0.076958,-0.037526
33.85,0.037511,0.051185,0.062361,0.081827,0.072087,0.069732
33.90,-0.014930,0.021445,0.048640,0.030057,0.015859,0.026870
33.95,-0.046140,-0.021974,-0.018458,-0.041401,-0.018974,-0.010886
34.00,0.027346,0.038421,0.057762,0.093727,0.101826,0.110535
34.05,0.054663,0.044918,0.044313,0.076213,0.082268,0.067438
34.10,-0.063899,-0.068871,-0.059753,-0.052750,-0.023148,-0.017707
34.15,-0.013442,0.000303,0.000050,-0.030223,-0.004136,-0.009681
34.20,0.049715,0.027706,0.005297,0.011195,0.011998,0.006379
34.25,-0.011838,-0.061148,-0.062749,-0.071096,-0.065520,-0.077695
34.30,0.009698,0.013509,-0.004211,-0.001780,-0.010370,-0.001101
34.35,-0.072477,-0.038574,-0.046811,-0.044643,-0.055352,-0.054485
34.40,0.082812,0.082589,0.050573,0.082271,0.072351,0.080284
34.45,0.001975,0.003557,-0.024528,-0.042948,-0.030782,-0.039224
34.50,-0.059168,-0.038889,-0.005928,0.023684,0.008423,-0.000345
34.55,0.016662,0.008579,0.003950,-0.014510,-0.025923,-0.011434
34.60,0.024628,0.010631,-0.019864,-0.029567,-0.012033,-0.011427
34.65,0.013090,0.029459,0.006776,0.005377,0.012750,0.006425
34.70,-0.041847,-0.036637,-0.061353,-0.086887,-0.092234,-0.093515
34.75,-0.014884,-0.031724,-0.053120,-0.066136,-0.067651,-0.043304
34.80,0.065468,0.062446,0.039337,0.004663,-0.021322,-0.015890
34.85,-0.015570,-0.013282,-0.026041,-0.018302,-0.032281,-0.012647
34.90,-0.053334,-0.054620,-0.070613,-0.073186,-0.072860,-0.086510
34.95,0.030376,0.031558,0.043491,0.018799,0.022863,-0.006530
35.00,0.025213,0.002853,0.046548,0.041001,0.042343,0.066462
35.05,-0.002672,-0.025297,0.000920,-0.001429,0.014756,0.005947
35.10,-0.050748,-0.012520,-0.005870,0.037616,0.061566,0.065950
35.15,0.024445,0.071633,0.078918,0.104073,0.104519,0.099288
35.20,0.038808,0.023508,0.035263,0.037101,0.039143,0.054916
35.25,-0.017814,-0.034559,-0.028423,-0.026480,-0.026203,-0.017260
35.30,-0.058447,-0.036949,-0.024868,-0.018349,-0.021543,-0.026904
35.35,0.059723,0.054231,0.058788,0.063620,0.069110,0.088457
35.40,0.008315,-0.029405,-0.004956,0.003869,0.004988,0.012312
35.45,-0.021518,-0.040967,-0.003241,0.002274,-0.000811,0.001455
35.50,-0.027312,-0.033487,-0.031007,-0.005126,0.006624,0.017467
35.55,0.020050,0.026447,0.056441,0.066763,0.048541,0.037113
35.60,0.054872,0.087914,0.117679,0.101679,0.099925,0.100042
35.65,-0.072483,-0.049476,-0.055341,-0.045882,-0.031813,-0.024505
35.70,0.003883,0.003477,-0.011555,-0.018144,-0.011514,0.004300
35.75,0.026108,0.031640,0.022001,0.009006,-0.006387,-0.031224
35.80,0.032824,0.026299,0.045390,0.014420,-0.000458,-0.021824
35.85,-0.068523,-0.093440,-0.112014,-0.098078,-0.108495,-0.126655
35.90,0.020172,0.020174,-0.000666,-0.029253,-0.016868,-0.016539
35.95,0.011466,0.013343,-0.000537,0.009856,-0.005544,-0.033316
36.00,0.036523,0.005728,-0.039814,-0.047217,-0.064279,-0.086938
36.05,-0.061368,-0.060309,-0.060741,-0.053841,-0.084991,-0.106664
36.10,-0.014932,0.032311,0.019728,0.013802,0.018117,0.010505
36.15,0.093178,0.097891,0.065363,0.070835,0.093669,0.117854
36.20,-0.071387,-0.106612,-0.122359,-0.136949,-0.139066,-0.160971
36.25,0.022094,0.022434,0.009334,-0.003767,-0.002928,-0.007691
36.30,-0.044778,-0.021672,-0.002294,-0.006869,-0.000964,-0.008047
36.35,0.077013,0.085402,0.078602,0.063148,0.070849,0.072797
36.40,-0.021468,-0.020446,-0.048897,-0.055143,-0.053070,-0.065284
36.45,-0.055037,-0.065400,-0.088949,-0.084205,-0.066676,-0.056134
36.50,0.033284,0.023117,0.008894,0.045189,0.035635,0.045800
36.55,0.039852,0.052693,0.062824,0.051561,0.049744,0.043624
36.60,-0.035457,-0.040916,-0.053676,-0.035168,-0.045878,-0.060992
36.65,-0.027001,-0.066441,-0.053113,-0.032985,-0.031571,-0.014352
36.70,0.030881,0.024696,0.070987,0.085691,0.098217,0.081853
36.75,0.009349,0.037725,0.058361,0.061576,0.074813,0.074785
36.80,0.021420,0.029724,0.054252,0.041270,0.043667,0.052351
36.85,-0.107690,-0.092634,-0.054656,-0.052020,-0.056751,-0.043804
36.90,0.113756,0.148739,0.165305,0.174392,0.188666,0.196738
36.95,-0.025017,-0.032701,-0.043086,-0.062005,-0.040294,-0.054685
37.00,-0.027670,-0.063518,-0.062977,-0.062904,-0.108241,-0.114304
37.05,0.004179,0.002022,0.007438,0.008456,-0.019272,-0.026448
37.10,-0.010268,-0.011542,0.000514,-0.003895,-0.003503,-0.007357
37.15,0.076453,0.045875,0.072146,0.104207,0.102168,0.070786
37.20,-0.087389,-0.100656,-0.085454,-0.076441,-0.069376,-0.066303
37.25,0.000730,0.019182,0.024748,0.012668,0.014791,0.019004
37.30,0.058371,0.087828,0.085423,0.083688,0.092653,0.123200
37.35,-0.012489,0.017653,0.033790,-0.010204,-0.032202,-0.054522
37.40,-0.039285,-0.042684,-0.043546,-0.029740,-0.025536,-0.013974
37.45,0.013864,-0.018579,-0.049334,-0.058966,-0.042708,-0.030713
37.50,0.007769,0.012987,-0.011543,0.002530,0.003930,-0.001262
37.55,0.048048,0.071789,0.041542,0.039042,0.023780,0.031494
37.60,-0.089393,-0.116459,-0.103492,-0.094415,-0.101768,-0.110182
37.65,0.021817,-0.008074,-0.016469,-0.024078,-0.011693,0.000375
37.70,0.069625,0.091137,0.038620,0.001884,-0.004503,-0.006794
37.75,-0.064325,-0.049866,-0.058759,-0.065686,-0.064848,-0.064598
37.80,0.011993,-0.001562,-0.012825,-0.004548,0.003564,-0.004831
37.85,-0.022114,-0.019823,-0.029409,-0.052826,-0.042913,-0.059861
37.90,0.053454,0.055442,0.044803,0.007036,0.004250,0.007457
37.95,-0.002702,-0.014678,-0.016832,0.014614,0.025043,0.025008
38.00,-0.079997,-0.067038,-0.055045,-0.038948,-0.044607,-0.058149
38.05,0.064833,0.090281,0.073894,0.082106,0.074320,0.097897
38.10,0.024304,0.027272,0.045216,0.047670,0.056630,0.004812
38.15,-0.052140,-0.055781,-0.052356,-0.033192,-0.034608,-0.010313
38.20,0.011779,0.000884,-0.021759,0.009111,0.002887,-0.014011
38.25,-0.016920,-0.040938,-0.033829,-0.001243,0.000732,0.004786
38.30,0.070855,0.069248,0.060879,0.065309,0.074759,0.096449
38.35,-0.055456,-0.051749,-0.039795,-0.021940,-0.022497,-0.035434
38.40,-0.037448,-0.068773,-0.037605,-0.064459,-0.058577,-0.050328
38.45,0.073542,0.070269,0.102949,0.080736,0.110300,0.106382
38.50,-0.012182,0.049710,0.084437,0.089011,0.081632,0.071688
38.55,-0.026258,0.008019,0.017212,0.022037,-0.000521,-0.002128
38.60,-0.015033,-0.039610,-0.032821,-0.018375,-0.000346,0.018217
38.65,0.034639,0.023228,0.031763,0.038493,0.036624,0.059690
38.70,0.019896,0.023409,0.031566,0.006054,0.022853,0.013092
38.75,-0.042046,-0.059702,-0.078671,-0.076555,-0.100614,-0.117258
38.80,-0.033467,-0.051977,-0.086154,-0.107629,-0.115064,-0.107843
38.85,0.097685,0.086130,0.099355,0.083647,0.073180,0.069574
38.90,-0.057404,-0.064111,-0.029905,-0.044230,-0.046280,-0.040614
38.95,-0.002911,0.020792,0.023917,0.008757,0.022108,0.030266
39.00,-0.013627,0.016190,0.006000,-0.002636,0.000870,0.018451
39.05,0.038189,0.034143,0.042109,0.039019,0.032658,0.017232
39.10,0.021210,0.017601,0.004944,0.012132,0.004320,0.011246
39.15,-0.091513,-0.083359,-0.097452,-0.088029,-0.092416,-0.098506
39.20,0.062391,0.045105,0.041444,0.027426,0.016813,0.036828
39.25,0.007354,-0.001770,-0.035411,-0.032440,-0.034791,-0.050315
39.30,0.005221,0.031315,0.014687,0.024685,0.028230,0.042161
39.35,-0.064694,-0.069343,-0.075640,-0.089832,-0.079744,-0.088448
39.40,0.051614,0.015591,0.016711,0.043281,0.040391,0.033684
39.45,0.010471,0.018210,0.017983,0.032066,0.039370,0.050279
39.50,-0.004032,0.021141,0.002697,-0.023877,-0.015809,-0.017201
39.55,-0.053080,-0.070253,-0.064237,-0.043501,-0.031192,-0.002623
39.60,0.035574,0.013970,0.004804,0.041856,0.044780,0.060650
39.65,0.052939,0.062662,0.066645,0.080775,0.106294,0.097657
39.70,-0.080454,-0.055784,-0.042432,-0.019063,-0.009466,-0.017399
39.75,0.025699,0.055592,0.054500,0.025573,0.030472,0.025588
39.80,-0.009362,-0.002838,0.025634,0.063872,0.062383,0.056205
39.85,0.062683,0.031251,0.011615,-0.009620,-0.003182,0.018888
39.90,-0.071543,-0.085123,-0.103453,-0.120623,-0.130393,-0.153013
39.95,-0.000437,0.010653,0.035616,0.019547,0.010694,0.013375
40.00,0.035109,0.009278,0.005612,0.000412,-0.013266,-0.025967
40.05,0.021489,-0.011646,-0.023863,-0.029690,-0.045184,-0.032242
40.10,-0.055719,-0.035689,-0.045074,-0.055261,-0.064186,-0.057059
40.15,-0.005116,0.022586,0.053764,0.037904,0.038760,0.035591
40.20,0.061659,0.068818,0.103050,0.118566,0.109126,0.121266
40.25,-0.031787,-0.005341,0.002746,0.021104,-0.003427,-0.015717
40.30,0.000875,0.018363,0.033970,0.023946,0.038757,0.032914
40.35,-0.050916,-0.081173,-0.101525,-0.104609,-0.096593,-0.095276
40.40,0.095508,0.069917,0.055510,0.043555,0.026364,0.018831
40.45,-0.037547,-0.034166,-0.029985,-0.020794,-0.006564,-0.001344
40.50,-0.044502,-0.049691,-0.067152,-0.097137,-0.098236,-0.081214
40.55,0.033795,0.023989,0.007968,-0.002941,-0.027253,-0.024392
40.60,0.018543,0.017650,0.014559,0.029512,0.034460,0.001881
40.65,-0.000781,0.001066,0.018068,0.031120,0.046019,0.051064
40.70,-0.046193,-0.021978,0.003787,-0.007477,0.001287,0.007660
40.75,0.013410,0.039369,0.053427,0.053830,0.050605,0.037551
40.80,0.056944,0.030146,0.020049,0.012908,0.026518,0.033555
40.85,-0.038080,-0.067695,-0.071891,-0.087903,-0.083927,-0.091993
40.90,-0.047925,-0.015616,-0.014571,0.006683,0.004523,0.022380
40.95,0.067021,0.093148,0.070989,0.065375,0.056305,0.049094
41.00,-0.012807,-0.038555,-0.048465,-0.038110,-0.057582,-0.046039
41.05,0.003158,-0.009329,-0.000937,0.033740,0.014151,0.007593
41.10,-0.048072,-0.038360,-0.031092,-0.044787,-0.033146,-0.033959
41.15,0.032189,0.020263,0.001800,0.036216,0.042524,0.036945
41.20,0.054975,0.042297,0.044800,0.050931,0.074980,0.083367
41.25,-0.081027,-0.080276,-0.048631,-0.036886,-0.030516,-0.036245
41.30,0.005269,-0.000896,-0.015449,-0.024794,-0.019231,-0.014646
41.35,0.049205,0.059310,0.054774,0.062930,0.070944,0.075273
41.40,-0.019090,0.014023,0.009917,0.029135,0.016014,0.021388
41.45,0.001753,0.017243,0.007230,0.008573,-0.009501,-0.008839
41.50,-0.051429,-0.049887,-0.027813,-0.073566,-0.083298,-0.090845
41.55,0.064707,0.061367,0.056789,0.049467,0.040288,0.045745
41.60,0.022674,-0.012382,-0.023151,-0.042348,-0.069670,-0.071463
41.65,-0.099516,-0.129991,-0.156563,-0.170685,-0.179346,-0.129104
41.70,0.067258,0.084092,0.067350,0.084676,0.094176,0.082674
41.75,-0.007437,-0.004441,0.009660,0.005271,0.005097,0.001180
41.80,0.020944,-0.008108,-0.020764,-0.012367,-0.002270,-0.009433
41.85,-0.045366,-0.025084,-0.024278,-0.059731,-0.047452,-0.045498
41.90,-0.008822,0.048161,0.042971,0.029802,0.026907,0.000706
41.95,0.069156,0.077608,0.095797,0.096281,0.114759,0.102002
42.00,-0.025711,-0.050835,-0.007541,-0.018520,-0.028468,-0.032978
42.05,-0.059912,-0.072365,-0.091090,-0.091884,-0.096910,-0.079424
42.10,0.056367,0.048724,0.036829,0.058545,0.071669,0.087135
42.15,0.009801,0.009427,0.010993,-0.013739,-0.003140,0.006335
42.20,-0.020188,-0.017985,-0.033938,-0.014846,-0.021147,-0.024504
42.25,-0.008470,-0.026331,-0.035895,-0.025067,-0.018289,-0.041998
42.30,-0.033021,-0.037720,-0.028695,-0.019059,-0.009011,-0.020082
42.35,0.119137,0.146321,0.176368,0.184188,0.176454,0.161397
42.40,-0.116069,-0.112945,-0.101331,-0.106017,-0.115400,-0.112923
42.45,0.021657,0.002674,0.021381,0.042010,0.032993,0.034077
42.50,0.028354,0.039031,0.068800,0.108740,0.111792,0.117335
42.55,-0.000704,0.008585,0.017612,0.038984,0.034714,0.035419
42.60,0.005289,-0.007744,-0.005790,-0.023505,-0.012924,-0.012076
42.65,-0.069205,-0.050535,-0.060104,-0.066692,-0.071622,-0.090482
42.70,0.078378,0.106770,0.085123,0.100959,0.095742,0.100365
42.75,0.000855,-0.025797,-0.035966,-0.045011,-0.033257,-0.023961
42.80,-0.042512,-0.079431,-0.064593,-0.066833,-0.064524,-0.050225
42.85,-0.018042,-0.015256,-0.011407,-0.021626,0.012080,0.011903
42.90,0.071477,0.075248,0.072186,0.069629,0.085884,0.101780
42.95,-0.038350,-0.047797,-0.058032,-0.094240,-0.095863,-0.096156
43.00,0.006299,0.006284,-0.011110,-0.028534,-0.025047,-0.014337
43.05,-0.048295,-0.038344,-0.018466,-0.016047,-0.011168,0.002417
43.10,0.073215,0.105596,0.096973,0.091353,0.085251,0.085123
43.15,0.003321,0.043138,0.003646,-0.006119,-0.016459,-0.007698
43.20,-0.089415,-0.105345,-0.123699,-0.116098,-0.133756,-0.107646
43.25,0.073160,0.025122,0.025971,0.007854,0.012099,-0.016575
43.30,-0.017500,-0.020454,-0.014816,-0.002653,0.005001,-0.000108
43.35,0.032991,0.039932,0.004611,0.013323,0.008430,0.009765
43.40,-0.071666,-0.101009,-0.112112,-0.108297,-0.116513,-0.098243
43.45,0.028922,0.021799,0.016232,0.035229,0.052159,0.040524
43.50,0.044778,0.073880,0.045903,-0.002191,0.000716,-0.026231
43.55,-0.028634,-0.017395,0.003844,0.055729,0.048241,0.047675
43.60,-0.042918,-0.035484,-0.028342,-0.046705,-0.056430,-0.066334
43.65,0.039529,0.060913,0.072145,0.074026,0.086871,0.093277
43.70,0.028739,0.021821,0.047042,0.046339,0.059385,0.071494
43.75,-0.038290,-0.064334,-0.056526,-0.059452,-0.087502,-0.078985
43.80,-0.012995,-0.016214,0.006168,0.013172,0.032104,0.044451
43.85,0.006928,0.011598,0.011399,0.014584,0.012336,-0.004504
43.90,0.062802,0.065397,0.069250,0.067023,0.061544,0.069581
43.95,-0.070581,-0.065647,-0.065113,-0.057927,-0.087893,-0.041422
44.00,-0.006839,-0.025045,-0.031087,-0.018410,-0.001574,-0.023857
44.05,0.042393,0.024727,0.049445,0.054433,0.080949,0.081462
44.10,0.010247,0.037950,0.061769,0.078741,0.078927,0.060488
44.15,-0.038057,-0.022374,0.024615,0.040541,0.034818,0.031126
44.20,-0.013625,-0.048164,-0.022820,-0.010034,-0.025927,-0.027090
44.25,0.039909,0.038709,0.020548,-0.011203,-0.028163,-0.052437
44.30,0.018820,0.068658,0.080256,0.075747,0.102810,0.126627
44.35,-0.056621,-0.041149,-0.025306,-0.022060,-0.007260,0.013073
44.40,-0.002351,-0.024753,-0.049838,-0.073637,-0.093206,-0.131862
44.45,0.059097,0.045173,0.002953,-0.004267,-0.019481,-0.018616
44.50,-0.020082,-0.036943,-0.050894,-0.050416,-0.043388,-0.034215
44.55,-0.033820,-0.051066,-0.053780,-0.030348,-0.024752,-0.058860
44.60,0.003981,0.005263,0.001821,-0.026229,-0.033890,-0.023471
44.65,0.042053,0.040006,0.037776,0.024482,0.036542,0.064259
44.70,-0.005701,-0.003189,-0.021154,-0.029967,-0.044675,-0.041245
44.75,-0.047451,-0.014275,-0.035983,-0.044095,-0.053875,-0.059333
44.80,0.005968,0.030630,0.012134,0.026553,0.015931,0.001633
44.85,0.075183,0.072716,0.066169,0.037420,0.035374,0.047930
44.90,-0.068989,-0.064786,-0.088584,-0.060385,-0.068455,-0.075266
44.95,0.003279,-0.010723,-0.034104,-0.045475,-0.042658,-0.044310
45.00,0.001826,-0.045732,-0.051078,-0.051294,-0.074914,-0.076267
45.05,0.037408,0.029463,0.012379,-0.007342,0.002634,0.038655
45.10,-0.006671,0.026539,0.037079,0.047322,0.052470,0.060879
45.15,-0.076446,-0.082595,-0.089670,-0.065909,-0.074689,-0.062829
45.20,0.081277,0.059458,0.050244,0.090220,0.084204,0.076745
45.25,-0.002923,0.021616,0.048064,0.015598,-0.009184,0.005292
45.30,-0.025902,0.003940,0.000241,0.009374,0.016538,0.024926
45.35,-0.026272,-0.029964,-0.013072,0.013779,0.025846,0.032052
45.40,0.044930,0.030699,0.071839,0.062241,0.059258,0.047338
45.45,0.004253,-0.009899,0.031934,0.043152,0.036340,0.035670
45.50,-0.010690,-0.008760,0.006427,0.002981,-0.009911,-0.026029
45.55,-0.061691,-0.035422,-0.051242,-0.018802,0.001582,-0.033907
45.60,0.089845,0.088844,0.122749,0.131986,0.137885,0.146417
45.65,-0.009726,-0.043706,-0.032030,-0.024390,-0.027761,-0.029079
45.70,-0.066898,-0.068953,-0.077098,-0.076995,-0.066153,-0.068658
45.75,0.054229,0.067970,0.080958,0.050789,0.042671,0.066287
45.80,-0.035138,-0.054096,-0.058360,-0.090617,-0.062796,-0.080952
45.85,0.083595,0.078628,0.109525,0.088476,0.113435,0.093391
45.90,-0.111309,-0.082757,-0.048822,-0.073118,-0.085135,-0.115471
45.95,0.034269,0.041009,0.050716,0.064250,0.059352,0.050814
46.00,0.054971,0.056030,0.048431,0.038051,0.034789,0.032928
46.05,-0.040586,-0.010388,-0.040041,-0.056064,-0.059350,-0.077324
46.10,-0.017201,-0.013144,-0.030766,-0.031278,-0.028740,-0.025248
46.15,0.004256,-0.037669,-0.062041,-0.058741,-0.064016,-0.072135
46.20,0.037811,0.007800,-0.021155,-0.010570,-0.000243,-0.000352
46.25,-0.006745,-0.011988,-0.046062,-0.027981,-0.024917,-0.025383
46.30,-0.048527,-0.044165,-0.067862,-0.058429,-0.063159,-0.073967
46.35,0.008737,0.024136,0.033736,0.026343,0.018028,0.014361
46.40,0.088680,0.092645,0.087371,0.075866,0.076571,0.081762
46.45,-0.105217,-0.104427,-0.126851,-0.109159,-0.105818,-0.126674
46.50,0.041505,0.080667,0.076297,0.076953,0.072256,0.069042
46.55,-0.018864,0.009058,0.003987,0.023943,0.021735,0.030834
46.60,0.045452,0.003755,-0.034115,-0.050562,-0.034055,-0.038920
46.65,-0.011109,-0.049447,-0.061445,-0.041269,-0.045840,-0.077113
46.70,-0.083584,-0.069015,-0.050752,-0.044438,-0.054182,-0.064175
46.75,0.105549,0.108686,0.104539,0.095580,0.086099,0.091950
46.80,-0.025832,-0.042682,-0.041099,-0.016235,-0.005244,0.009008
46.85,-0.025802,-0.017166,-0.016397,-0.034300,-0.006111,0.003802
46.90,-0.008093,0.001708,0.019574,-0.016179,0.003748,0.000190
46.95,0.025057,0.019988,0.046704,0.064711,0.060520,0.077619
47.00,0.025968,0.036305,0.051238,0.058185,0.054067,0.039720
47.05,-0.041300,-0.032976,-0.010623,0.002975,0.027777,0.009884
47.10,-0.035185,-0.046122,-0.041790,-0.050438,-0.038210,-0.054989
47.15,0.089741,0.091127,0.129330,0.130043,0.122785,0.121319
47.20,-0.035602,-0.026876,0.013256,0.044062,0.038117,0.033803
47.25,-0.033695,-0.033878,-0.025304,-0.059557,-0.053441,-0.057601
47.30,0.018902,0.030292,0.042558,0.057398,0.063264,0.066592
47.35,0.010789,0.006351,-0.022818,-0.045112,-0.032622,-0.012250
47.40,0.033829,-0.013191,-0.009241,-0.024967,-0.022894,-0.010233
47.45,-0.079644,-0.096184,-0.073206,-0.086572,-0.084965,-0.089094
47.50,0.025595,0.063566,0.043262,0.019316,0.031130,-0.003329
47.55,0.058367,0.065860,0.062338,0.071339,0.066027,0.072764
47.60,-0.047377,-0.068098,-0.058712,-0.022300,-0.044781,-0.027124
47.65,-0.018626,0.005973,0.028354,0.024388,0.005007,0.004027
47.70,0.018809,0.059111,0.050228,0.055068,0.062540,0.062884
47.75,0.022946,0.023987,0.001267,0.001047,-0.011600,0.010521
47.80,0.005230,-0.015136,-0.021669,-0.026946,-0.056037,-0.027162
47.85,-0.077091,-0.106182,-0.157299,-0.163526,-0.156830,-0.176977
47.90,0.066546,0.038955,0.000663,0.000243,0.012475,0.015516
47.95,0.017086,0.020874,0.004899,-0.003276,0.001974,-0.004506
48.00,-0.040368,-0.029145,-0.046384,-0.045118,-0.055487,-0.066287
48.05,-0.013804,-0.020307,-0.018092,-0.022888,-0.032797,-0.055637
48.10,0.024310,0.040655,0.037902,0.053333,0.050892,0.067210
48.15,0.035187,0.067270,0.064853,0.073680,0.072273,0.057040
48.20,-0.049549,-0.052220,-0.046832,-0.059333,-0.082067,-0.068285
48.25,-0.012605,-0.019184,-0.011166,0.007564,0.008770,0.000098
48.30,0.031726,0.043202,0.038010,0.078077,0.105117,0.100044
48.35,0.040311,0.017230,0.005111,-0.000648,0.005136,0.006380
48.40,-0.085919,-0.120352,-0.130261,-0.138456,-0.155289,-0.129016
48.45,0.035237,0.055762,0.055469,0.057112,0.066589,0.084496
48.50,0.011048,0.037989,0.068851,0.063568,0.065132,0.066726
48.55,0.023465,0.003472,0.028254,0.026767,0.034564,0.031938
48.60,-0.048583,-0.067092,-0.068548,-0.085912,-0.102075,-0.106999
48.65,-0.014674,-0.006254,-0.011243,0.016134,0.014285,0.025587
48.70,0.075540,0.086528,0.122928,0.122552,0.102728,0.122116
48.75,-0.038039,-0.027706,0.007606,0.003042,-0.011359,-0.006703
48.80,-0.018941,-0.021599,-0.035118,-0.046785,-0.036354,-0.041392
48.85,-0.013855,-0.026749,-0.008906,-0.038226,-0.061289,-0.067003
48.90,0.076330,0.099108,0.115316,0.084543,0.079471,0.077283
48.95,-0.056515,-0.024217,-0.019587,-0.021906,-0.030039,-0.018330
49.00,0.000515,-0.026800,-0.010613,-0.052457,-0.031753,-0.046279
49.05,-0.018932,-0.061373,-0.075661,-0.041915,-0.028712,-0.010788
49.10,0.069802,0.070939,0.062266,0.084853,0.088023,0.068681
49.15,-0.032669,-0.034652,-0.057381,-0.056966,-0.068591,-0.064516
49.20,-0.062155,-0.076707,-0.088503,-0.077428,-0.076855,-0.065516
49.25,0.081301,0.103882,0.110805,0.120314,0.101986,0.092482
49.30,-0.026507,0.003203,-0.004028,0.002327,-0.000055,-0.013676
49.35,0.019727,0.020692,0.040062,0.063237,0.064186,0.054014
49.40,-0.068730,-0.057728,-0.065458,-0.073743,-0.063401,-0.047278
49.45,0.057656,0.073993,0.066972,0.085549,0.089088,0.092023
49.50,0.022050,0.002038,0.001507,-0.006545,-0.010846,-0.007686
49.55,-0.042051,-0.075628,-0.112109,-0.148721,-0.176496,-0.173913
49.60,-0.028666,-0.048922,-0.056287,-0.033591,-0.038270,-0.072563
49.65,0.063777,0.056636,0.031953,0.022972,0.023826,0.008989
49.70,-0.007872,0.015047,-0.023264,0.006559,-0.001013,0.005755
49.75,-0.032390,-0.006560,0.000022,-0.014888,-0.020812,-0.050177
49.80,-0.001130,-0.017880,0.015043,0.010912,0.020211,0.020692
49.85,0.008734,0.002540,0.025235,0.036459,0.070879,0.073835
49.90,0.067897,0.109320,0.093512,0.103581,0.103419,0.104596
49.95,-0.118373,-0.110599,-0.104656,-0.123722,-0.108720,-0.114111
50.00,0.056408,0.013652,0.033361,0.004126,0.015913,0.005185
