log10_x,mertens_30,mertens_100,mertens_1000,threshold_1,threshold_neg1
1.0,0.044211,0.037285,0.037176,1.0,-1.0
1.1,0.053413,0.039454,0.038362,1.0,-1.0
1.2,0.081449,0.099444,0.096936,1.0,-1.0
1.3,-0.084504,-0.080842,-0.083065,1.0,-1.0
1.4,-0.014617,-0.020458,-0.029520,1.0,-1.0
1.5,-0.129245,-0.117203,-0.120042,1.0,-1.0
1.6,0.110727,0.079080,0.088984,1.0,-1.0
1.7,-0.054318,-0.060140,-0.054531,1.0,-1.0
1.8,-0.023346,-0.008770,-0.011258,1.0,-1.0
1.9,-0.025050,-0.041050,-0.058397,1.0,-1.0
2.0,0.102020,0.132861,0.124981,1.0,-1.0
2.1,0.054369,0.071295,0.061938,1.0,-1.0
2.2,0.034811,-0.001937,0.009042,1.0,-1.0
2.3,-0.139196,-0.154251,-0.173239,1.0,-1.0
2.4,0.021703,0.018296,0.000234,1.0,-1.0
2.5,-0.059003,-0.062309,-0.031047,1.0,-1.0
2.6,-0.004560,-0.007152,-0.021928,1.0,-1.0
2.7,-0.045354,-0.031176,-0.032372,1.0,-1.0
2.8,-0.023320,-0.016255,-0.019921,1.0,-1.0
2.9,0.056747,0.054807,0.066517,1.0,-1.0
3.0,0.040214,0.037643,0.015580,1.0,-1.0
3.1,0.053995,0.032116,0.032356,1.0,-1.0
3.2,-0.023297,-0.020078,-0.048253,1.0,-1.0
3.3,0.068758,0.084026,0.091826,1.0,-1.0
3.4,-0.012462,0.022089,0.017940,1.0,-1.0
3.5,0.068309,0.095483,0.133019,1.0,-1.0
3.6,-0.056090,-0.042698,-0.021970,1.0,-1.0
3.7,0.020247,-0.012576,-0.018767,1.0,-1.0
3.8,-0.063171,-0.050570,-0.046350,1.0,-1.0
3.9,0.022973,0.004255,-0.023111,1.0,-1.0
4.0,-0.077396,-0.073015,-0.070770,1.0,-1.0
4.1,0.018864,-0.013825,-0.010285,1.0,-1.0
4.2,-0.106120,-0.109226,-0.110768,1.0,-1.0
4.3,0.043029,0.085951,0.093487,1.0,-1.0
4.4,-0.000820,0.002101,0.009672,1.0,-1.0
4.5,0.095159,0.072311,0.077719,1.0,-1.0
4.6,-0.008113,-0.017637,-0.005733,1.0,-1.0
4.7,0.048092,0.013153,0.004542,1.0,-1.0
4.8,-0.019454,0.008918,0.002166,1.0,-1.0
4.9,0.017850,0.041188,0.032267,1.0,-1.0
5.0,-0.041578,-0.030997,-0.053013,1.0,-1.0
5.1,0.004709,-0.007402,-0.002556,1.0,-1.0
5.2,-0.049795,-0.051883,-0.050623,1.0,-1.0
5.3,-0.006050,-0.017350,-0.008392,1.0,-1.0
5.4,-0.051490,-0.039232,-0.019100,1.0,-1.0
5.5,0.069215,0.077938,0.091263,1.0,-1.0
5.6,0.001717,-0.040831,-0.013340,1.0,-1.0
5.7,-0.004642,-0.036774,-0.064188,1.0,-1.0
5.8,-0.019641,-0.013605,0.021010,1.0,-1.0
5.9,-0.017734,-0.026228,-0.026402,1.0,-1.0
6.0,0.079628,0.103728,0.106334,1.0,-1.0
6.1,-0.012275,-0.021937,-0.026188,1.0,-1.0
6.2,0.028546,0.028482,0.029823,1.0,-1.0
6.3,-0.041807,-0.002176,-0.002152,1.0,-1.0
6.4,0.072145,0.082785,0.077639,1.0,-1.0
6.5,-0.002886,0.022164,0.023945,1.0,-1.0
6.6,0.000636,0.013209,-0.001997,1.0,-1.0
6.7,-0.096912,-0.112452,-0.102403,1.0,-1.0
6.8,0.050167,0.009300,-0.012167,1.0,-1.0
6.9,-0.007672,-0.041292,-0.037228,1.0,-1.0
7.0,0.074078,0.102070,0.126967,1.0,-1.0
7.1,-0.103829,-0.076871,-0.062485,1.0,-1.0
7.2,0.041137,0.038388,0.046957,1.0,-1.0
7.3,-0.015385,-0.032930,-0.029145,1.0,-1.0
7.4,0.008899,0.014117,-0.019170,1.0,-1.0
7.5,-0.054273,-0.037970,-0.042330,1.0,-1.0
7.6,-0.084249,-0.109818,-0.108957,1.0,-1.0
7.7,-0.018612,-0.042147,-0.028890,1.0,-1.0
7.8,0.054168,0.080849,0.083257,1.0,-1.0
7.9,0.033222,0.041481,0.038801,1.0,-1.0
8.0,0.051676,0.073063,0.060975,1.0,-1.0
8.1,0.015370,0.011518,0.020704,1.0,-1.0
8.2,0.050076,0.059683,0.057046,1.0,-1.0
8.3,0.041046,0.060173,0.056731,1.0,-1.0
8.4,-0.030914,-0.041367,-0.062834,1.0,-1.0
8.5,-0.053040,-0.056274,-0.054435,1.0,-1.0
8.6,-0.007632,-0.006087,-0.020749,1.0,-1.0
8.7,-0.030785,-0.052932,-0.063719,1.0,-1.0
8.8,-0.022194,-0.046312,-0.055954,1.0,-1.0
8.9,0.018964,0.010694,0.013443,1.0,-1.0
9.0,-0.008182,-0.014406,-0.023816,1.0,-1.0
9.1,0.064645,0.080047,0.095429,1.0,-1.0
9.2,-0.050362,-0.050446,-0.067823,1.0,-1.0
9.3,0.020250,0.036347,0.043078,1.0,-1.0
9.4,0.013212,0.041262,0.045315,1.0,-1.0
9.5,0.040102,0.046077,0.039508,1.0,-1.0
9.6,-0.040381,-0.062021,-0.068394,1.0,-1.0
9.7,0.039373,0.025232,0.039448,1.0,-1.0
9.8,-0.073033,-0.094198,-0.114549,1.0,-1.0
9.9,0.104825,0.105139,0.116370,1.0,-1.0
10.0,-0.127315,-0.132842,-0.132985,1.0,-1.0
10.1,-0.008573,-0.027245,-0.033452,1.0,-1.0
10.2,-0.087633,-0.079663,-0.089298,1.0,-1.0
10.3,0.071419,0.073415,0.061611,1.0,-1.0
10.4,0.013274,-0.011621,-0.000903,1.0,-1.0
10.5,0.017764,0.031575,0.035481,1.0,-1.0
10.6,0.009014,0.020731,-0.005115,1.0,-1.0
10.7,0.099253,0.121838,0.131621,1.0,-1.0
10.8,0.024256,0.022092,-0.002170,1.0,-1.0
10.9,-0.024625,-0.031033,-0.034240,1.0,-1.0
11.0,-0.088458,-0.057255,-0.063697,1.0,-1.0
11.1,-0.039742,-0.045728,-0.027345,1.0,-1.0
11.2,-0.009691,0.005687,0.019921,1.0,-1.0
11.3,-0.034337,-0.069399,-0.069851,1.0,-1.0
11.4,0.033509,0.049677,0.014583,1.0,-1.0
11.5,0.011110,0.024135,0.013245,1.0,-1.0
11.6,0.095820,0.087209,0.075896,1.0,-1.0
11.7,0.035164,0.052026,0.052987,1.0,-1.0
11.8,0.056628,0.050718,0.065024,1.0,-1.0
11.9,-0.046428,-0.032978,-0.053058,1.0,-1.0
12.0,0.005276,0.008520,-0.002280,1.0,-1.0
12.1,-0.073334,-0.074188,-0.067389,1.0,-1.0
12.2,0.003054,-0.002461,0.003761,1.0,-1.0
12.3,-0.051167,-0.029338,-0.017350,1.0,-1.0
12.4,-0.001752,-0.005397,0.007295,1.0,-1.0
12.5,-0.034840,-0.019383,-0.002844,1.0,-1.0
12.6,0.020850,-0.027766,-0.015663,1.0,-1.0
12.7,-0.039599,-0.035099,-0.042188,1.0,-1.0
12.8,0.071192,0.052637,0.005221,1.0,-1.0
12.9,-0.069878,-0.068214,-0.054515,1.0,-1.0
13.0,0.045180,0.014655,0.008096,1.0,-1.0
13.1,-0.000775,-0.011957,-0.011241,1.0,-1.0
13.2,0.034176,0.026590,0.010497,1.0,-1.0
13.3,0.031348,0.017884,0.023754,1.0,-1.0
13.4,-0.005669,-0.000649,0.001404,1.0,-1.0
13.5,-0.003741,0.017308,0.012376,1.0,-1.0
13.6,-0.002936,0.018714,0.013512,1.0,-1.0
13.7,-0.026914,-0.000780,0.022963,1.0,-1.0
13.8,0.008960,-0.010122,-0.003734,1.0,-1.0
13.9,0.016767,0.025481,0.018151,1.0,-1.0
14.0,-0.020816,-0.033198,-0.031274,1.0,-1.0
14.1,0.052938,0.034017,0.010180,1.0,-1.0
14.2,0.000010,-0.006937,-0.015895,1.0,-1.0
14.3,0.026647,0.018041,0.048781,1.0,-1.0
14.4,-0.068434,-0.055631,-0.074607,1.0,-1.0
14.5,0.003117,0.011190,0.008331,1.0,-1.0
14.6,-0.065611,-0.069635,-0.071218,1.0,-1.0
14.7,0.044654,0.054403,0.048149,1.0,-1.0
14.8,-0.075761,-0.084901,-0.062145,1.0,-1.0
14.9,0.050351,0.078763,0.094146,1.0,-1.0
15.0,-0.000011,0.037347,0.012022,1.0,-1.0
15.1,0.085054,0.096297,0.088790,1.0,-1.0
15.2,0.010733,0.020212,0.042080,1.0,-1.0
15.3,0.025057,0.020570,0.032389,1.0,-1.0
15.4,-0.089590,-0.098739,-0.090420,1.0,-1.0
15.5,0.052568,0.060799,0.060557,1.0,-1.0
15.6,-0.062254,-0.096865,-0.090724,1.0,-1.0
15.7,0.038890,0.013629,0.028080,1.0,-1.0
15.8,-0.103512,-0.136254,-0.142327,1.0,-1.0
15.9,0.010908,0.044012,0.057782,1.0,-1.0
16.0,-0.017381,0.004266,0.026235,1.0,-1.0
16.1,0.029932,0.030405,0.013847,1.0,-1.0
16.2,-0.013280,-0.025953,-0.046668,1.0,-1.0
16.3,0.007265,-0.004287,0.024067,1.0,-1.0
16.4,0.026249,0.055529,0.051889,1.0,-1.0
16.5,0.067158,0.083488,0.079679,1.0,-1.0
16.6,0.038232,0.016360,0.015198,1.0,-1.0
16.7,0.031807,0.019007,0.015520,1.0,-1.0
16.8,0.011062,0.018030,0.013979,1.0,-1.0
16.9,0.015487,0.006080,0.015351,1.0,-1.0
17.0,-0.010558,-0.015512,-0.015257,1.0,-1.0
17.1,-0.111289,-0.137906,-0.151867,1.0,-1.0
17.2,-0.036612,-0.044202,-0.028200,1.0,-1.0
17.3,-0.038383,-0.044999,-0.056123,1.0,-1.0
17.4,0.038601,0.065138,0.090688,1.0,-1.0
17.5,-0.048735,-0.046564,-0.030797,1.0,-1.0
17.6,0.034635,0.044998,0.040364,1.0,-1.0
17.7,0.008552,0.024467,0.026779,1.0,-1.0
17.8,0.069364,0.045289,0.043017,1.0,-1.0
17.9,-0.044401,-0.053102,-0.046283,1.0,-1.0
18.0,0.016410,-0.021090,-0.030401,1.0,-1.0
18.1,-0.018219,0.014455,0.018973,1.0,-1.0
18.2,0.028850,0.028002,0.007008,1.0,-1.0
18.3,-0.079449,-0.063970,-0.102909,1.0,-1.0
18.4,0.051529,0.038048,0.031333,1.0,-1.0
18.5,-0.032914,-0.023023,-0.020073,1.0,-1.0
18.6,0.112674,0.136740,0.161389,1.0,-1.0
18.7,-0.078498,-0.094508,-0.087975,1.0,-1.0
18.8,-0.026094,-0.043487,-0.044117,1.0,-1.0
18.9,-0.011954,0.005280,0.009528,1.0,-1.0
19.0,0.068552,0.086994,0.095822,1.0,-1.0
19.1,0.030788,0.035134,0.023626,1.0,-1.0
19.2,-0.020440,-0.001082,-0.007545,1.0,-1.0
19.3,-0.020252,-0.008111,-0.011050,1.0,-1.0
19.4,0.043574,0.059458,0.070944,1.0,-1.0
19.5,0.035394,0.026818,0.032416,1.0,-1.0
19.6,-0.092825,-0.105550,-0.080892,1.0,-1.0
19.7,-0.014610,-0.050853,-0.053005,1.0,-1.0
19.8,-0.059121,-0.063213,-0.024859,1.0,-1.0
19.9,0.065969,0.053596,0.052001,1.0,-1.0
20.0,-0.045105,-0.043233,-0.017615,1.0,-1.0
20.1,0.068476,0.111588,0.091209,1.0,-1.0
20.2,-0.019691,-0.015422,-0.022101,1.0,-1.0
20.3,0.148806,0.143305,0.142180,1.0,-1.0
20.4,-0.072546,-0.054990,-0.049240,1.0,-1.0
20.5,0.017067,-0.000158,0.007491,1.0,-1.0
20.6,-0.142969,-0.136367,-0.134952,1.0,-1.0
20.7,-0.008774,-0.034500,-0.034351,1.0,-1.0
20.8,-0.011892,-0.041917,-0.005479,1.0,-1.0
20.9,0.009672,-0.010003,-0.000088,1.0,-1.0
21.0,-0.050193,-0.058003,-0.052322,1.0,-1.0
21.1,0.068486,0.058068,0.041481,1.0,-1.0
21.2,0.002864,-0.013292,-0.012373,1.0,-1.0
21.3,0.126321,0.154971,0.153808,1.0,-1.0
21.4,-0.041967,-0.042286,-0.042461,1.0,-1.0
21.5,0.028114,0.020151,0.033279,1.0,-1.0
21.6,-0.055889,-0.057255,-0.036166,1.0,-1.0
21.7,-0.008639,0.014865,0.011118,1.0,-1.0
21.8,-0.024276,-0.016719,0.007504,1.0,-1.0
21.9,0.034318,0.042807,0.057672,1.0,-1.0
22.0,-0.006692,-0.018959,-0.024214,1.0,-1.0
22.1,0.045970,0.065955,0.036887,1.0,-1.0
22.2,-0.045341,-0.016238,-0.018028,1.0,-1.0
22.3,0.020547,-0.002687,-0.012996,1.0,-1.0
22.4,-0.003335,0.003645,-0.028078,1.0,-1.0
22.5,0.032399,0.024536,0.026727,1.0,-1.0
22.6,0.013074,0.049792,0.052680,1.0,-1.0
22.7,-0.058467,-0.102419,-0.118040,1.0,-1.0
22.8,0.011049,0.021454,-0.008451,1.0,-1.0
22.9,-0.023587,-0.014931,-0.004171,1.0,-1.0
23.0,0.010396,0.037705,0.051171,1.0,-1.0
23.1,-0.087109,-0.085539,-0.055189,1.0,-1.0
23.2,0.008767,0.000670,0.003724,1.0,-1.0
23.3,-0.073186,-0.086065,-0.089992,1.0,-1.0
23.4,0.075118,0.102335,0.128981,1.0,-1.0
23.5,-0.047290,-0.025378,-0.046590,1.0,-1.0
23.6,0.100709,0.069119,0.090713,1.0,-1.0
23.7,0.056931,0.017299,0.003796,1.0,-1.0
23.8,0.077007,0.072868,0.057373,1.0,-1.0
23.9,0.011569,0.018615,0.018466,1.0,-1.0
24.0,-0.026133,-0.016225,-0.019751,1.0,-1.0
24.1,-0.112441,-0.107748,-0.092837,1.0,-1.0
24.2,0.044879,0.005266,0.000165,1.0,-1.0
24.3,-0.056787,-0.043745,-0.045474,1.0,-1.0
24.4,0.000243,0.001535,0.003827,1.0,-1.0
24.5,-0.078459,-0.087673,-0.083482,1.0,-1.0
24.6,-0.026790,-0.017854,-0.020683,1.0,-1.0
24.7,0.118714,0.114721,0.093975,1.0,-1.0
24.8,0.060506,0.032343,0.052913,1.0,-1.0
24.9,-0.001287,0.000519,-0.005535,1.0,-1.0
25.0,-0.022789,-0.008280,-0.020232,1.0,-1.0
25.1,-0.028450,-0.018934,-0.002562,1.0,-1.0
25.2,0.066854,0.058666,0.086980,1.0,-1.0
25.3,0.018021,0.026072,0.000533,1.0,-1.0
25.4,-0.060344,-0.065752,-0.088466,1.0,-1.0
25.5,0.000680,0.024324,0.018841,1.0,-1.0
25.6,-0.033671,-0.036109,-0.024533,1.0,-1.0
25.7,0.030727,0.042697,0.039588,1.0,-1.0
25.8,-0.101549,-0.106281,-0.139639,1.0,-1.0
25.9,0.014392,0.010960,-0.000990,1.0,-1.0
26.0,-0.021464,-0.033001,-0.033741,1.0,-1.0
26.1,0.101467,0.087052,0.072686,1.0,-1.0
26.2,-0.095982,-0.081812,-0.075752,1.0,-1.0
26.3,0.052416,0.039032,0.028462,1.0,-1.0
26.4,-0.024677,-0.013519,-0.010222,1.0,-1.0
26.5,0.109515,0.123809,0.099541,1.0,-1.0
26.6,-0.070316,-0.040385,-0.048473,1.0,-1.0
26.7,0.025130,0.019736,0.008593,1.0,-1.0
26.8,-0.068524,-0.092171,-0.099516,1.0,-1.0
26.9,0.080751,0.067907,0.039700,1.0,-1.0
27.0,-0.038704,-0.011001,-0.012123,1.0,-1.0
27.1,0.089541,0.102102,0.090496,1.0,-1.0
27.2,-0.007382,-0.013412,-0.033656,1.0,-1.0
27.3,0.065555,0.034577,0.037171,1.0,-1.0
27.4,-0.066731,-0.067759,-0.090075,1.0,-1.0
27.5,-0.051855,0.005698,0.010743,1.0,-1.0
27.6,-0.022204,-0.045717,-0.085403,1.0,-1.0
27.7,0.017370,0.006214,-0.013795,1.0,-1.0
27.8,0.002394,-0.002751,-0.001416,1.0,-1.0
27.9,-0.081000,-0.078483,-0.095973,1.0,-1.0
28.0,-0.049766,-0.042940,-0.035442,1.0,-1.0
28.1,0.063462,0.050180,0.064132,1.0,-1.0
28.2,0.072283,0.054689,0.046578,1.0,-1.0
28.3,-0.002640,-0.007251,-0.000432,1.0,-1.0
28.4,-0.039285,-0.042374,-0.043744,1.0,-1.0
28.5,-0.044371,-0.029863,-0.018082,1.0,-1.0
28.6,0.082576,0.093988,0.121696,1.0,-1.0
28.7,0.010823,0.012038,0.010199,1.0,-1.0
28.8,0.042190,0.014797,0.016253,1.0,-1.0
28.9,-0.057460,-0.070065,-0.073948,1.0,-1.0
29.0,0.032961,0.023752,0.001707,1.0,-1.0
29.1,-0.033491,-0.013297,-0.005218,1.0,-1.0
29.2,-0.017850,-0.035941,-0.054507,1.0,-1.0
29.3,-0.080831,-0.050293,-0.058198,1.0,-1.0
29.4,-0.005254,-0.023797,-0.025682,1.0,-1.0
29.5,0.048246,0.059280,0.066438,1.0,-1.0
29.6,0.055399,0.051331,0.064590,1.0,-1.0
29.7,-0.026989,-0.007710,0.002311,1.0,-1.0
29.8,0.072207,0.051915,0.053752,1.0,-1.0
29.9,0.027543,0.002903,0.017394,1.0,-1.0
30.0,0.075320,0.097426,0.096110,1.0,-1.0
30.1,-0.043655,-0.026712,-0.007704,1.0,-1.0
30.2,-0.104054,-0.079195,-0.086996,1.0,-1.0
30.3,-0.042835,-0.050972,-0.065098,1.0,-1.0
30.4,-0.047998,-0.057251,-0.056363,1.0,-1.0
30.5,0.029594,0.034851,0.032642,1.0,-1.0
30.6,0.043910,0.065244,0.054626,1.0,-1.0
30.7,-0.001790,0.008990,0.029156,1.0,-1.0
30.8,0.002103,-0.015414,-0.003716,1.0,-1.0
30.9,0.019538,0.051505,0.050231,1.0,-1.0
31.0,-0.008506,-0.024148,-0.033870,1.0,-1.0
31.1,0.058966,0.064695,0.059413,1.0,-1.0
31.2,-0.049995,-0.060290,-0.077284,1.0,-1.0
31.3,-0.028910,-0.047078,-0.049424,1.0,-1.0
31.4,-0.066646,-0.098830,-0.107135,1.0,-1.0
31.5,0.032220,0.054071,0.041289,1.0,-1.0
31.6,-0.005746,-0.022808,0.004318,1.0,-1.0
31.7,0.082699,0.105414,0.110437,1.0,-1.0
31.8,-0.110647,-0.123152,-0.138283,1.0,-1.0
31.9,0.071674,0.048620,0.050525,1.0,-1.0
32.0,-0.058695,-0.077029,-0.097091,1.0,-1.0
32.1,0.096480,0.122076,0.124343,1.0,-1.0
32.2,0.016836,0.019611,0.019289,1.0,-1.0
32.3,0.070572,0.084464,0.061483,1.0,-1.0
32.4,-0.021789,-0.006228,-0.000047,1.0,-1.0
32.5,0.045279,0.052736,0.063164,1.0,-1.0
32.6,-0.079012,-0.105952,-0.125856,1.0,-1.0
32.7,0.029311,0.015665,0.004164,1.0,-1.0
32.8,-0.139984,-0.156388,-0.162665,1.0,-1.0
32.9,0.005946,0.020697,0.022917,1.0,-1.0
33.0,-0.016459,-0.039149,-0.022714,1.0,-1.0
33.1,-0.007723,0.006564,-0.008186,1.0,-1.0
33.2,0.007929,0.021405,0.001687,1.0,-1.0
33.3,-0.005010,0.025484,0.024205,1.0,-1.0
33.4,0.115360,0.105295,0.126268,1.0,-1.0
33.5,0.057627,0.045301,0.054946,1.0,-1.0
33.6,-0.059171,-0.031073,-0.031798,1.0,-1.0
33.7,-0.076557,-0.082351,-0.096778,1.0,-1.0
33.8,-0.048069,-0.076958,-0.040110,1.0,-1.0
33.9,0.037207,0.015859,0.020527,1.0,-1.0
34.0,0.066252,0.101826,0.112614,1.0,-1.0
34.1,-0.066534,-0.023148,-0.018017,1.0,-1.0
34.2,0.011823,0.011998,-0.000692,1.0,-1.0
34.3,0.011710,-0.010370,0.003534,1.0,-1.0
34.4,0.075190,0.072351,0.084130,1.0,-1.0
34.5,0.008958,0.008423,0.002042,1.0,-1.0
34.6,-0.015088,-0.012033,-0.012547,1.0,-1.0
34.7,-0.059457,-0.092234,-0.091134,1.0,-1.0
34.8,0.030881,-0.021322,-0.014126,1.0,-1.0
34.9,-0.082836,-0.072860,-0.095789,1.0,-1.0
35.0,0.043556,0.042343,0.069148,1.0,-1.0
35.1,0.004758,0.061566,0.065573,1.0,-1.0
35.2,0.023359,0.039143,0.039545,1.0,-1.0
35.3,-0.019699,-0.021543,-0.028997,1.0,-1.0
35.4,0.008784,0.004988,0.017047,1.0,-1.0
35.5,-0.004651,0.006624,0.017131,1.0,-1.0
35.6,0.092279,0.099925,0.101323,1.0,-1.0
35.7,-0.020792,-0.011514,0.003858,1.0,-1.0
35.8,0.024521,-0.000458,-0.020324,1.0,-1.0
35.9,-0.000243,-0.016868,-0.024635,1.0,-1.0
36.0,-0.069355,-0.064279,-0.093978,1.0,-1.0
36.1,0.014658,0.018117,0.005089,1.0,-1.0
36.2,-0.125630,-0.139066,-0.162623,1.0,-1.0
36.3,0.010029,-0.000964,0.000293,1.0,-1.0
36.4,-0.046675,-0.053070,-0.073683,1.0,-1.0
36.5,0.034586,0.035635,0.048956,1.0,-1.0
36.6,-0.058234,-0.045878,-0.069908,1.0,-1.0
36.7,0.071005,0.098217,0.077376,1.0,-1.0
36.8,0.047864,0.043667,0.049527,1.0,-1.0
36.9,0.162809,0.188666,0.201958,1.0,-1.0
37.0,-0.054194,-0.108241,-0.114605,1.0,-1.0
37.1,-0.007423,-0.003503,-0.009688,1.0,-1.0
37.2,-0.077735,-0.069376,-0.060470,1.0,-1.0
37.3,0.095261,0.092653,0.115770,1.0,-1.0
37.4,-0.024816,-0.025536,-0.021062,1.0,-1.0
37.5,0.008129,0.003930,-0.000318,1.0,-1.0
37.6,-0.103612,-0.101768,-0.110107,1.0,-1.0
37.7,0.018699,-0.004503,-0.006087,1.0,-1.0
37.8,0.003009,0.003564,-0.003012,1.0,-1.0
37.9,0.033002,0.004250,0.002242,1.0,-1.0
38.0,-0.059462,-0.044607,-0.053938,1.0,-1.0
38.1,0.023954,0.056630,0.012206,1.0,-1.0
38.2,-0.023583,0.002887,-0.026733,1.0,-1.0
38.3,0.069096,0.074759,0.094973,1.0,-1.0
38.4,-0.049873,-0.058577,-0.048974,1.0,-1.0
38.5,0.082353,0.081632,0.077182,1.0,-1.0
38.6,-0.024675,-0.000346,0.019679,1.0,-1.0
38.7,0.008991,0.022853,0.004254,1.0,-1.0
38.8,-0.087559,-0.115064,-0.105773,1.0,-1.0
38.9,-0.027117,-0.046280,-0.049932,1.0,-1.0
39.0,0.007692,0.000870,0.017732,1.0,-1.0
39.1,0.002151,0.004320,0.010327,1.0,-1.0
39.2,0.024109,0.016813,0.037280,1.0,-1.0
39.3,0.034086,0.028230,0.041940,1.0,-1.0
39.4,0.030717,0.040391,0.044579,1.0,-1.0
39.5,-0.008873,-0.015809,-0.009502,1.0,-1.0
39.6,0.016438,0.044780,0.058939,1.0,-1.0
39.7,-0.045174,-0.009466,-0.017250,1.0,-1.0
39.8,0.044283,0.062383,0.058448,1.0,-1.0
39.9,-0.089750,-0.130393,-0.158406,1.0,-1.0
40.0,0.007135,-0.013266,-0.025048,1.0,-1.0
40.1,-0.042399,-0.064186,-0.050231,1.0,-1.0
40.2,0.107932,0.109126,0.123293,1.0,-1.0
40.3,0.025901,0.038757,0.037768,1.0,-1.0
40.4,0.067539,0.026364,0.016077,1.0,-1.0
40.5,-0.096826,-0.098236,-0.077941,1.0,-1.0
40.6,0.021018,0.034460,0.008295,1.0,-1.0
40.7,-0.006610,0.001287,0.000102,1.0,-1.0
40.8,0.016852,0.026518,0.041555,1.0,-1.0
40.9,-0.004597,0.004523,0.016105,1.0,-1.0
41.0,-0.042550,-0.057582,-0.038639,1.0,-1.0
41.1,-0.045151,-0.033146,-0.033352,1.0,-1.0
41.2,0.037554,0.074980,0.082907,1.0,-1.0
41.3,-0.025033,-0.019231,-0.013837,1.0,-1.0
41.4,0.015910,0.016014,0.023486,1.0,-1.0
41.5,-0.052684,-0.083298,-0.090524,1.0,-1.0
41.6,-0.048542,-0.069670,-0.074374,1.0,-1.0
41.7,0.089377,0.094176,0.095865,1.0,-1.0
41.8,-0.015542,-0.002270,0.000921,1.0,-1.0
41.9,0.060720,0.026907,-0.004907,1.0,-1.0
42.0,-0.003983,-0.028468,-0.033551,1.0,-1.0
42.1,0.057443,0.071669,0.078681,1.0,-1.0
42.2,-0.030426,-0.021147,-0.028130,1.0,-1.0
42.3,-0.025475,-0.009011,-0.015988,1.0,-1.0
42.4,-0.111273,-0.115400,-0.108822,1.0,-1.0
42.5,0.077020,0.111792,0.115955,1.0,-1.0
42.6,-0.031632,-0.012924,-0.012971,1.0,-1.0
42.7,0.098846,0.095742,0.107483,1.0,-1.0
42.8,-0.056519,-0.064524,-0.041297,1.0,-1.0
42.9,0.094352,0.085884,0.095951,1.0,-1.0
43.0,-0.008259,-0.025047,-0.008106,1.0,-1.0
43.1,0.100486,0.085251,0.084532,1.0,-1.0
43.2,-0.126432,-0.133756,-0.114834,1.0,-1.0
43.3,-0.015255,0.005001,0.004899,1.0,-1.0
43.4,-0.129026,-0.116513,-0.105179,1.0,-1.0
43.5,0.022715,0.000716,-0.028441,1.0,-1.0
43.6,-0.053430,-0.056430,-0.060209,1.0,-1.0
43.7,0.045347,0.059385,0.075812,1.0,-1.0
43.8,0.017701,0.032104,0.040350,1.0,-1.0
43.9,0.067847,0.061544,0.060084,1.0,-1.0
44.0,-0.031479,-0.001574,-0.026761,1.0,-1.0
44.1,0.071047,0.078927,0.059131,1.0,-1.0
44.2,-0.012435,-0.025927,-0.034574,1.0,-1.0
44.3,0.069260,0.102810,0.139121,1.0,-1.0
44.4,-0.056905,-0.093206,-0.132659,1.0,-1.0
44.5,-0.054069,-0.043388,-0.031183,1.0,-1.0
44.6,-0.008485,-0.033890,-0.028604,1.0,-1.0
44.7,-0.020631,-0.044675,-0.049708,1.0,-1.0
44.8,0.026591,0.015931,-0.005659,1.0,-1.0
44.9,-0.061774,-0.068455,-0.075937,1.0,-1.0
45.0,-0.049687,-0.074914,-0.073717,1.0,-1.0
45.1,0.040561,0.052470,0.054761,1.0,-1.0
45.2,0.071251,0.084204,0.079188,1.0,-1.0
45.3,0.011115,0.016538,0.021951,1.0,-1.0
45.4,0.055418,0.059258,0.051101,1.0,-1.0
45.5,-0.001629,-0.009911,-0.022323,1.0,-1.0
45.6,0.112692,0.137885,0.144491,1.0,-1.0
45.7,-0.068593,-0.066153,-0.071435,1.0,-1.0
45.8,-0.062846,-0.062796,-0.078008,1.0,-1.0
45.9,-0.054458,-0.085135,-0.118727,1.0,-1.0
46.0,0.053044,0.034789,0.033480,1.0,-1.0
46.1,-0.043194,-0.028740,-0.026076,1.0,-1.0
46.2,-0.013198,-0.000243,0.008133,1.0,-1.0
46.3,-0.075417,-0.063159,-0.081226,1.0,-1.0
46.4,0.074919,0.076571,0.083783,1.0,-1.0
46.5,0.066733,0.072256,0.078597,1.0,-1.0
46.6,-0.036952,-0.034055,-0.048475,1.0,-1.0
46.7,-0.063390,-0.054182,-0.069793,1.0,-1.0
46.8,-0.022659,-0.005244,-0.003763,1.0,-1.0
46.9,0.003591,0.003748,0.001741,1.0,-1.0
47.0,0.064878,0.054067,0.048787,1.0,-1.0
47.1,-0.058914,-0.038210,-0.050586,1.0,-1.0
47.2,0.033738,0.038117,0.025748,1.0,-1.0
47.3,0.059279,0.063264,0.071178,1.0,-1.0
47.4,-0.012940,-0.022894,-0.014373,1.0,-1.0
47.5,0.035839,0.031130,-0.000692,1.0,-1.0
47.6,-0.030223,-0.044781,-0.020533,1.0,-1.0
47.7,0.053458,0.062540,0.054980,1.0,-1.0
47.8,-0.010892,-0.056037,-0.024314,1.0,-1.0
47.9,-0.016123,0.012475,0.021216,1.0,-1.0
48.0,-0.041516,-0.055487,-0.071244,1.0,-1.0
48.1,0.044110,0.050892,0.073337,1.0,-1.0
48.2,-0.065195,-0.082067,-0.062859,1.0,-1.0
48.3,0.052111,0.105117,0.093795,1.0,-1.0
48.4,-0.131170,-0.155289,-0.119117,1.0,-1.0
48.5,0.062033,0.065132,0.082756,1.0,-1.0
48.6,-0.065465,-0.102075,-0.113084,1.0,-1.0
48.7,0.126052,0.102728,0.126643,1.0,-1.0
48.8,-0.039934,-0.036354,-0.051004,1.0,-1.0
48.9,0.103198,0.079471,0.059606,1.0,-1.0
49.0,-0.046046,-0.031753,-0.056216,1.0,-1.0
49.1,0.069870,0.088023,0.068305,1.0,-1.0
49.2,-0.101825,-0.076855,-0.060523,1.0,-1.0
49.3,-0.001949,-0.000055,-0.020599,1.0,-1.0
49.4,-0.062945,-0.063401,-0.043190,1.0,-1.0
49.5,0.000226,-0.010846,-0.013990,1.0,-1.0
49.6,-0.033297,-0.038270,-0.076160,1.0,-1.0
49.7,-0.004976,-0.001013,0.003802,1.0,-1.0
49.8,0.007763,0.020211,0.033826,1.0,-1.0
49.9,0.091078,0.103419,0.109037,1.0,-1.0
50.0,0.023335,0.015913,-0.007575,1.0,-1.0
50.1,0.003695,0.003240,0.014282,1.0,-1.0
50.2,-0.043734,-0.052846,-0.057556,1.0,-1.0
50.3,-0.018214,-0.001861,0.021066,1.0,-1.0
50.4,0.098165,0.088708,0.088605,1.0,-1.0
50.5,-0.012072,-0.016006,-0.007368,1.0,-1.0
50.6,-0.020428,-0.047466,-0.073385,1.0,-1.0
50.7,-0.018545,0.021262,0.001080,1.0,-1.0
50.8,0.001444,0.027153,0.019486,1.0,-1.0
50.9,0.034509,0.045013,0.035020,1.0,-1.0
51.0,-0.047109,-0.075099,-0.085506,1.0,-1.0
51.1,-0.059539,-0.074279,-0.080102,1.0,-1.0
51.2,0.035218,0.032065,0.031333,1.0,-1.0
51.3,-0.003861,0.017180,0.012615,1.0,-1.0
51.4,0.063964,0.075697,0.098424,1.0,-1.0
51.5,-0.024385,-0.010955,0.004970,1.0,-1.0
51.6,0.031874,0.028690,0.025121,1.0,-1.0
51.7,-0.010315,-0.018095,-0.025739,1.0,-1.0
51.8,0.021382,-0.004661,-0.016679,1.0,-1.0
51.9,-0.127013,-0.126264,-0.131829,1.0,-1.0
52.0,-0.055627,-0.058965,-0.064520,1.0,-1.0
52.1,-0.029036,-0.054681,-0.034914,1.0,-1.0
52.2,0.061117,0.074244,0.120732,1.0,-1.0
52.3,0.041562,0.051876,0.022950,1.0,-1.0
52.4,0.003914,0.012513,0.034815,1.0,-1.0
52.5,0.037181,0.044202,0.024231,1.0,-1.0
52.6,0.094764,0.070370,0.050854,1.0,-1.0
52.7,0.029509,0.012561,0.008879,1.0,-1.0
52.8,-0.027034,-0.016605,-0.024126,1.0,-1.0
52.9,-0.031020,-0.049256,-0.055028,1.0,-1.0
53.0,-0.082787,-0.078445,-0.073440,1.0,-1.0
53.1,0.051030,0.028637,0.014678,1.0,-1.0
53.2,-0.079582,-0.065076,-0.077894,1.0,-1.0
53.3,0.046996,0.066421,0.094887,1.0,-1.0
53.4,-0.014912,-0.034866,-0.027102,1.0,-1.0
53.5,0.056282,0.077814,0.103045,1.0,-1.0
53.6,-0.054385,-0.060405,-0.054282,1.0,-1.0
53.7,0.002546,0.022800,0.026015,1.0,-1.0
53.8,-0.015460,-0.034906,-0.069256,1.0,-1.0
53.9,0.105329,0.086659,0.113404,1.0,-1.0
54.0,-0.059423,-0.064447,-0.084578,1.0,-1.0
54.1,-0.016078,-0.001724,0.017031,1.0,-1.0
54.2,-0.042402,-0.055033,-0.052259,1.0,-1.0
54.3,0.096455,0.112885,0.092652,1.0,-1.0
54.4,-0.047814,-0.016536,0.011572,1.0,-1.0
54.5,-0.012628,0.030116,0.026689,1.0,-1.0
54.6,-0.096931,-0.096081,-0.087077,1.0,-1.0
54.7,0.096818,0.113906,0.108540,1.0,-1.0
54.8,-0.024229,-0.008479,-0.025649,1.0,-1.0
54.9,0.039934,0.012737,0.009967,1.0,-1.0
55.0,-0.037661,-0.028425,-0.035521,1.0,-1.0
55.1,0.064005,0.026080,0.038795,1.0,-1.0
55.2,0.011700,0.014446,0.003177,1.0,-1.0
55.3,-0.023921,-0.041128,-0.045942,1.0,-1.0
55.4,-0.123763,-0.139864,-0.134506,1.0,-1.0
55.5,0.026709,0.032797,0.038157,1.0,-1.0
55.6,0.002232,0.011434,-0.002124,1.0,-1.0
55.7,0.085128,0.087032,0.070472,1.0,-1.0
55.8,-0.020102,-0.046758,-0.048802,1.0,-1.0
55.9,-0.010711,-0.008623,-0.006377,1.0,-1.0
56.0,0.132931,0.156468,0.142891,1.0,-1.0
56.1,0.012009,0.010578,0.008626,1.0,-1.0
56.2,0.056821,0.049531,0.055544,1.0,-1.0
56.3,-0.087766,-0.120724,-0.146140,1.0,-1.0
56.4,-0.073036,-0.069854,-0.046401,1.0,-1.0
56.5,-0.041378,-0.030376,-0.036448,1.0,-1.0
56.6,-0.019037,-0.014303,-0.019499,1.0,-1.0
56.7,-0.052484,-0.079842,-0.112954,1.0,-1.0
56.8,0.034119,0.021140,0.007587,1.0,-1.0
56.9,-0.091867,-0.103123,-0.082383,1.0,-1.0
57.0,0.074310,0.068219,0.084881,1.0,-1.0
57.1,-0.007850,-0.019011,-0.035163,1.0,-1.0
57.2,0.043673,0.088474,0.089971,1.0,-1.0
57.3,0.046071,0.066402,0.039810,1.0,-1.0
57.4,0.043746,0.054332,0.057058,1.0,-1.0
57.5,-0.012453,-0.001310,-0.030603,1.0,-1.0
57.6,0.030969,0.030957,0.028346,1.0,-1.0
57.7,-0.032682,-0.026816,-0.030371,1.0,-1.0
57.8,0.014206,0.026799,0.013135,1.0,-1.0
57.9,-0.025236,-0.043429,-0.056983,1.0,-1.0
58.0,-0.087951,-0.076036,-0.065365,1.0,-1.0
58.1,0.021193,0.024752,0.037292,1.0,-1.0
58.2,-0.033830,-0.023456,-0.036726,1.0,-1.0
58.3,0.035218,0.020253,0.027015,1.0,-1.0
58.4,0.036223,0.047308,0.050775,1.0,-1.0
58.5,0.044172,0.012905,0.021194,1.0,-1.0
58.6,0.021473,0.030834,0.015410,1.0,-1.0
58.7,0.033758,0.054712,0.071240,1.0,-1.0
58.8,-0.109784,-0.115911,-0.102298,1.0,-1.0
58.9,0.048230,0.044959,0.041906,1.0,-1.0
59.0,-0.083085,-0.080894,-0.079666,1.0,-1.0
59.1,0.097766,0.085320,0.106540,1.0,-1.0
59.2,-0.070234,-0.058178,-0.049158,1.0,-1.0
59.3,-0.005584,-0.015949,-0.040006,1.0,-1.0
59.4,-0.019356,-0.019980,-0.042937,1.0,-1.0
59.5,0.082788,0.079512,0.072056,1.0,-1.0
59.6,-0.001840,-0.016343,-0.038099,1.0,-1.0
59.7,0.014544,0.021123,-0.010393,1.0,-1.0
59.8,-0.140144,-0.146820,-0.151557,1.0,-1.0
59.9,0.045340,0.036949,0.031640,1.0,-1.0
60.0,-0.038780,-0.049587,-0.058922,1.0,-1.0
60.1,0.105956,0.113481,0.125393,1.0,-1.0
60.2,-0.040472,-0.011146,-0.022946,1.0,-1.0
60.3,-0.004262,-0.008278,-0.040324,1.0,-1.0
60.4,-0.036527,-0.027698,-0.028141,1.0,-1.0
60.5,0.069861,0.043874,0.044490,1.0,-1.0
60.6,-0.037160,-0.047935,-0.053503,1.0,-1.0
60.7,0.022485,-0.000017,-0.031480,1.0,-1.0
60.8,-0.039456,-0.059456,-0.048363,1.0,-1.0
60.9,0.084726,0.106305,0.099982,1.0,-1.0
61.0,0.021625,0.024961,0.066145,1.0,-1.0
61.1,0.011916,0.022979,0.007174,1.0,-1.0
61.2,-0.009344,0.013432,0.021780,1.0,-1.0
61.3,0.040244,0.038323,0.009046,1.0,-1.0
61.4,-0.036203,-0.006181,-0.007189,1.0,-1.0
61.5,-0.067864,-0.081924,-0.098754,1.0,-1.0
61.6,-0.062282,-0.073028,-0.095600,1.0,-1.0
61.7,-0.059394,-0.053354,-0.057871,1.0,-1.0
61.8,0.095530,0.094970,0.096861,1.0,-1.0
61.9,-0.024577,-0.017929,-0.027292,1.0,-1.0
62.0,0.071389,0.050640,0.061386,1.0,-1.0
62.1,-0.020329,-0.034574,-0.024490,1.0,-1.0
62.2,0.030761,0.043903,0.028966,1.0,-1.0
62.3,-0.041359,-0.027463,-0.003622,1.0,-1.0
62.4,0.007304,0.035122,0.043847,1.0,-1.0
62.5,-0.044306,-0.060940,-0.072934,1.0,-1.0
62.6,0.045931,0.090879,0.089667,1.0,-1.0
62.7,-0.094571,-0.110018,-0.101241,1.0,-1.0
62.8,-0.000539,-0.025063,-0.000858,1.0,-1.0
62.9,0.042161,0.045895,0.051923,1.0,-1.0
63.0,0.121358,0.114658,0.109395,1.0,-1.0
63.1,-0.007089,0.014581,0.016609,1.0,-1.0
63.2,-0.040247,-0.009069,-0.038883,1.0,-1.0
63.3,-0.048698,-0.084700,-0.098381,1.0,-1.0
63.4,0.067165,0.060516,0.038931,1.0,-1.0
63.5,0.050316,0.032009,0.035655,1.0,-1.0
63.6,-0.044930,-0.076203,-0.082564,1.0,-1.0
63.7,-0.023694,-0.015461,0.002506,1.0,-1.0
63.8,-0.030162,-0.037380,-0.057004,1.0,-1.0
63.9,0.006926,-0.002294,-0.013711,1.0,-1.0
64.0,-0.004061,-0.000379,0.001549,1.0,-1.0
64.1,-0.070363,-0.069283,-0.072546,1.0,-1.0
64.2,-0.009331,-0.016488,-0.003626,1.0,-1.0
64.3,0.066066,0.064209,0.067533,1.0,-1.0
64.4,-0.006482,0.004073,0.015838,1.0,-1.0
64.5,0.086715,0.070361,0.076196,1.0,-1.0
64.6,-0.057523,-0.055595,-0.033519,1.0,-1.0
64.7,0.139391,0.168761,0.176517,1.0,-1.0
64.8,-0.040025,-0.021318,-0.024344,1.0,-1.0
64.9,-0.002740,0.002169,-0.009712,1.0,-1.0
65.0,-0.163096,-0.202326,-0.190857,1.0,-1.0
65.1,-0.012117,-0.018642,-0.018812,1.0,-1.0
65.2,-0.090463,-0.092445,-0.097847,1.0,-1.0
65.3,0.099917,0.107683,0.098375,1.0,-1.0
65.4,-0.080927,-0.064262,-0.049842,1.0,-1.0
65.5,0.108314,0.120023,0.113841,1.0,-1.0
65.6,-0.050055,-0.022384,-0.036156,1.0,-1.0
65.7,0.121196,0.127451,0.102581,1.0,-1.0
65.8,0.003513,-0.004236,0.007057,1.0,-1.0
65.9,0.066081,0.067169,0.085841,1.0,-1.0
66.0,-0.028540,-0.031184,-0.008189,1.0,-1.0
66.1,0.001748,-0.009175,-0.042462,1.0,-1.0
66.2,-0.081592,-0.077951,-0.062989,1.0,-1.0
66.3,0.028904,0.058935,0.075083,1.0,-1.0
66.4,0.028490,0.014378,0.007205,1.0,-1.0
66.5,0.008768,-0.011351,-0.007278,1.0,-1.0
66.6,-0.040512,-0.022995,0.006414,1.0,-1.0
66.7,-0.081841,-0.089930,-0.096268,1.0,-1.0
66.8,0.033097,0.028581,0.031120,1.0,-1.0
66.9,0.060231,0.039982,0.043907,1.0,-1.0
67.0,-0.035237,-0.088500,-0.100980,1.0,-1.0
67.1,0.007352,0.046942,0.074460,1.0,-1.0
67.2,-0.039769,-0.022089,-0.009628,1.0,-1.0
67.3,0.002055,-0.016393,-0.016371,1.0,-1.0
67.4,0.036079,0.030055,-0.007041,1.0,-1.0
67.5,-0.088020,-0.074813,-0.078329,1.0,-1.0
67.6,0.031386,0.062400,0.058067,1.0,-1.0
67.7,-0.005391,-0.006838,0.005791,1.0,-1.0
67.8,0.037878,0.009578,0.031533,1.0,-1.0
67.9,0.039965,0.008619,-0.001827,1.0,-1.0
68.0,-0.003968,-0.003309,-0.016020,1.0,-1.0
68.1,0.017542,0.008799,0.050439,1.0,-1.0
68.2,0.100812,0.107847,0.120375,1.0,-1.0
68.3,-0.077875,-0.033168,-0.022283,1.0,-1.0
68.4,-0.005217,0.009043,-0.013267,1.0,-1.0
68.5,-0.147782,-0.163564,-0.178733,1.0,-1.0
68.6,0.014678,-0.003435,-0.004831,1.0,-1.0
68.7,0.019858,0.020553,0.015971,1.0,-1.0
68.8,0.060665,0.112297,0.111951,1.0,-1.0
68.9,-0.028686,-0.049227,-0.063482,1.0,-1.0
69.0,0.016502,0.000089,-0.002390,1.0,-1.0
69.1,0.014137,0.011405,-0.004732,1.0,-1.0
69.2,0.096798,0.085994,0.125133,1.0,-1.0
69.3,0.024742,0.023957,0.026495,1.0,-1.0
69.4,-0.071784,-0.062991,-0.054791,1.0,-1.0
69.5,-0.011953,-0.023867,-0.028931,1.0,-1.0
69.6,-0.024152,-0.036303,-0.064104,1.0,-1.0
69.7,0.018787,0.026993,0.040958,1.0,-1.0
69.8,-0.040585,-0.011426,-0.023604,1.0,-1.0
69.9,-0.003363,0.011038,-0.012946,1.0,-1.0
70.0,-0.029096,-0.028174,-0.034606,1.0,-1.0
70.1,-0.000327,-0.034556,-0.025898,1.0,-1.0
70.2,-0.104262,-0.108550,-0.107343,1.0,-1.0
70.3,0.077052,0.127103,0.125701,1.0,-1.0
70.4,-0.015847,-0.010142,-0.002573,1.0,-1.0
70.5,0.125131,0.110220,0.117570,1.0,-1.0
70.6,-0.051923,-0.041220,-0.060505,1.0,-1.0
70.7,0.048303,0.010776,-0.007238,1.0,-1.0
70.8,-0.005732,-0.001566,0.017076,1.0,-1.0
70.9,0.051463,0.032014,0.040463,1.0,-1.0
71.0,-0.081765,-0.109875,-0.132520,1.0,-1.0
71.1,-0.002217,0.003587,0.025415,1.0,-1.0
71.2,-0.087530,-0.072527,-0.082182,1.0,-1.0
71.3,0.111083,0.149077,0.151747,1.0,-1.0
71.4,-0.072706,-0.040814,-0.048757,1.0,-1.0
71.5,0.062077,0.063091,0.074220,1.0,-1.0
71.6,0.020839,0.016994,0.003762,1.0,-1.0
71.7,0.113003,0.076123,0.076628,1.0,-1.0
71.8,-0.036434,-0.035664,-0.030757,1.0,-1.0
71.9,-0.068433,-0.059323,-0.028620,1.0,-1.0
72.0,-0.093902,-0.109099,-0.119153,1.0,-1.0
72.1,0.057751,0.029113,0.038965,1.0,-1.0
72.2,0.014886,0.003531,-0.016881,1.0,-1.0
72.3,-0.047585,-0.061105,-0.060023,1.0,-1.0
72.4,-0.056557,-0.055480,-0.078585,1.0,-1.0
72.5,-0.010724,-0.005305,-0.029420,1.0,-1.0
72.6,0.074507,0.072559,0.068409,1.0,-1.0
72.7,0.048946,0.056294,0.075812,1.0,-1.0
72.8,-0.061094,-0.010363,-0.019686,1.0,-1.0
72.9,-0.041902,-0.038631,-0.043066,1.0,-1.0
73.0,0.061311,0.074725,0.080944,1.0,-1.0
73.1,0.015801,0.007166,0.021737,1.0,-1.0
73.2,0.071852,0.051227,0.060139,1.0,-1.0
73.3,-0.072600,-0.060178,-0.043086,1.0,-1.0
73.4,0.057912,0.088378,0.096532,1.0,-1.0
73.5,0.003659,-0.039273,-0.028717,1.0,-1.0
73.6,-0.058563,-0.078192,-0.082752,1.0,-1.0
73.7,-0.077387,-0.073212,-0.071023,1.0,-1.0
73.8,0.004003,0.012667,0.018663,1.0,-1.0
73.9,0.009971,-0.003906,-0.012737,1.0,-1.0
74.0,0.080329,0.102032,0.099658,1.0,-1.0
74.1,-0.047548,-0.052766,-0.066157,1.0,-1.0
74.2,0.052657,0.098186,0.098449,1.0,-1.0
74.3,0.037066,0.044567,0.034913,1.0,-1.0
74.4,0.044749,0.036915,0.039603,1.0,-1.0
74.5,-0.035480,-0.048087,-0.036770,1.0,-1.0
74.6,-0.057008,-0.054818,-0.062714,1.0,-1.0
74.7,-0.037122,-0.072451,-0.059474,1.0,-1.0
74.8,-0.010296,-0.001382,-0.005637,1.0,-1.0
74.9,-0.000589,-0.011685,-0.016845,1.0,-1.0
75.0,-0.021424,-0.021746,-0.031387,1.0,-1.0
75.1,0.091601,0.066510,0.059582,1.0,-1.0
75.2,-0.000071,0.017754,0.007461,1.0,-1.0
75.3,0.000897,-0.010373,-0.013726,1.0,-1.0
75.4,-0.076109,-0.048795,-0.052420,1.0,-1.0
75.5,0.017967,0.011816,0.023879,1.0,-1.0
75.6,-0.001894,0.007773,0.007082,1.0,-1.0
75.7,-0.000598,-0.015238,-0.001947,1.0,-1.0
75.8,-0.095881,-0.085810,-0.095328,1.0,-1.0
75.9,0.031362,0.044360,0.066896,1.0,-1.0
76.0,-0.018617,-0.006496,0.004491,1.0,-1.0
76.1,0.122899,0.104894,0.118350,1.0,-1.0
76.2,-0.022214,-0.028641,-0.064507,1.0,-1.0
76.3,0.039787,0.022093,0.025631,1.0,-1.0
76.4,-0.013636,0.014505,0.011476,1.0,-1.0
76.5,0.073041,0.074727,0.067442,1.0,-1.0
76.6,0.025769,0.008951,0.008602,1.0,-1.0
76.7,0.019659,-0.005083,0.008189,1.0,-1.0
76.8,-0.090154,-0.084894,-0.081888,1.0,-1.0
76.9,0.040127,0.046875,0.029866,1.0,-1.0
77.0,-0.104568,-0.077676,-0.047536,1.0,-1.0
77.1,-0.000203,0.000738,-0.027708,1.0,-1.0
77.2,-0.131195,-0.133852,-0.152160,1.0,-1.0
77.3,0.026050,0.042996,0.013439,1.0,-1.0
77.4,0.020645,0.010245,0.027525,1.0,-1.0
77.5,0.092108,0.072066,0.076010,1.0,-1.0
77.6,-0.020450,-0.029874,-0.038195,1.0,-1.0
77.7,0.045046,0.043863,0.044156,1.0,-1.0
77.8,0.033422,0.033263,0.017049,1.0,-1.0
77.9,0.064466,0.058735,0.061406,1.0,-1.0
78.0,-0.011403,-0.009005,-0.020006,1.0,-1.0
78.1,-0.132801,-0.161328,-0.135248,1.0,-1.0
78.2,-0.024555,0.007653,0.016423,1.0,-1.0
78.3,0.004232,0.003069,-0.008092,1.0,-1.0
78.4,0.022312,0.057128,0.052396,1.0,-1.0
78.5,-0.036495,-0.040981,-0.021732,1.0,-1.0
78.6,0.022093,0.033016,0.042057,1.0,-1.0
78.7,-0.018675,-0.021902,-0.024893,1.0,-1.0
78.8,0.110325,0.141927,0.149957,1.0,-1.0
78.9,-0.097832,-0.130171,-0.145033,1.0,-1.0
79.0,0.074509,0.073150,0.068724,1.0,-1.0
79.1,-0.013545,-0.025986,-0.063788,1.0,-1.0
79.2,0.036391,0.038935,0.018543,1.0,-1.0
79.3,-0.000092,-0.007775,-0.014352,1.0,-1.0
79.4,-0.031524,-0.007784,-0.043322,1.0,-1.0
79.5,-0.004786,0.011236,0.034308,1.0,-1.0
79.6,0.050332,0.033968,0.031745,1.0,-1.0
79.7,-0.050649,-0.072136,-0.036659,1.0,-1.0
79.8,-0.018657,-0.024927,-0.019444,1.0,-1.0
79.9,-0.031428,-0.014401,-0.023136,1.0,-1.0
80.0,0.039870,0.037848,0.021479,1.0,-1.0
80.1,0.052297,0.006486,0.020186,1.0,-1.0
80.2,-0.029012,-0.050746,-0.040507,1.0,-1.0
80.3,-0.016334,0.003373,-0.015115,1.0,-1.0
80.4,0.009747,0.040761,0.067239,1.0,-1.0
80.5,-0.022828,0.003496,-0.018223,1.0,-1.0
80.6,-0.071574,-0.070685,-0.074143,1.0,-1.0
80.7,-0.040539,-0.059319,-0.066791,1.0,-1.0
80.8,-0.016557,-0.032945,-0.021011,1.0,-1.0
80.9,0.101422,0.088212,0.107099,1.0,-1.0
81.0,-0.012063,-0.009414,-0.011206,1.0,-1.0
81.1,0.036144,0.013399,0.015366,1.0,-1.0
81.2,0.005396,-0.014587,0.009842,1.0,-1.0
81.3,0.101561,0.105458,0.080857,1.0,-1.0
81.4,-0.002978,0.034804,0.040636,1.0,-1.0
81.5,-0.023288,0.003849,0.000049,1.0,-1.0
81.6,-0.152044,-0.122826,-0.110668,1.0,-1.0
81.7,0.108827,0.069805,0.073677,1.0,-1.0
81.8,-0.052083,-0.027451,-0.011013,1.0,-1.0
81.9,0.089926,0.079142,0.075945,1.0,-1.0
82.0,-0.119679,-0.101696,-0.115286,1.0,-1.0
82.1,0.069051,0.059653,0.055667,1.0,-1.0
82.2,0.029751,0.042107,0.024239,1.0,-1.0
82.3,0.001202,0.013121,-0.015458,1.0,-1.0
82.4,-0.079791,-0.075680,-0.087792,1.0,-1.0
82.5,0.022990,0.013961,0.015312,1.0,-1.0
82.6,-0.030107,-0.035391,-0.037009,1.0,-1.0
82.7,0.089764,0.066526,0.068527,1.0,-1.0
82.8,-0.073185,-0.097752,-0.099104,1.0,-1.0
82.9,0.011804,0.012633,0.001673,1.0,-1.0
83.0,0.016158,0.030559,0.032846,1.0,-1.0
83.1,-0.013542,0.017007,0.014661,1.0,-1.0
83.2,-0.015569,-0.060851,-0.050957,1.0,-1.0
83.3,-0.051350,-0.049154,-0.060872,1.0,-1.0
83.4,-0.019395,-0.005943,-0.019812,1.0,-1.0
83.5,0.058481,0.102156,0.098931,1.0,-1.0
83.6,0.026551,0.006988,0.005049,1.0,-1.0
83.7,0.024813,0.018093,0.021439,1.0,-1.0
83.8,0.062454,0.055227,0.058492,1.0,-1.0
83.9,-0.010724,0.001591,-0.027285,1.0,-1.0
84.0,-0.007209,-0.016705,-0.026461,1.0,-1.0
84.1,-0.057456,-0.079452,-0.080359,1.0,-1.0
84.2,-0.035129,-0.044704,-0.048126,1.0,-1.0
84.3,-0.030655,-0.055231,-0.038849,1.0,-1.0
84.4,0.003100,0.007498,-0.008104,1.0,-1.0
84.5,-0.048319,-0.043329,-0.044491,1.0,-1.0
84.6,0.113683,0.133926,0.131568,1.0,-1.0
84.7,-0.015972,-0.017912,0.004308,1.0,-1.0
84.8,0.114482,0.118351,0.120161,1.0,-1.0
84.9,-0.024277,-0.023058,0.001739,1.0,-1.0
85.0,0.020109,0.036043,0.038390,1.0,-1.0
85.1,-0.042338,-0.044561,-0.058710,1.0,-1.0
85.2,0.021806,0.018012,0.029875,1.0,-1.0
85.3,-0.053719,-0.049010,-0.056670,1.0,-1.0
85.4,-0.009715,-0.005991,0.005663,1.0,-1.0
85.5,-0.095273,-0.097519,-0.099070,1.0,-1.0
85.6,0.032991,0.032486,0.026260,1.0,-1.0
85.7,-0.030130,-0.046733,-0.042525,1.0,-1.0
85.8,-0.007023,-0.015025,-0.019641,1.0,-1.0
85.9,-0.043977,-0.063751,-0.074145,1.0,-1.0
86.0,0.016354,0.022131,0.031370,1.0,-1.0
86.1,0.083531,0.099026,0.115765,1.0,-1.0
86.2,0.032060,0.068013,0.075306,1.0,-1.0
86.3,0.052037,0.074082,0.085402,1.0,-1.0
86.4,-0.040064,-0.048349,-0.054492,1.0,-1.0
86.5,0.065205,0.066317,0.095102,1.0,-1.0
86.6,-0.011109,0.001810,-0.003893,1.0,-1.0
86.7,0.001098,-0.003716,-0.002750,1.0,-1.0
86.8,-0.111820,-0.129620,-0.111027,1.0,-1.0
86.9,0.011952,0.008297,-0.006019,1.0,-1.0
87.0,-0.012010,-0.010537,-0.007719,1.0,-1.0
87.1,0.094287,0.118580,0.131847,1.0,-1.0
87.2,-0.071444,-0.087158,-0.087541,1.0,-1.0
87.3,0.077416,0.055378,0.034129,1.0,-1.0
87.4,-0.059382,-0.054834,-0.049185,1.0,-1.0
87.5,0.090896,0.088400,0.097095,1.0,-1.0
87.6,-0.109996,-0.098776,-0.101133,1.0,-1.0
87.7,0.011030,0.003056,-0.000284,1.0,-1.0
87.8,-0.073918,-0.080269,-0.102432,1.0,-1.0
87.9,0.041536,0.026867,0.042841,1.0,-1.0
88.0,-0.007518,0.005851,-0.007475,1.0,-1.0
88.1,0.047499,0.035753,0.032919,1.0,-1.0
88.2,-0.037385,-0.042947,-0.068777,1.0,-1.0
88.3,0.083724,0.059327,0.048571,1.0,-1.0
88.4,-0.021122,-0.032241,-0.016491,1.0,-1.0
88.5,0.026074,0.030171,0.065051,1.0,-1.0
88.6,-0.037595,-0.053312,-0.045586,1.0,-1.0
88.7,-0.010117,0.012897,-0.012514,1.0,-1.0
88.8,-0.005063,-0.019071,-0.012305,1.0,-1.0
88.9,-0.036420,-0.020139,-0.013612,1.0,-1.0
89.0,-0.038487,-0.037076,-0.041578,1.0,-1.0
89.1,0.026165,0.038531,0.027497,1.0,-1.0
89.2,-0.000659,0.030816,0.017913,1.0,-1.0
89.3,-0.042812,-0.045115,-0.053763,1.0,-1.0
89.4,0.030325,0.040917,0.060142,1.0,-1.0
89.5,0.033562,0.040487,0.070561,1.0,-1.0
89.6,0.122286,0.118952,0.126088,1.0,-1.0
89.7,0.028907,0.008482,0.022395,1.0,-1.0
89.8,-0.036105,-0.036849,-0.026691,1.0,-1.0
89.9,0.013932,0.013231,-0.014539,1.0,-1.0
90.0,0.030999,0.051690,0.065996,1.0,-1.0
90.1,-0.068476,-0.083562,-0.064008,1.0,-1.0
90.2,-0.040834,-0.027084,-0.024729,1.0,-1.0
90.3,-0.181921,-0.183639,-0.192316,1.0,-1.0
90.4,0.102819,0.123484,0.145713,1.0,-1.0
90.5,0.002557,0.026648,0.038273,1.0,-1.0
90.6,0.021635,0.032806,0.065180,1.0,-1.0
90.7,-0.025483,-0.027806,-0.064594,1.0,-1.0
90.8,0.060347,0.047481,0.050592,1.0,-1.0
90.9,0.047630,0.022680,0.032591,1.0,-1.0
91.0,0.024779,0.019294,0.003160,1.0,-1.0
91.1,-0.140673,-0.156301,-0.174724,1.0,-1.0
91.2,0.028097,-0.004029,-0.017927,1.0,-1.0
91.3,-0.013615,-0.031944,-0.025511,1.0,-1.0
91.4,0.041599,0.042718,0.038047,1.0,-1.0
91.5,-0.009702,-0.021074,-0.032774,1.0,-1.0
91.6,-0.031976,-0.022330,-0.023586,1.0,-1.0
91.7,0.054658,0.051875,0.059726,1.0,-1.0
91.8,0.008700,0.013784,0.010195,1.0,-1.0
91.9,0.026892,0.035148,0.030982,1.0,-1.0
92.0,-0.032953,0.001209,0.037013,1.0,-1.0
92.1,0.014666,0.011172,-0.002229,1.0,-1.0
92.2,-0.006530,-0.002512,-0.012438,1.0,-1.0
92.3,0.052539,0.047344,0.022574,1.0,-1.0
92.4,-0.037102,-0.049255,-0.033205,1.0,-1.0
92.5,0.059943,0.055269,0.069981,1.0,-1.0
92.6,-0.050333,-0.046977,-0.034940,1.0,-1.0
92.7,-0.028534,-0.035732,-0.037966,1.0,-1.0
92.8,-0.076231,-0.075639,-0.091307,1.0,-1.0
92.9,0.003911,-0.007491,-0.024695,1.0,-1.0
93.0,-0.006307,-0.012356,-0.034682,1.0,-1.0
93.1,0.066012,0.050450,0.051881,1.0,-1.0
93.2,-0.068970,-0.037288,-0.050474,1.0,-1.0
93.3,0.117162,0.121172,0.122313,1.0,-1.0
93.4,-0.023960,0.016164,0.020897,1.0,-1.0
93.5,0.082596,0.100111,0.109932,1.0,-1.0
93.6,-0.058737,-0.038457,-0.018538,1.0,-1.0
93.7,-0.055691,-0.068127,-0.085066,1.0,-1.0
93.8,-0.058865,-0.049512,-0.031993,1.0,-1.0
93.9,0.050220,0.006522,-0.011352,1.0,-1.0
94.0,-0.064226,-0.076959,-0.076057,1.0,-1.0
94.1,0.051101,0.052267,0.037802,1.0,-1.0
94.2,-0.067469,-0.058623,-0.052484,1.0,-1.0
94.3,0.114961,0.103836,0.075780,1.0,-1.0
94.4,0.037802,0.035365,0.012807,1.0,-1.0
94.5,-0.047772,-0.014195,0.000365,1.0,-1.0
94.6,-0.023805,-0.020989,-0.003464,1.0,-1.0
94.7,-0.012788,-0.018748,-0.036855,1.0,-1.0
94.8,0.080179,0.055086,0.066540,1.0,-1.0
94.9,-0.004093,-0.012002,-0.021824,1.0,-1.0
95.0,-0.004754,0.003201,0.016800,1.0,-1.0
95.1,-0.062120,-0.052008,-0.072453,1.0,-1.0
95.2,0.083935,0.079274,0.065587,1.0,-1.0
95.3,-0.005673,-0.001388,-0.004209,1.0,-1.0
95.4,0.024447,0.029340,0.033260,1.0,-1.0
95.5,-0.100879,-0.130646,-0.135671,1.0,-1.0
95.6,-0.004643,0.017740,0.029875,1.0,-1.0
95.7,0.006420,0.017144,0.022081,1.0,-1.0
95.8,0.070434,0.055957,0.066068,1.0,-1.0
95.9,-0.062741,-0.107163,-0.132229,1.0,-1.0
96.0,0.009500,-0.018051,-0.028302,1.0,-1.0
96.1,-0.050240,-0.051475,-0.042510,1.0,-1.0
96.2,0.007831,0.012212,0.012518,1.0,-1.0
96.3,-0.036441,0.006821,0.017575,1.0,-1.0
96.4,-0.036086,-0.043823,-0.048964,1.0,-1.0
96.5,0.010450,0.022764,-0.011145,1.0,-1.0
96.6,0.050022,0.058696,0.080056,1.0,-1.0
96.7,0.051933,0.034529,0.034730,1.0,-1.0
96.8,0.056451,0.053567,0.048776,1.0,-1.0
96.9,0.018298,0.015899,-0.019442,1.0,-1.0
97.0,0.061805,0.068348,0.069284,1.0,-1.0
97.1,-0.007695,-0.016551,-0.008503,1.0,-1.0
97.2,-0.047223,-0.007417,0.008736,1.0,-1.0
97.3,-0.080585,-0.067055,-0.088881,1.0,-1.0
97.4,-0.028600,-0.008496,-0.033942,1.0,-1.0
97.5,-0.001182,-0.022974,-0.032390,1.0,-1.0
97.6,-0.059756,-0.068317,-0.089129,1.0,-1.0
97.7,0.011995,0.010108,0.004495,1.0,-1.0
97.8,0.025083,0.066452,0.051101,1.0,-1.0
97.9,0.090456,0.091338,0.084571,1.0,-1.0
98.0,-0.045982,-0.059256,-0.062114,1.0,-1.0
98.1,0.024175,0.021901,0.003650,1.0,-1.0
98.2,0.019469,0.007930,0.011864,1.0,-1.0
98.3,0.112951,0.099458,0.106992,1.0,-1.0
98.4,-0.058584,-0.063842,-0.038535,1.0,-1.0
98.5,-0.056253,-0.037201,-0.025013,1.0,-1.0
98.6,-0.091248,-0.093366,-0.071635,1.0,-1.0
98.7,0.093556,0.099663,0.088315,1.0,-1.0
98.8,-0.065405,-0.066011,-0.058170,1.0,-1.0
98.9,-0.019580,-0.028489,-0.031313,1.0,-1.0
99.0,-0.146962,-0.167249,-0.173606,1.0,-1.0
99.1,0.101509,0.090704,0.091320,1.0,-1.0
99.2,0.094368,0.072952,0.083882,1.0,-1.0
99.3,0.030221,0.023756,0.027275,1.0,-1.0
99.4,-0.030138,-0.013733,-0.023073,1.0,-1.0
99.5,0.017367,0.015427,0.008132,1.0,-1.0
99.6,0.028216,0.012742,0.018532,1.0,-1.0
99.7,0.033969,0.050763,0.057155,1.0,-1.0
99.8,-0.120008,-0.152085,-0.170527,1.0,-1.0
99.9,-0.009107,0.007149,0.009722,1.0,-1.0
100.0,0.034130,0.025190,0.039478,1.0,-1.0
100.1,0.035056,0.038063,0.042597,1.0,-1.0
100.2,0.044057,0.059944,0.102977,1.0,-1.0
100.3,-0.029968,0.003997,0.000040,1.0,-1.0
100.4,0.038666,0.023770,0.026193,1.0,-1.0
100.5,0.024889,0.027714,0.057254,1.0,-1.0
100.6,-0.003209,0.008857,0.023662,1.0,-1.0
100.7,-0.104983,-0.093945,-0.087822,1.0,-1.0
100.8,-0.011139,-0.015909,-0.011642,1.0,-1.0
100.9,-0.059247,-0.049699,-0.063182,1.0,-1.0
101.0,0.067977,0.085756,0.102273,1.0,-1.0
101.1,-0.053878,-0.065553,-0.050316,1.0,-1.0
101.2,0.024278,0.015348,0.009450,1.0,-1.0
101.3,0.001315,-0.027630,-0.045568,1.0,-1.0
101.4,0.041668,0.057786,0.049465,1.0,-1.0
101.5,-0.063881,-0.042813,-0.066661,1.0,-1.0
101.6,0.071313,0.050858,0.024547,1.0,-1.0
101.7,-0.032045,-0.029050,-0.039979,1.0,-1.0
101.8,0.093957,0.084829,0.078963,1.0,-1.0
101.9,-0.060114,-0.039643,-0.034900,1.0,-1.0
102.0,0.001218,0.004673,-0.000797,1.0,-1.0
102.1,0.013537,0.025260,0.019215,1.0,-1.0
102.2,0.018072,0.012066,0.007210,1.0,-1.0
102.3,-0.026914,-0.012251,0.001273,1.0,-1.0
102.4,-0.071697,-0.109011,-0.131550,1.0,-1.0
102.5,-0.042648,-0.037485,-0.033637,1.0,-1.0
102.6,0.084477,0.043120,0.058143,1.0,-1.0
102.7,0.055417,0.051517,0.054700,1.0,-1.0
102.8,0.014629,0.008106,0.008434,1.0,-1.0
102.9,-0.005280,0.014054,-0.035882,1.0,-1.0
103.0,0.007620,0.027556,0.012088,1.0,-1.0
103.1,0.067101,0.075793,0.062562,1.0,-1.0
103.2,-0.094939,-0.107142,-0.091640,1.0,-1.0
103.3,-0.043138,-0.063524,-0.045636,1.0,-1.0
103.4,-0.085453,-0.060372,-0.088380,1.0,-1.0
103.5,0.060112,0.073664,0.056855,1.0,-1.0
103.6,-0.011255,-0.027796,-0.039303,1.0,-1.0
103.7,0.055497,0.069640,0.052907,1.0,-1.0
103.8,-0.056309,-0.081806,-0.091298,1.0,-1.0
103.9,0.099485,0.119198,0.128168,1.0,-1.0
104.0,-0.010069,-0.041973,-0.034391,1.0,-1.0
104.1,0.049487,0.030059,0.027783,1.0,-1.0
104.2,-0.112625,-0.108478,-0.136904,1.0,-1.0
104.3,-0.019508,-0.018027,-0.004820,1.0,-1.0
104.4,-0.023941,-0.004705,0.008141,1.0,-1.0
104.5,0.096129,0.127936,0.125130,1.0,-1.0
104.6,-0.082922,-0.065823,-0.051718,1.0,-1.0
104.7,0.019281,0.008162,0.006353,1.0,-1.0
104.8,-0.040118,-0.057355,-0.074315,1.0,-1.0
104.9,0.055244,0.041824,0.041768,1.0,-1.0
105.0,0.034493,0.044365,0.043152,1.0,-1.0
105.1,-0.043092,-0.045721,-0.051250,1.0,-1.0
105.2,0.025145,0.031820,0.019719,1.0,-1.0
105.3,0.058771,0.065068,0.076213,1.0,-1.0
105.4,0.038113,0.047776,0.027479,1.0,-1.0
105.5,0.047152,0.037594,0.042320,1.0,-1.0
105.6,-0.043976,-0.057067,-0.086679,1.0,-1.0
105.7,-0.000315,0.040173,0.044623,1.0,-1.0
105.8,-0.009832,-0.039600,-0.047167,1.0,-1.0
105.9,-0.115720,-0.094916,-0.086761,1.0,-1.0
106.0,-0.057342,-0.058876,-0.083827,1.0,-1.0
106.1,-0.025131,-0.011511,0.000770,1.0,-1.0
106.2,0.045486,0.038404,0.073552,1.0,-1.0
106.3,-0.013142,-0.010766,-0.008905,1.0,-1.0
106.4,0.014643,-0.014091,-0.044075,1.0,-1.0
106.5,0.023015,0.035037,0.034157,1.0,-1.0
106.6,0.120716,0.114161,0.089182,1.0,-1.0
106.7,-0.055275,-0.059469,-0.087352,1.0,-1.0
106.8,-0.002772,0.011757,0.006089,1.0,-1.0
106.9,-0.057278,-0.076001,-0.075456,1.0,-1.0
107.0,0.081526,0.028591,0.045803,1.0,-1.0
107.1,-0.051644,-0.063578,-0.062821,1.0,-1.0
107.2,0.024402,0.022326,0.001747,1.0,-1.0
107.3,-0.099417,-0.049156,-0.034048,1.0,-1.0
107.4,0.130681,0.153938,0.132166,1.0,-1.0
107.5,-0.036601,-0.034188,-0.034901,1.0,-1.0
107.6,0.034744,0.034627,0.017285,1.0,-1.0
107.7,-0.102164,-0.098853,-0.099648,1.0,-1.0
107.8,0.046181,0.014025,0.010484,1.0,-1.0
107.9,0.057823,0.053342,0.050426,1.0,-1.0
108.0,0.006044,-0.009638,0.009447,1.0,-1.0
108.1,-0.057192,-0.046604,-0.078661,1.0,-1.0
108.2,-0.029734,-0.026731,-0.010323,1.0,-1.0
108.3,0.038482,0.016909,-0.015580,1.0,-1.0
108.4,0.025531,0.068605,0.082284,1.0,-1.0
108.5,-0.037093,-0.010004,0.011052,1.0,-1.0
108.6,-0.041608,-0.023850,-0.036360,1.0,-1.0
108.7,0.063627,0.031252,0.053294,1.0,-1.0
108.8,0.021734,0.030732,0.058680,1.0,-1.0
108.9,0.083432,0.093231,0.073581,1.0,-1.0
109.0,-0.088494,-0.096971,-0.079662,1.0,-1.0
109.1,0.015293,0.016702,0.028008,1.0,-1.0
109.2,-0.052009,-0.073854,-0.067754,1.0,-1.0
109.3,-0.010815,-0.012417,-0.005252,1.0,-1.0
109.4,-0.104682,-0.095330,-0.083270,1.0,-1.0
109.5,-0.019626,-0.017480,-0.020708,1.0,-1.0
109.6,-0.011642,0.016247,0.013461,1.0,-1.0
109.7,0.098160,0.101063,0.072999,1.0,-1.0
109.8,-0.014957,-0.067745,-0.057345,1.0,-1.0
109.9,0.080969,0.090638,0.098153,1.0,-1.0
110.0,0.029814,0.023131,0.018946,1.0,-1.0
110.1,0.098458,0.115207,0.116905,1.0,-1.0
110.2,-0.077611,-0.092049,-0.087629,1.0,-1.0
110.3,0.032577,0.026178,0.022274,1.0,-1.0
110.4,-0.074187,-0.055296,-0.059067,1.0,-1.0
110.5,0.048670,0.043596,0.020150,1.0,-1.0
110.6,-0.063192,-0.065287,-0.081780,1.0,-1.0
110.7,-0.021573,-0.050065,-0.043012,1.0,-1.0
110.8,-0.010117,0.003108,-0.005925,1.0,-1.0
110.9,0.016745,0.006460,0.016038,1.0,-1.0
111.0,-0.022120,0.001114,-0.004215,1.0,-1.0
111.1,0.000145,0.022926,0.025605,1.0,-1.0
111.2,-0.006536,-0.010054,-0.016991,1.0,-1.0
111.3,0.049087,0.069733,0.061716,1.0,-1.0
111.4,0.054006,0.042171,0.053433,1.0,-1.0
111.5,-0.054237,-0.075816,-0.090116,1.0,-1.0
111.6,0.019968,0.034382,0.029535,1.0,-1.0
111.7,-0.040154,-0.054982,-0.062629,1.0,-1.0
111.8,0.031541,0.014910,0.019291,1.0,-1.0
111.9,-0.094453,-0.078319,-0.099954,1.0,-1.0
112.0,-0.013003,-0.034017,-0.044154,1.0,-1.0
112.1,-0.059042,-0.050603,-0.051375,1.0,-1.0
112.2,0.110885,0.106032,0.110298,1.0,-1.0
112.3,0.011223,-0.006364,0.000459,1.0,-1.0
112.4,0.083274,0.096453,0.082215,1.0,-1.0
112.5,-0.009453,0.026464,0.015769,1.0,-1.0
112.6,0.013823,0.028939,0.035815,1.0,-1.0
112.7,-0.006441,-0.019381,-0.043417,1.0,-1.0
112.8,0.008397,-0.003739,0.010400,1.0,-1.0
112.9,-0.112988,-0.128599,-0.145310,1.0,-1.0
113.0,0.004494,-0.006732,-0.029010,1.0,-1.0
113.1,-0.052846,-0.021897,-0.005756,1.0,-1.0
113.2,0.100822,0.068338,0.070272,1.0,-1.0
113.3,-0.018217,-0.022001,-0.013384,1.0,-1.0
113.4,0.023243,0.018395,0.030265,1.0,-1.0
113.5,0.027286,0.042558,0.038884,1.0,-1.0
113.6,0.037097,0.052092,0.026708,1.0,-1.0
113.7,-0.026623,-0.013750,-0.041264,1.0,-1.0
113.8,-0.032638,-0.024991,-0.042902,1.0,-1.0
113.9,-0.054085,-0.043788,-0.029648,1.0,-1.0
114.0,0.063340,0.068388,0.053730,1.0,-1.0
114.1,-0.008357,-0.013095,-0.000347,1.0,-1.0
114.2,-0.006492,0.001150,0.002658,1.0,-1.0
114.3,-0.034837,-0.058964,-0.066393,1.0,-1.0
114.4,-0.027468,-0.028136,-0.011579,1.0,-1.0
114.5,0.051443,0.032121,0.008725,1.0,-1.0
114.6,-0.069016,-0.042046,-0.032808,1.0,-1.0
114.7,-0.002345,0.001850,0.028595,1.0,-1.0
114.8,-0.018636,-0.042435,-0.041025,1.0,-1.0
114.9,0.065006,0.056261,0.071422,1.0,-1.0
115.0,-0.006060,-0.000606,-0.022636,1.0,-1.0
115.1,0.057731,0.068922,0.080165,1.0,-1.0
115.2,-0.020305,-0.040403,-0.049254,1.0,-1.0
115.3,0.085457,0.122952,0.143294,1.0,-1.0
115.4,-0.095499,-0.127932,-0.108355,1.0,-1.0
115.5,-0.011387,0.002757,0.005316,1.0,-1.0
115.6,-0.018302,-0.022862,-0.032703,1.0,-1.0
115.7,0.068143,0.054677,0.051580,1.0,-1.0
115.8,-0.001004,-0.013789,-0.009444,1.0,-1.0
115.9,0.040895,0.018074,0.004068,1.0,-1.0
116.0,-0.071065,-0.089323,-0.090687,1.0,-1.0
116.1,0.101260,0.131882,0.151366,1.0,-1.0
116.2,-0.031984,-0.002287,0.018998,1.0,-1.0
116.3,-0.033647,-0.043195,-0.062833,1.0,-1.0
116.4,-0.073762,-0.072563,-0.057650,1.0,-1.0
116.5,-0.071054,-0.055244,-0.084594,1.0,-1.0
116.6,0.049991,0.045090,0.065683,1.0,-1.0
116.7,-0.014243,0.002827,-0.007909,1.0,-1.0
116.8,-0.038239,-0.018633,-0.005470,1.0,-1.0
116.9,0.042061,0.033127,0.030967,1.0,-1.0
117.0,0.070581,0.083650,0.070444,1.0,-1.0
117.1,0.028465,0.007382,0.004722,1.0,-1.0
117.2,0.002768,-0.033843,-0.043927,1.0,-1.0
117.3,-0.081364,-0.077625,-0.069556,1.0,-1.0
117.4,0.120930,0.095497,0.065887,1.0,-1.0
117.5,-0.007773,-0.003735,-0.002461,1.0,-1.0
117.6,0.026487,0.028250,0.041602,1.0,-1.0
117.7,-0.133335,-0.094651,-0.053978,1.0,-1.0
117.8,0.000073,0.028094,0.051249,1.0,-1.0
117.9,-0.010544,0.001880,0.002080,1.0,-1.0
118.0,0.036923,0.025942,0.033648,1.0,-1.0
118.1,-0.091567,-0.095586,-0.081427,1.0,-1.0
118.2,0.003156,-0.009730,-0.007448,1.0,-1.0
118.3,0.028224,0.051115,0.089751,1.0,-1.0
118.4,0.119606,0.096749,0.107748,1.0,-1.0
118.5,0.004989,0.023443,0.008680,1.0,-1.0
118.6,0.059159,0.027180,0.021460,1.0,-1.0
118.7,0.009071,-0.000613,-0.006372,1.0,-1.0
118.8,0.020768,-0.006658,-0.017802,1.0,-1.0
118.9,-0.099580,-0.085222,-0.071734,1.0,-1.0
119.0,-0.043190,-0.070293,-0.101156,1.0,-1.0
119.1,-0.032785,-0.021649,-0.002568,1.0,-1.0
119.2,0.018291,0.030129,0.025042,1.0,-1.0
119.3,-0.048246,-0.001306,-0.003913,1.0,-1.0
119.4,-0.025325,-0.038396,-0.049284,1.0,-1.0
119.5,0.025966,0.054833,0.024457,1.0,-1.0
119.6,0.042200,0.059831,0.062609,1.0,-1.0
119.7,0.018651,0.013745,0.037260,1.0,-1.0
119.8,-0.014851,-0.033607,-0.041354,1.0,-1.0
119.9,-0.021427,-0.073359,-0.046257,1.0,-1.0
120.0,0.018497,0.013149,0.008367,1.0,-1.0
120.1,0.024784,0.038642,0.032375,1.0,-1.0
120.2,-0.047594,-0.066107,-0.034151,1.0,-1.0
120.3,0.048421,0.025501,0.019851,1.0,-1.0
120.4,-0.026923,-0.023725,-0.023626,1.0,-1.0
120.5,0.081575,0.083350,0.060531,1.0,-1.0
120.6,-0.083999,-0.082088,-0.109480,1.0,-1.0
120.7,0.018176,0.043349,0.025448,1.0,-1.0
120.8,-0.002561,-0.007374,-0.025117,1.0,-1.0
120.9,0.110176,0.118721,0.119971,1.0,-1.0
121.0,-0.003609,-0.007131,-0.022564,1.0,-1.0
121.1,-0.018607,0.006821,0.009946,1.0,-1.0
121.2,-0.081660,-0.079190,-0.119332,1.0,-1.0
121.3,0.003983,0.038718,0.049962,1.0,-1.0
121.4,0.000415,-0.020437,-0.021087,1.0,-1.0
121.5,0.000438,0.023802,-0.001800,1.0,-1.0
121.6,-0.119124,-0.132640,-0.122762,1.0,-1.0
121.7,-0.007162,-0.014494,-0.008733,1.0,-1.0
121.8,0.057255,0.030543,0.023427,1.0,-1.0
121.9,0.100586,0.077045,0.077105,1.0,-1.0
122.0,0.054916,0.065675,0.043457,1.0,-1.0
122.1,-0.056053,-0.049467,-0.040403,1.0,-1.0
122.2,0.029421,0.036703,0.047567,1.0,-1.0
122.3,-0.014185,0.009121,0.028651,1.0,-1.0
122.4,-0.062472,-0.049434,-0.066874,1.0,-1.0
122.5,-0.055406,-0.023360,-0.035159,1.0,-1.0
122.6,-0.035043,-0.030986,-0.010715,1.0,-1.0
122.7,0.028540,0.028051,0.004271,1.0,-1.0
122.8,0.059082,0.034291,0.023671,1.0,-1.0
122.9,-0.042484,-0.059459,-0.064388,1.0,-1.0
123.0,0.060575,0.017852,0.018132,1.0,-1.0
123.1,0.012480,0.006537,0.002921,1.0,-1.0
123.2,0.090938,0.085075,0.092921,1.0,-1.0
123.3,-0.065274,-0.072441,-0.075367,1.0,-1.0
123.4,-0.010333,-0.027958,-0.008522,1.0,-1.0
123.5,-0.089241,-0.075145,-0.088894,1.0,-1.0
123.6,0.117502,0.138350,0.123245,1.0,-1.0
123.7,-0.063909,-0.072032,-0.062164,1.0,-1.0
123.8,0.063482,0.046150,0.062730,1.0,-1.0
123.9,-0.072672,-0.076514,-0.040589,1.0,-1.0
124.0,0.043733,0.037343,0.046541,1.0,-1.0
124.1,-0.063552,-0.037682,-0.043337,1.0,-1.0
124.2,0.027011,0.026437,0.022054,1.0,-1.0
124.3,-0.021284,0.001892,-0.008056,1.0,-1.0
124.4,0.103135,0.097209,0.108137,1.0,-1.0
124.5,-0.039219,-0.038158,-0.037324,1.0,-1.0
124.6,0.000511,-0.009653,-0.034535,1.0,-1.0
124.7,-0.050843,-0.032640,-0.045703,1.0,-1.0
124.8,0.021885,0.018549,0.009179,1.0,-1.0
124.9,0.046648,0.059805,0.056538,1.0,-1.0
125.0,-0.119539,-0.138366,-0.153914,1.0,-1.0
125.1,-0.075940,-0.057701,-0.070453,1.0,-1.0
125.2,-0.066639,-0.058949,-0.040971,1.0,-1.0
125.3,0.134341,0.141285,0.167957,1.0,-1.0
125.4,0.081944,0.103740,0.076981,1.0,-1.0
125.5,-0.005306,-0.023592,-0.025984,1.0,-1.0
125.6,0.001963,-0.015929,-0.018422,1.0,-1.0
125.7,0.097841,0.118555,0.110162,1.0,-1.0
125.8,0.017345,0.028631,0.037855,1.0,-1.0
125.9,0.005081,0.000040,0.024336,1.0,-1.0
126.0,-0.138079,-0.134240,-0.121221,1.0,-1.0
126.1,0.052085,0.017660,0.025955,1.0,-1.0
126.2,0.006027,-0.007241,-0.002425,1.0,-1.0
126.3,-0.017318,-0.009611,-0.010225,1.0,-1.0
126.4,-0.093218,-0.101142,-0.122291,1.0,-1.0
126.5,0.014904,0.023680,0.005516,1.0,-1.0
126.6,0.039289,0.044286,0.041441,1.0,-1.0
126.7,0.081213,0.095810,0.108262,1.0,-1.0
126.8,-0.121557,-0.117071,-0.132580,1.0,-1.0
126.9,-0.029695,-0.041838,-0.042571,1.0,-1.0
127.0,0.023827,0.003783,-0.006370,1.0,-1.0
127.1,0.110036,0.088375,0.088314,1.0,-1.0
127.2,-0.001172,0.013457,0.003317,1.0,-1.0
127.3,-0.005337,-0.017126,-0.011842,1.0,-1.0
127.4,-0.059604,-0.077499,-0.086022,1.0,-1.0
127.5,0.034184,0.035028,0.042661,1.0,-1.0
127.6,-0.039187,-0.031515,-0.009531,1.0,-1.0
127.7,-0.025716,-0.020579,-0.019709,1.0,-1.0
127.8,0.034792,0.048838,0.077673,1.0,-1.0
127.9,-0.039003,-0.032810,-0.046421,1.0,-1.0
128.0,0.028718,0.041881,0.037947,1.0,-1.0
128.1,-0.030010,-0.036855,-0.026007,1.0,-1.0
128.2,0.059551,0.066735,0.025872,1.0,-1.0
128.3,0.027331,0.018547,-0.014158,1.0,-1.0
128.4,0.019635,0.013572,0.055478,1.0,-1.0
128.5,-0.094956,-0.088460,-0.051615,1.0,-1.0
128.6,-0.004583,-0.021995,-0.028430,1.0,-1.0
128.7,-0.035713,-0.035339,-0.029828,1.0,-1.0
128.8,0.127784,0.139367,0.130894,1.0,-1.0
128.9,-0.034832,-0.029182,-0.033636,1.0,-1.0
129.0,0.056655,0.047520,0.009089,1.0,-1.0
129.1,-0.053461,-0.050746,-0.042985,1.0,-1.0
129.2,0.106511,0.106252,0.120280,1.0,-1.0
129.3,-0.050951,-0.035374,-0.015145,1.0,-1.0
129.4,0.008088,0.034957,0.025543,1.0,-1.0
129.5,-0.084723,-0.085688,-0.098580,1.0,-1.0
129.6,0.033128,0.048546,0.058853,1.0,-1.0
129.7,-0.064662,-0.054013,-0.064524,1.0,-1.0
129.8,-0.007935,-0.025109,-0.038555,1.0,-1.0
129.9,-0.115986,-0.125179,-0.147734,1.0,-1.0
130.0,0.070966,0.089853,0.069061,1.0,-1.0
130.1,0.010476,-0.014612,-0.000965,1.0,-1.0
130.2,0.068312,0.064182,0.048642,1.0,-1.0
130.3,-0.081992,-0.082706,-0.081555,1.0,-1.0
130.4,0.020534,0.014752,0.026110,1.0,-1.0
130.5,0.094613,0.107439,0.134227,1.0,-1.0
130.6,0.121856,0.088317,0.097858,1.0,-1.0
130.7,0.006216,-0.004905,0.002076,1.0,-1.0
130.8,-0.108172,-0.100485,-0.108174,1.0,-1.0
130.9,-0.038296,-0.053795,-0.061556,1.0,-1.0
131.0,-0.015616,-0.005142,-0.008565,1.0,-1.0
131.1,0.004983,0.013170,0.001768,1.0,-1.0
131.2,-0.049245,-0.042880,-0.028244,1.0,-1.0
131.3,-0.024445,-0.044961,-0.067486,1.0,-1.0
131.4,0.002471,-0.017198,-0.017941,1.0,-1.0
131.5,0.108189,0.111486,0.120913,1.0,-1.0
131.6,0.008652,0.015892,0.018179,1.0,-1.0
131.7,0.078346,0.093150,0.078676,1.0,-1.0
131.8,-0.056056,-0.070949,-0.074401,1.0,-1.0
131.9,0.034414,0.030752,-0.000088,1.0,-1.0
132.0,-0.090841,-0.089572,-0.071686,1.0,-1.0
132.1,-0.037120,-0.053690,-0.057517,1.0,-1.0
132.2,-0.069951,-0.075578,-0.082103,1.0,-1.0
132.3,0.083195,0.093750,0.076043,1.0,-1.0
132.4,-0.014084,-0.003574,0.000039,1.0,-1.0
132.5,0.020692,0.062866,0.078581,1.0,-1.0
132.6,-0.041820,-0.023217,0.015506,1.0,-1.0
132.7,0.049163,0.061110,0.071319,1.0,-1.0
132.8,0.013090,0.022747,0.019035,1.0,-1.0
132.9,0.027655,0.010853,0.022176,1.0,-1.0
133.0,-0.061174,-0.058015,-0.039211,1.0,-1.0
133.1,0.032170,0.022738,0.021699,1.0,-1.0
133.2,-0.011892,0.008967,0.002471,1.0,-1.0
133.3,-0.016535,-0.022765,-0.019220,1.0,-1.0
133.4,0.012338,0.012941,-0.000666,1.0,-1.0
133.5,-0.038164,-0.048294,-0.051086,1.0,-1.0
133.6,0.084116,0.110681,0.100016,1.0,-1.0
133.7,-0.076418,-0.086861,-0.088890,1.0,-1.0
133.8,-0.036830,-0.064286,-0.072348,1.0,-1.0
133.9,-0.006502,-0.024192,-0.038571,1.0,-1.0
134.0,0.161383,0.134911,0.137355,1.0,-1.0
134.1,0.052166,0.054802,0.024895,1.0,-1.0
134.2,0.000218,0.025176,0.033518,1.0,-1.0
134.3,-0.131148,-0.132003,-0.118687,1.0,-1.0
134.4,0.075404,0.074691,0.077732,1.0,-1.0
134.5,-0.013326,-0.007478,-0.003116,1.0,-1.0
134.6,-0.009998,-0.022945,-0.017718,1.0,-1.0
134.7,-0.151948,-0.139229,-0.148480,1.0,-1.0
134.8,0.011545,-0.000236,0.019362,1.0,-1.0
134.9,0.005730,-0.024658,-0.002432,1.0,-1.0
135.0,0.091442,0.072733,0.048278,1.0,-1.0
135.1,-0.032761,-0.013303,-0.003410,1.0,-1.0
135.2,0.033200,0.010890,0.017313,1.0,-1.0
135.3,0.000806,0.027070,0.031178,1.0,-1.0
135.4,0.023344,0.041763,0.052807,1.0,-1.0
135.5,-0.100017,-0.099930,-0.114528,1.0,-1.0
135.6,-0.011208,-0.023224,-0.046813,1.0,-1.0
135.7,-0.026095,-0.017173,-0.016922,1.0,-1.0
135.8,0.123344,0.111811,0.116671,1.0,-1.0
135.9,-0.040340,-0.014646,-0.028115,1.0,-1.0
136.0,0.039091,0.038734,0.059802,1.0,-1.0
136.1,-0.020741,-0.015172,-0.027898,1.0,-1.0
136.2,0.076176,0.086383,0.085143,1.0,-1.0
136.3,0.012306,0.014716,0.008011,1.0,-1.0
136.4,-0.024066,-0.015507,-0.009669,1.0,-1.0
136.5,-0.019722,-0.018520,-0.028002,1.0,-1.0
136.6,-0.038991,-0.053351,-0.056969,1.0,-1.0
136.7,-0.004756,-0.008962,0.004925,1.0,-1.0
136.8,0.002278,-0.011272,-0.009005,1.0,-1.0
136.9,0.009295,0.031003,0.052919,1.0,-1.0
137.0,-0.021555,-0.021429,0.000122,1.0,-1.0
137.1,0.004818,-0.012022,-0.006367,1.0,-1.0
137.2,-0.100393,-0.102331,-0.133620,1.0,-1.0
137.3,0.056311,0.059313,0.035292,1.0,-1.0
137.4,-0.013016,0.004747,0.000242,1.0,-1.0
137.5,0.132232,0.144025,0.132930,1.0,-1.0
137.6,-0.017108,0.004836,-0.006067,1.0,-1.0
137.7,-0.004381,-0.011830,-0.028551,1.0,-1.0
137.8,-0.021799,-0.047132,-0.042404,1.0,-1.0
137.9,0.069473,0.071020,0.070935,1.0,-1.0
138.0,-0.040984,-0.082157,-0.109537,1.0,-1.0
138.1,-0.057070,-0.053193,-0.059337,1.0,-1.0
138.2,-0.098159,-0.074510,-0.061019,1.0,-1.0
138.3,-0.026405,-0.030706,-0.023417,1.0,-1.0
138.4,0.035879,0.036256,0.041578,1.0,-1.0
138.5,0.003390,0.002186,-0.014836,1.0,-1.0
138.6,0.016213,-0.005318,-0.027404,1.0,-1.0
138.7,0.058575,0.072424,0.070380,1.0,-1.0
138.8,0.030223,0.027862,0.017879,1.0,-1.0
138.9,0.048517,0.044488,0.044967,1.0,-1.0
139.0,-0.007773,-0.017538,-0.025503,1.0,-1.0
139.1,-0.023109,-0.009090,-0.017446,1.0,-1.0
139.2,0.088673,0.078860,0.107213,1.0,-1.0
139.3,-0.027966,-0.020085,-0.014002,1.0,-1.0
139.4,-0.006528,-0.008765,-0.008033,1.0,-1.0
139.5,-0.095804,-0.121458,-0.138668,1.0,-1.0
139.6,-0.009292,-0.013222,-0.008451,1.0,-1.0
139.7,0.000478,0.006167,0.048084,1.0,-1.0
139.8,0.020774,0.024870,0.041328,1.0,-1.0
139.9,-0.076459,-0.055334,-0.049235,1.0,-1.0
140.0,0.032416,0.034555,0.042277,1.0,-1.0
140.1,-0.054170,-0.048752,-0.047223,1.0,-1.0
140.2,0.140621,0.125445,0.109419,1.0,-1.0
140.3,-0.039014,-0.035042,-0.041728,1.0,-1.0
140.4,0.054888,0.087782,0.085237,1.0,-1.0
140.5,-0.117741,-0.117149,-0.116651,1.0,-1.0
140.6,0.033209,0.048434,0.013747,1.0,-1.0
140.7,-0.055228,-0.033533,-0.037725,1.0,-1.0
140.8,0.028249,0.027104,0.041181,1.0,-1.0
140.9,-0.021938,-0.043902,-0.057527,1.0,-1.0
141.0,0.082909,0.063140,0.069371,1.0,-1.0
141.1,0.007870,-0.002335,-0.011958,1.0,-1.0
141.2,0.030772,0.041704,0.047371,1.0,-1.0
141.3,-0.013205,-0.022123,0.000269,1.0,-1.0
141.4,0.043510,0.023452,0.015475,1.0,-1.0
141.5,-0.007175,0.022155,0.018510,1.0,-1.0
141.6,-0.065278,-0.030301,-0.016353,1.0,-1.0
141.7,-0.068979,-0.068853,-0.039978,1.0,-1.0
141.8,-0.001248,-0.030232,-0.026758,1.0,-1.0
141.9,0.044386,0.053622,0.069648,1.0,-1.0
142.0,0.010123,-0.007173,-0.000644,1.0,-1.0
142.1,0.011730,0.002495,-0.009486,1.0,-1.0
142.2,-0.017333,-0.027746,-0.020433,1.0,-1.0
142.3,0.074835,0.045067,0.026665,1.0,-1.0
142.4,-0.016545,-0.036785,-0.006964,1.0,-1.0
142.5,-0.031344,-0.023526,-0.052598,1.0,-1.0
142.6,-0.001153,-0.003343,-0.026006,1.0,-1.0
142.7,0.044936,0.084183,0.063584,1.0,-1.0
142.8,0.001443,0.011808,-0.013439,1.0,-1.0
142.9,-0.064864,-0.084375,-0.083181,1.0,-1.0
143.0,-0.099356,-0.102741,-0.114810,1.0,-1.0
143.1,0.073635,0.090026,0.088457,1.0,-1.0
143.2,-0.009977,-0.003427,-0.003208,1.0,-1.0
143.3,-0.011418,-0.013939,-0.002829,1.0,-1.0
143.4,-0.087547,-0.095912,-0.091579,1.0,-1.0
143.5,0.064970,0.063389,0.075482,1.0,-1.0
143.6,0.087771,0.111457,0.096298,1.0,-1.0
143.7,0.087151,0.065459,0.063813,1.0,-1.0
143.8,-0.028520,-0.010719,-0.008939,1.0,-1.0
143.9,-0.032850,-0.039792,-0.059598,1.0,-1.0
144.0,-0.007637,0.010866,-0.022610,1.0,-1.0
144.1,-0.013483,-0.022386,-0.044810,1.0,-1.0
144.2,-0.064120,-0.063730,-0.067213,1.0,-1.0
144.3,-0.031575,-0.004661,-0.040199,1.0,-1.0
144.4,0.009442,0.019885,0.021842,1.0,-1.0
144.5,0.083952,0.052713,0.035801,1.0,-1.0
144.6,0.049594,0.043840,0.045158,1.0,-1.0
144.7,-0.029379,-0.021201,-0.035746,1.0,-1.0
144.8,0.095562,0.105152,0.087086,1.0,-1.0
144.9,-0.024908,-0.054525,-0.062297,1.0,-1.0
145.0,0.017738,0.001174,0.000452,1.0,-1.0
145.1,-0.141718,-0.143820,-0.152190,1.0,-1.0
145.2,-0.041550,-0.033525,-0.020771,1.0,-1.0
145.3,-0.034649,-0.029768,-0.022282,1.0,-1.0
145.4,0.059525,0.064615,0.057335,1.0,-1.0
145.5,-0.072148,-0.073341,-0.069567,1.0,-1.0
145.6,0.059534,0.078764,0.078913,1.0,-1.0
145.7,-0.058711,-0.066218,-0.092939,1.0,-1.0
145.8,0.117577,0.152127,0.172125,1.0,-1.0
145.9,-0.056774,-0.056323,-0.057648,1.0,-1.0
146.0,0.057145,0.035769,0.048703,1.0,-1.0
146.1,-0.035427,-0.068706,-0.070937,1.0,-1.0
146.2,0.119133,0.117536,0.110694,1.0,-1.0
146.3,-0.068788,-0.081942,-0.113435,1.0,-1.0
146.4,0.032694,0.041496,0.042785,1.0,-1.0
146.5,-0.053292,-0.050884,-0.045741,1.0,-1.0
146.6,0.076832,0.076861,0.087293,1.0,-1.0
146.7,-0.057195,-0.058818,-0.050198,1.0,-1.0
146.8,-0.082044,-0.074334,-0.087601,1.0,-1.0
146.9,-0.048306,-0.043859,-0.047698,1.0,-1.0
147.0,0.054021,0.083827,0.066059,1.0,-1.0
147.1,0.057758,0.050333,0.064638,1.0,-1.0
147.2,0.025297,0.025818,0.029518,1.0,-1.0
147.3,-0.030899,-0.025496,-0.038754,1.0,-1.0
147.4,0.033156,0.038922,0.066573,1.0,-1.0
147.5,0.037978,0.030837,0.019459,1.0,-1.0
147.6,-0.021113,-0.042410,-0.062593,1.0,-1.0
147.7,-0.010409,-0.033700,-0.031170,1.0,-1.0
147.8,-0.102933,-0.120978,-0.113718,1.0,-1.0
147.9,0.068896,0.058748,0.066665,1.0,-1.0
148.0,-0.012759,-0.034706,-0.033775,1.0,-1.0
148.1,0.004699,0.018763,-0.001706,1.0,-1.0
148.2,-0.012657,0.009095,0.037540,1.0,-1.0
148.3,0.000693,0.038933,0.046107,1.0,-1.0
148.4,0.024494,0.054274,0.043924,1.0,-1.0
148.5,0.005134,0.017305,0.027861,1.0,-1.0
148.6,-0.115089,-0.085680,-0.072633,1.0,-1.0
148.7,0.039484,0.024976,0.027491,1.0,-1.0
148.8,-0.031826,-0.046811,-0.050968,1.0,-1.0
148.9,0.095932,0.058249,0.062993,1.0,-1.0
149.0,-0.021193,-0.026405,-0.005544,1.0,-1.0
149.1,-0.024220,-0.048593,-0.045365,1.0,-1.0
149.2,-0.008697,0.003081,-0.004562,1.0,-1.0
149.3,0.099946,0.104852,0.100981,1.0,-1.0
149.4,0.007258,0.038920,0.042735,1.0,-1.0
149.5,0.013885,-0.010959,-0.015903,1.0,-1.0
149.6,-0.047371,-0.029681,-0.050839,1.0,-1.0
149.7,0.047179,0.030840,0.024938,1.0,-1.0
149.8,0.056865,0.078481,0.075718,1.0,-1.0
149.9,-0.054062,-0.061136,-0.049787,1.0,-1.0
150.0,-0.037131,-0.047229,-0.037481,1.0,-1.0
150.1,-0.043984,-0.033389,-0.017594,1.0,-1.0
150.2,-0.023124,-0.018709,-0.033862,1.0,-1.0
150.3,-0.080937,-0.099964,-0.083427,1.0,-1.0
150.4,-0.002208,0.001403,0.011286,1.0,-1.0
150.5,-0.019996,-0.016560,-0.005835,1.0,-1.0
150.6,0.147106,0.114368,0.119484,1.0,-1.0
150.7,-0.049029,-0.053949,-0.054539,1.0,-1.0
150.8,0.069468,0.057908,0.078387,1.0,-1.0
150.9,-0.037627,-0.010212,0.005064,1.0,-1.0
151.0,0.104715,0.116275,0.116305,1.0,-1.0
151.1,-0.034975,-0.037676,-0.059780,1.0,-1.0
151.2,-0.045175,-0.055574,-0.061636,1.0,-1.0
151.3,-0.097087,-0.105406,-0.113091,1.0,-1.0
151.4,0.061314,0.075849,0.079193,1.0,-1.0
151.5,-0.021586,-0.019284,-0.035698,1.0,-1.0
151.6,0.027496,0.048874,0.047156,1.0,-1.0
151.7,-0.104053,-0.096460,-0.122842,1.0,-1.0
151.8,0.115182,0.112862,0.125172,1.0,-1.0
151.9,-0.009674,-0.019493,-0.029384,1.0,-1.0
152.0,0.049091,0.035530,0.063310,1.0,-1.0
152.1,-0.080577,-0.099800,-0.085693,1.0,-1.0
152.2,0.073705,0.093687,0.094248,1.0,-1.0
152.3,0.047043,0.051509,0.037679,1.0,-1.0
152.4,0.067135,0.076964,0.074325,1.0,-1.0
152.5,-0.131693,-0.151641,-0.157610,1.0,-1.0
152.6,-0.023090,0.002037,-0.006603,1.0,-1.0
152.7,-0.044050,-0.031247,-0.032230,1.0,-1.0
152.8,0.088460,0.085003,0.089789,1.0,-1.0
152.9,-0.072263,-0.098196,-0.077672,1.0,-1.0
153.0,-0.060984,-0.078544,-0.073228,1.0,-1.0
153.1,0.008011,0.001594,0.005873,1.0,-1.0
153.2,0.117601,0.142138,0.145039,1.0,-1.0
153.3,0.089697,0.085618,0.066520,1.0,-1.0
153.4,-0.075225,-0.089834,-0.079850,1.0,-1.0
153.5,-0.010334,-0.004100,-0.015063,1.0,-1.0
153.6,-0.065611,-0.059774,-0.070398,1.0,-1.0
153.7,0.031494,0.048376,0.032134,1.0,-1.0
153.8,-0.116202,-0.115131,-0.105149,1.0,-1.0
153.9,-0.011424,0.018215,0.018125,1.0,-1.0
154.0,-0.000138,-0.021456,0.011874,1.0,-1.0
154.1,0.107714,0.135014,0.130625,1.0,-1.0
154.2,-0.008936,-0.041840,-0.014466,1.0,-1.0
154.3,0.068640,0.073799,0.071790,1.0,-1.0
154.4,-0.008949,-0.020088,-0.037086,1.0,-1.0
154.5,0.091680,0.081733,0.067622,1.0,-1.0
154.6,-0.039067,-0.052825,-0.065103,1.0,-1.0
154.7,-0.053654,-0.032784,-0.011716,1.0,-1.0
154.8,-0.049673,-0.036737,-0.033419,1.0,-1.0
154.9,0.040921,0.016997,0.012433,1.0,-1.0
155.0,0.000146,0.007471,0.011160,1.0,-1.0
155.1,-0.007565,-0.023013,-0.016980,1.0,-1.0
155.2,-0.007343,-0.019351,-0.035992,1.0,-1.0
155.3,0.001577,-0.005794,-0.035743,1.0,-1.0
155.4,0.020080,0.030579,0.047722,1.0,-1.0
155.5,-0.072153,-0.046752,-0.050821,1.0,-1.0
155.6,0.001848,0.014080,0.023172,1.0,-1.0
155.7,0.042345,0.021611,0.003113,1.0,-1.0
155.8,0.004330,0.009407,-0.001519,1.0,-1.0
155.9,-0.014566,-0.008212,-0.005231,1.0,-1.0
156.0,-0.029190,-0.048558,-0.042511,1.0,-1.0
156.1,-0.032846,-0.057858,-0.059547,1.0,-1.0
156.2,0.101268,0.098282,0.074784,1.0,-1.0
156.3,-0.069882,-0.058834,-0.067091,1.0,-1.0
156.4,0.017503,0.016201,0.028655,1.0,-1.0
156.5,-0.094901,-0.103066,-0.108206,1.0,-1.0
156.6,0.091706,0.111280,0.098140,1.0,-1.0
156.7,0.077673,0.092127,0.071618,1.0,-1.0
156.8,0.079830,0.105321,0.100761,1.0,-1.0
156.9,-0.090965,-0.087386,-0.069544,1.0,-1.0
157.0,0.016493,0.025369,0.044632,1.0,-1.0
157.1,-0.072765,-0.065464,-0.103310,1.0,-1.0
157.2,0.071051,0.064209,0.034486,1.0,-1.0
157.3,-0.130963,-0.124789,-0.105926,1.0,-1.0
157.4,-0.001305,0.011860,0.011066,1.0,-1.0
157.5,-0.048927,-0.029465,-0.058001,1.0,-1.0
157.6,0.115047,0.099405,0.094468,1.0,-1.0
157.7,0.017019,-0.008250,-0.022515,1.0,-1.0
157.8,0.044044,0.018428,0.012812,1.0,-1.0
157.9,-0.016720,-0.023778,-0.040004,1.0,-1.0
158.0,0.094797,0.083673,0.080408,1.0,-1.0
158.1,-0.013536,-0.017809,-0.009106,1.0,-1.0
158.2,-0.046566,-0.072459,-0.069778,1.0,-1.0
158.3,-0.093118,-0.065888,-0.074191,1.0,-1.0
158.4,0.011956,0.020244,0.018068,1.0,-1.0
158.5,0.023149,0.034571,0.013433,1.0,-1.0
158.6,-0.022704,-0.008009,-0.010503,1.0,-1.0
158.7,-0.093170,-0.099270,-0.101051,1.0,-1.0
158.8,-0.005271,-0.008251,-0.022360,1.0,-1.0
158.9,0.000346,-0.005776,-0.003509,1.0,-1.0
159.0,0.026586,0.032552,0.045793,1.0,-1.0
159.1,0.044305,0.026812,0.038374,1.0,-1.0
159.2,-0.021487,-0.046085,-0.056434,1.0,-1.0
159.3,0.093739,0.092481,0.066391,1.0,-1.0
159.4,-0.007846,-0.031267,-0.042069,1.0,-1.0
159.5,0.045039,0.053214,0.078346,1.0,-1.0
159.6,0.018125,0.012322,0.009934,1.0,-1.0
159.7,0.003519,0.011579,0.007023,1.0,-1.0
159.8,-0.034729,0.016891,0.037168,1.0,-1.0
159.9,-0.049986,-0.050622,-0.041322,1.0,-1.0
160.0,-0.095234,-0.107433,-0.130506,1.0,-1.0
160.1,0.101002,0.115161,0.117003,1.0,-1.0
160.2,0.010577,0.019544,-0.000687,1.0,-1.0
160.3,0.019082,0.024345,0.011271,1.0,-1.0
160.4,-0.068389,-0.064059,-0.064802,1.0,-1.0
160.5,0.003514,0.008942,0.031455,1.0,-1.0
160.6,0.051311,0.074387,0.099087,1.0,-1.0
160.7,0.013957,-0.004193,-0.021427,1.0,-1.0
160.8,-0.070904,-0.072319,-0.074501,1.0,-1.0
160.9,-0.032979,-0.079277,-0.061011,1.0,-1.0
161.0,0.037219,0.029870,0.021792,1.0,-1.0
161.1,0.022835,0.026028,0.037166,1.0,-1.0
161.2,0.005612,0.016840,0.015009,1.0,-1.0
161.3,-0.063464,-0.044173,-0.054541,1.0,-1.0
161.4,0.038232,0.042029,0.042869,1.0,-1.0
161.5,0.053081,0.050999,0.040989,1.0,-1.0
161.6,-0.003439,-0.002830,-0.007756,1.0,-1.0
161.7,-0.095966,-0.076421,-0.081692,1.0,-1.0
161.8,0.042980,0.020766,0.017271,1.0,-1.0
161.9,0.028270,0.031445,0.034880,1.0,-1.0
162.0,0.118537,0.122948,0.119322,1.0,-1.0
162.1,-0.155735,-0.153337,-0.138057,1.0,-1.0
162.2,-0.008669,0.000079,0.005286,1.0,-1.0
162.3,-0.057440,-0.076065,-0.075193,1.0,-1.0
162.4,0.097395,0.090445,0.076453,1.0,-1.0
162.5,-0.045671,-0.068306,-0.070237,1.0,-1.0
162.6,0.046569,0.070322,0.046779,1.0,-1.0
162.7,-0.024714,-0.042773,-0.060446,1.0,-1.0
162.8,0.121763,0.117537,0.117241,1.0,-1.0
162.9,-0.023081,-0.047743,-0.060622,1.0,-1.0
163.0,0.082520,0.081877,0.076475,1.0,-1.0
163.1,-0.076017,-0.096087,-0.075037,1.0,-1.0
163.2,0.002430,0.029628,0.025194,1.0,-1.0
163.3,-0.119704,-0.093624,-0.094495,1.0,-1.0
163.4,-0.058060,-0.040473,-0.044482,1.0,-1.0
163.5,-0.010513,-0.012526,-0.003946,1.0,-1.0
163.6,0.047322,0.027185,0.013974,1.0,-1.0
163.7,0.030577,0.026709,0.044959,1.0,-1.0
163.8,-0.007727,0.000754,-0.012311,1.0,-1.0
163.9,0.017279,-0.004682,0.020986,1.0,-1.0
164.0,0.041472,0.037278,0.042718,1.0,-1.0
164.1,0.026135,0.015440,0.044443,1.0,-1.0
164.2,-0.050802,-0.011246,-0.048106,1.0,-1.0
164.3,-0.031900,-0.022979,0.002754,1.0,-1.0
164.4,-0.001549,0.003640,-0.018783,1.0,-1.0
164.5,-0.006240,-0.013821,0.005278,1.0,-1.0
164.6,0.005615,-0.001572,-0.012259,1.0,-1.0
164.7,0.001716,0.000627,-0.018583,1.0,-1.0
164.8,0.004178,0.037904,0.018961,1.0,-1.0
164.9,0.074342,0.086421,0.114936,1.0,-1.0
165.0,-0.023513,-0.009337,0.009379,1.0,-1.0
165.1,0.009038,0.026889,0.034817,1.0,-1.0
165.2,-0.024075,-0.038383,-0.042645,1.0,-1.0
165.3,0.051152,0.031046,0.016060,1.0,-1.0
165.4,0.078190,0.069421,0.086184,1.0,-1.0
165.5,-0.002571,-0.000352,0.010458,1.0,-1.0
165.6,-0.123970,-0.132802,-0.138162,1.0,-1.0
165.7,-0.020634,-0.007741,0.005626,1.0,-1.0
165.8,-0.062195,-0.063978,-0.071205,1.0,-1.0
165.9,0.054733,0.037080,0.045893,1.0,-1.0
166.0,-0.082821,-0.099193,-0.088633,1.0,-1.0
166.1,-0.022973,-0.062336,-0.076632,1.0,-1.0
166.2,0.014537,0.032810,0.027534,1.0,-1.0
166.3,0.103786,0.101305,0.106618,1.0,-1.0
166.4,0.078531,0.102591,0.119345,1.0,-1.0
166.5,0.020896,0.007808,0.006037,1.0,-1.0
166.6,-0.008908,-0.003509,-0.032964,1.0,-1.0
166.7,-0.055310,-0.051375,-0.069152,1.0,-1.0
166.8,0.011835,-0.013048,-0.005237,1.0,-1.0
166.9,-0.106499,-0.118946,-0.118525,1.0,-1.0
167.0,0.007310,0.007673,0.004787,1.0,-1.0
167.1,-0.023800,-0.055322,-0.038274,1.0,-1.0
167.2,0.059498,0.059155,0.067359,1.0,-1.0
167.3,-0.031508,-0.006917,-0.025356,1.0,-1.0
167.4,0.056192,0.074507,0.076887,1.0,-1.0
167.5,-0.035814,-0.030120,-0.030457,1.0,-1.0
167.6,0.110997,0.126883,0.116014,1.0,-1.0
167.7,-0.082391,-0.062566,-0.029200,1.0,-1.0
167.8,0.053858,0.083985,0.076145,1.0,-1.0
167.9,-0.072257,-0.055596,-0.063942,1.0,-1.0
168.0,0.057271,0.045319,0.033890,1.0,-1.0
168.1,-0.014262,-0.065554,-0.078594,1.0,-1.0
168.2,0.052155,0.068637,0.054986,1.0,-1.0
168.3,-0.041568,-0.067489,-0.097429,1.0,-1.0
168.4,0.045161,0.058303,0.034110,1.0,-1.0
168.5,-0.075577,-0.051487,-0.030342,1.0,-1.0
168.6,0.022653,0.031460,0.003772,1.0,-1.0
168.7,-0.091535,-0.102042,-0.105790,1.0,-1.0
168.8,0.095752,0.121906,0.115088,1.0,-1.0
168.9,-0.020590,-0.035030,-0.043858,1.0,-1.0
169.0,0.004405,0.018097,0.009382,1.0,-1.0
169.1,-0.117454,-0.104761,-0.109479,1.0,-1.0
169.2,0.029545,-0.006419,-0.020325,1.0,-1.0
169.3,0.029667,0.024679,0.004973,1.0,-1.0
169.4,0.034811,0.032219,0.047732,1.0,-1.0
169.5,-0.081050,-0.078028,-0.073250,1.0,-1.0
169.6,-0.022253,-0.044555,-0.024130,1.0,-1.0
169.7,0.096412,0.090708,0.106699,1.0,-1.0
169.8,0.081759,0.076311,0.072417,1.0,-1.0
169.9,0.052781,0.041554,0.054113,1.0,-1.0
170.0,-0.055474,-0.048737,-0.051606,1.0,-1.0
170.1,0.015923,0.012682,-0.014282,1.0,-1.0
170.2,0.019836,0.021260,0.004990,1.0,-1.0
170.3,-0.014254,-0.026069,-0.036524,1.0,-1.0
170.4,-0.137863,-0.137194,-0.134043,1.0,-1.0
170.5,0.042936,0.054831,0.055523,1.0,-1.0
170.6,-0.041371,-0.026734,-0.024220,1.0,-1.0
170.7,0.092022,0.119348,0.115541,1.0,-1.0
170.8,-0.116819,-0.115083,-0.102043,1.0,-1.0
170.9,0.001533,0.011242,-0.009237,1.0,-1.0
171.0,0.074447,0.038617,0.042504,1.0,-1.0
171.1,0.044021,-0.001278,-0.022149,1.0,-1.0
171.2,-0.016777,-0.044154,-0.035909,1.0,-1.0
171.3,0.000605,0.042516,0.063429,1.0,-1.0
171.4,-0.024537,-0.022254,-0.027147,1.0,-1.0
171.5,0.091939,0.097643,0.091047,1.0,-1.0
171.6,-0.038375,-0.019401,-0.009708,1.0,-1.0
171.7,-0.035249,-0.034785,-0.014824,1.0,-1.0
171.8,-0.029995,-0.009254,-0.000592,1.0,-1.0
171.9,-0.057931,-0.057179,-0.050013,1.0,-1.0
172.0,-0.019479,-0.028797,-0.065935,1.0,-1.0
172.1,-0.031641,-0.029370,-0.059903,1.0,-1.0
172.2,0.024918,0.058727,0.060667,1.0,-1.0
172.3,0.080294,0.083728,0.062690,1.0,-1.0
172.4,0.061998,0.068987,0.039285,1.0,-1.0
172.5,-0.036567,-0.061534,-0.053265,1.0,-1.0
172.6,0.043932,-0.000869,-0.016164,1.0,-1.0
172.7,-0.005918,0.001019,0.023506,1.0,-1.0
172.8,0.054490,0.064809,0.039642,1.0,-1.0
172.9,-0.091178,-0.074669,-0.071612,1.0,-1.0
173.0,-0.048870,-0.045223,-0.052136,1.0,-1.0
173.1,-0.031470,-0.020227,-0.035252,1.0,-1.0
173.2,0.096218,0.080160,0.071404,1.0,-1.0
173.3,-0.021644,0.010441,0.012114,1.0,-1.0
173.4,0.073765,0.070731,0.078542,1.0,-1.0
173.5,-0.096248,-0.108985,-0.102536,1.0,-1.0
173.6,0.110517,0.114384,0.144363,1.0,-1.0
173.7,-0.060914,-0.078328,-0.060880,1.0,-1.0
173.8,0.017345,0.022024,0.035705,1.0,-1.0
173.9,-0.097183,-0.112837,-0.147904,1.0,-1.0
174.0,0.035962,-0.000657,-0.028961,1.0,-1.0
174.1,0.002416,-0.022454,-0.023159,1.0,-1.0
174.2,0.026133,0.018465,0.034066,1.0,-1.0
174.3,-0.141125,-0.138588,-0.157435,1.0,-1.0
174.4,0.067628,0.088155,0.084474,1.0,-1.0
174.5,-0.035812,-0.006304,0.015942,1.0,-1.0
174.6,0.102069,0.084460,0.103137,1.0,-1.0
174.7,-0.077223,-0.062965,-0.052479,1.0,-1.0
174.8,0.013056,0.005338,0.024216,1.0,-1.0
174.9,0.052948,0.058564,0.031185,1.0,-1.0
175.0,0.091178,0.093114,0.097464,1.0,-1.0
175.1,0.017145,0.008168,0.015117,1.0,-1.0
175.2,-0.022061,-0.021586,-0.043967,1.0,-1.0
175.3,-0.074632,-0.067730,-0.087102,1.0,-1.0
175.4,-0.012546,-0.003324,-0.011609,1.0,-1.0
175.5,-0.003301,0.003450,0.015007,1.0,-1.0
175.6,-0.054733,-0.056946,-0.054192,1.0,-1.0
175.7,0.017961,-0.006765,0.004264,1.0,-1.0
175.8,0.016350,0.035378,0.030232,1.0,-1.0
175.9,0.092321,0.112142,0.109905,1.0,-1.0
176.0,-0.006177,0.012814,0.009686,1.0,-1.0
176.1,0.023596,0.026651,0.036429,1.0,-1.0
176.2,-0.064112,-0.056893,-0.036514,1.0,-1.0
176.3,0.051821,0.054221,0.056209,1.0,-1.0
176.4,-0.114531,-0.094569,-0.102556,1.0,-1.0
176.5,-0.017789,-0.015483,0.003883,1.0,-1.0
176.6,-0.062491,-0.075494,-0.084766,1.0,-1.0
176.7,0.054442,0.063835,0.071144,1.0,-1.0
176.8,0.063472,-0.000314,-0.000022,1.0,-1.0
176.9,0.039083,0.037579,0.036349,1.0,-1.0
177.0,-0.026134,-0.039705,-0.063552,1.0,-1.0
177.1,0.044658,0.033025,0.035576,1.0,-1.0
177.2,0.001947,-0.013556,0.008216,1.0,-1.0
177.3,-0.008315,0.021089,0.037189,1.0,-1.0
177.4,-0.078306,-0.059973,-0.088314,1.0,-1.0
177.5,-0.020119,-0.006129,-0.025017,1.0,-1.0
177.6,0.030381,0.008265,0.002278,1.0,-1.0
177.7,-0.008820,-0.035658,-0.031942,1.0,-1.0
177.8,-0.060675,-0.049100,-0.038854,1.0,-1.0
177.9,0.000576,0.025771,0.043795,1.0,-1.0
178.0,0.094910,0.091258,0.090794,1.0,-1.0
178.1,0.012155,0.000495,-0.003687,1.0,-1.0
178.2,0.007645,-0.003257,-0.013020,1.0,-1.0
178.3,-0.043983,-0.075401,-0.061099,1.0,-1.0
178.4,0.115435,0.138304,0.149680,1.0,-1.0
178.5,0.070748,0.078721,0.062414,1.0,-1.0
178.6,-0.003493,-0.012152,-0.015245,1.0,-1.0
178.7,-0.115964,-0.106494,-0.148796,1.0,-1.0
178.8,0.003177,-0.001242,-0.007783,1.0,-1.0
178.9,-0.061597,-0.032611,-0.016008,1.0,-1.0
179.0,0.043859,0.086407,0.071943,1.0,-1.0
179.1,-0.204427,-0.239746,-0.257747,1.0,-1.0
179.2,0.053969,0.052716,0.032841,1.0,-1.0
179.3,-0.002172,-0.035561,-0.020847,1.0,-1.0
179.4,0.126084,0.147633,0.155416,1.0,-1.0
179.5,-0.051497,-0.032310,-0.006054,1.0,-1.0
179.6,0.014989,0.017452,0.034509,1.0,-1.0
179.7,0.028178,0.010352,-0.031350,1.0,-1.0
179.8,0.092204,0.106486,0.106897,1.0,-1.0
179.9,-0.074672,-0.089028,-0.112640,1.0,-1.0
180.0,-0.007095,0.001425,0.020758,1.0,-1.0
180.1,-0.059758,-0.049299,-0.032788,1.0,-1.0
180.2,0.085000,0.076489,0.066913,1.0,-1.0
180.3,0.013507,-0.001892,0.007442,1.0,-1.0
180.4,-0.035783,-0.046373,-0.053650,1.0,-1.0
180.5,-0.022514,-0.000197,-0.010416,1.0,-1.0
180.6,0.004027,0.000649,-0.023363,1.0,-1.0
180.7,0.021969,0.038756,0.049853,1.0,-1.0
180.8,0.010434,-0.019264,-0.030745,1.0,-1.0
180.9,-0.055374,-0.042052,-0.019326,1.0,-1.0
181.0,0.035303,0.042286,0.030021,1.0,-1.0
181.1,0.045729,0.014562,0.020743,1.0,-1.0
181.2,-0.023062,-0.004034,-0.007487,1.0,-1.0
181.3,-0.014950,-0.017581,-0.019049,1.0,-1.0
181.4,-0.013155,0.006154,0.025977,1.0,-1.0
181.5,0.002589,-0.019972,-0.015345,1.0,-1.0
181.6,0.013131,0.053400,0.043964,1.0,-1.0
181.7,-0.055558,-0.052052,-0.027675,1.0,-1.0
181.8,0.001748,0.011472,-0.021266,1.0,-1.0
181.9,0.096312,0.055420,0.034117,1.0,-1.0
182.0,-0.044016,-0.072263,-0.092573,1.0,-1.0
182.1,0.063380,0.045413,0.063634,1.0,-1.0
182.2,-0.106022,-0.132373,-0.108433,1.0,-1.0
182.3,0.027566,0.019900,-0.001200,1.0,-1.0
182.4,-0.014037,0.025630,0.015313,1.0,-1.0
182.5,-0.054455,-0.033163,-0.021832,1.0,-1.0
182.6,-0.058415,-0.046543,-0.031574,1.0,-1.0
182.7,0.051859,0.041961,0.033646,1.0,-1.0
182.8,0.024259,0.016036,0.002338,1.0,-1.0
182.9,0.097627,0.132895,0.116410,1.0,-1.0
183.0,-0.064430,-0.066619,-0.052401,1.0,-1.0
183.1,0.034326,0.021638,0.016085,1.0,-1.0
183.2,0.068040,0.075076,0.085877,1.0,-1.0
183.3,-0.005560,-0.019851,-0.018475,1.0,-1.0
183.4,0.008890,0.008245,0.025109,1.0,-1.0
183.5,-0.088801,-0.085408,-0.078953,1.0,-1.0
183.6,0.042125,0.032854,0.058304,1.0,-1.0
183.7,-0.004842,-0.004595,-0.015183,1.0,-1.0
183.8,0.040786,0.046460,0.077466,1.0,-1.0
183.9,-0.094434,-0.099894,-0.096643,1.0,-1.0
184.0,-0.006775,0.013262,-0.015894,1.0,-1.0
184.1,-0.057290,-0.037299,-0.029220,1.0,-1.0
184.2,0.090516,0.067214,0.060317,1.0,-1.0
184.3,-0.048105,-0.055151,-0.043864,1.0,-1.0
184.4,0.027068,0.058025,0.077231,1.0,-1.0
184.5,-0.016345,-0.006906,-0.015623,1.0,-1.0
184.6,0.106696,0.124040,0.164258,1.0,-1.0
184.7,-0.026473,-0.052293,-0.055549,1.0,-1.0
184.8,-0.007802,0.002790,0.019795,1.0,-1.0
184.9,-0.133539,-0.143467,-0.160000,1.0,-1.0
185.0,0.045675,0.032127,0.046630,1.0,-1.0
185.1,-0.056409,-0.110130,-0.085469,1.0,-1.0
185.2,0.033847,0.035963,0.029795,1.0,-1.0
185.3,-0.036158,-0.050082,-0.006453,1.0,-1.0
185.4,0.070031,0.080587,0.085878,1.0,-1.0
185.5,0.093525,0.090793,0.101646,1.0,-1.0
185.6,0.086829,0.129763,0.130885,1.0,-1.0
185.7,-0.051954,-0.055701,-0.047554,1.0,-1.0
185.8,0.016785,0.013381,-0.002470,1.0,-1.0
185.9,-0.072428,-0.074382,-0.073280,1.0,-1.0
186.0,-0.006668,-0.015270,-0.015866,1.0,-1.0
186.1,-0.085019,-0.061275,-0.079811,1.0,-1.0
186.2,-0.036963,-0.058869,-0.065894,1.0,-1.0
186.3,0.059143,0.068135,0.040665,1.0,-1.0
186.4,-0.004372,0.001133,0.007495,1.0,-1.0
186.5,0.005821,0.009883,0.020206,1.0,-1.0
186.6,0.009701,0.027968,0.050824,1.0,-1.0
186.7,0.080685,0.064624,0.072919,1.0,-1.0
186.8,0.004204,-0.013298,-0.010926,1.0,-1.0
186.9,-0.010748,-0.008381,0.010857,1.0,-1.0
187.0,-0.073508,-0.076367,-0.067621,1.0,-1.0
187.1,0.056956,0.076419,0.081425,1.0,-1.0
187.2,0.016802,0.010883,0.031907,1.0,-1.0
187.3,-0.017703,-0.053696,-0.067596,1.0,-1.0
187.4,-0.091215,-0.063462,-0.053862,1.0,-1.0
187.5,-0.002884,-0.007718,-0.022919,1.0,-1.0
187.6,-0.025587,-0.008013,-0.004522,1.0,-1.0
187.7,0.062044,0.057111,0.030780,1.0,-1.0
187.8,-0.102764,-0.104396,-0.114187,1.0,-1.0
187.9,0.031163,0.032348,-0.003448,1.0,-1.0
188.0,0.076486,0.087564,0.074385,1.0,-1.0
188.1,0.078603,0.101254,0.089648,1.0,-1.0
188.2,0.002277,-0.021094,-0.013144,1.0,-1.0
188.3,-0.048548,-0.049983,-0.061522,1.0,-1.0
188.4,-0.011292,-0.036432,-0.047551,1.0,-1.0
188.5,0.068809,0.060604,0.040599,1.0,-1.0
188.6,-0.041754,-0.033343,-0.013690,1.0,-1.0
188.7,-0.042062,-0.051366,-0.040511,1.0,-1.0
188.8,-0.019081,-0.026739,-0.036934,1.0,-1.0
188.9,0.040424,0.050380,0.041615,1.0,-1.0
189.0,0.100922,0.119653,0.111762,1.0,-1.0
189.1,-0.024718,-0.011346,-0.004044,1.0,-1.0
189.2,-0.021855,-0.017135,-0.013405,1.0,-1.0
189.3,-0.067184,-0.066309,-0.067642,1.0,-1.0
189.4,0.022853,0.029870,0.033248,1.0,-1.0
189.5,-0.083744,-0.054732,-0.037527,1.0,-1.0
189.6,-0.003026,-0.000759,0.004522,1.0,-1.0
189.7,-0.069763,-0.084055,-0.109677,1.0,-1.0
189.8,0.083557,0.051788,0.000306,1.0,-1.0
189.9,-0.035088,-0.042832,-0.045227,1.0,-1.0
190.0,0.057017,0.031721,0.026996,1.0,-1.0
190.1,0.008160,0.022534,0.044403,1.0,-1.0
190.2,0.096746,0.102629,0.093530,1.0,-1.0
190.3,-0.049323,-0.059861,-0.042313,1.0,-1.0
190.4,0.037245,0.015226,0.007322,1.0,-1.0
190.5,-0.069910,-0.060573,-0.077080,1.0,-1.0
190.6,0.108276,0.135212,0.126218,1.0,-1.0
190.7,-0.093603,-0.103549,-0.107216,1.0,-1.0
190.8,0.017182,0.008321,0.019355,1.0,-1.0
190.9,-0.080909,-0.099726,-0.108194,1.0,-1.0
191.0,0.025837,0.038558,0.031682,1.0,-1.0
191.1,-0.020011,-0.002064,-0.028653,1.0,-1.0
191.2,-0.006903,-0.009897,0.017587,1.0,-1.0
191.3,-0.043291,-0.042106,-0.038117,1.0,-1.0
191.4,0.123787,0.137955,0.127610,1.0,-1.0
191.5,0.023217,0.015187,0.020872,1.0,-1.0
191.6,0.075004,0.054435,0.079464,1.0,-1.0
191.7,-0.059330,-0.043513,-0.044938,1.0,-1.0
191.8,-0.015901,-0.018543,-0.008288,1.0,-1.0
191.9,0.058384,0.060756,0.044458,1.0,-1.0
192.0,-0.057914,-0.055201,-0.061443,1.0,-1.0
192.1,-0.036853,-0.030971,-0.031544,1.0,-1.0
192.2,-0.097150,-0.097425,-0.091484,1.0,-1.0
192.3,0.013501,0.035296,0.035913,1.0,-1.0
192.4,0.010406,0.017625,-0.004000,1.0,-1.0
192.5,0.085657,0.071613,0.081062,1.0,-1.0
192.6,-0.083120,-0.084148,-0.097851,1.0,-1.0
192.7,0.033824,0.037157,0.021498,1.0,-1.0
192.8,-0.055150,-0.028694,-0.031390,1.0,-1.0
192.9,0.086780,0.084000,0.079699,1.0,-1.0
193.0,-0.000751,-0.010271,0.001549,1.0,-1.0
193.1,-0.007729,-0.035201,-0.032047,1.0,-1.0
193.2,-0.030368,-0.035375,-0.016694,1.0,-1.0
193.3,0.085103,0.099902,0.122277,1.0,-1.0
193.4,-0.041236,-0.071447,-0.057114,1.0,-1.0
193.5,0.028363,0.032211,0.042356,1.0,-1.0
193.6,-0.065145,-0.056053,-0.062519,1.0,-1.0
193.7,0.011491,0.024623,0.029320,1.0,-1.0
193.8,0.038005,0.032957,0.036188,1.0,-1.0
193.9,-0.024105,-0.026404,-0.032059,1.0,-1.0
194.0,0.025138,-0.001776,-0.059117,1.0,-1.0
194.1,0.038393,0.036670,0.026989,1.0,-1.0
194.2,0.020269,0.013260,0.007427,1.0,-1.0
194.3,0.038154,0.028896,0.029641,1.0,-1.0
194.4,-0.083840,-0.088568,-0.088756,1.0,-1.0
194.5,-0.044625,0.003619,0.018750,1.0,-1.0
194.6,-0.037785,-0.031567,-0.041192,1.0,-1.0
194.7,-0.052118,-0.039468,-0.051967,1.0,-1.0
194.8,0.003959,0.015461,0.002239,1.0,-1.0
194.9,0.001892,-0.022484,-0.025512,1.0,-1.0
195.0,0.088041,0.069717,0.044213,1.0,-1.0
195.1,0.001183,-0.012064,-0.009547,1.0,-1.0
195.2,0.024510,0.025776,0.042908,1.0,-1.0
195.3,-0.016721,-0.014600,-0.006157,1.0,-1.0
195.4,0.092788,0.088073,0.089454,1.0,-1.0
195.5,-0.085355,-0.082629,-0.091408,1.0,-1.0
195.6,-0.015878,-0.002507,-0.019348,1.0,-1.0
195.7,-0.122006,-0.108958,-0.091945,1.0,-1.0
195.8,0.107131,0.104468,0.103953,1.0,-1.0
195.9,0.011392,0.013425,-0.003300,1.0,-1.0
196.0,0.065971,0.086332,0.085910,1.0,-1.0
196.1,-0.106271,-0.123762,-0.113688,1.0,-1.0
196.2,0.064251,0.027030,0.048871,1.0,-1.0
196.3,-0.026869,-0.020510,-0.013320,1.0,-1.0
196.4,0.118050,0.157555,0.165582,1.0,-1.0
196.5,-0.114318,-0.102177,-0.111338,1.0,-1.0
196.6,-0.007015,0.004280,0.010919,1.0,-1.0
196.7,0.026656,0.019863,0.003723,1.0,-1.0
196.8,0.043980,0.062868,0.054395,1.0,-1.0
196.9,-0.014228,-0.035898,-0.055551,1.0,-1.0
197.0,-0.063560,-0.076293,-0.052944,1.0,-1.0
197.1,-0.038655,-0.055737,-0.037426,1.0,-1.0
197.2,0.095262,0.088920,0.082790,1.0,-1.0
197.3,-0.048915,-0.036861,-0.019575,1.0,-1.0
197.4,-0.012965,-0.033274,-0.043828,1.0,-1.0
197.5,0.004214,0.013319,-0.004131,1.0,-1.0
197.6,0.049821,0.081643,0.094368,1.0,-1.0
197.7,0.095009,0.083081,0.079953,1.0,-1.0
197.8,-0.064404,-0.068514,-0.070922,1.0,-1.0
197.9,-0.078429,-0.086987,-0.072361,1.0,-1.0
198.0,-0.044253,-0.033315,-0.030839,1.0,-1.0
198.1,-0.015568,0.009361,0.010431,1.0,-1.0
198.2,-0.051518,-0.055317,-0.028128,1.0,-1.0
198.3,-0.001611,-0.041775,-0.039261,1.0,-1.0
198.4,-0.012190,-0.017640,-0.026939,1.0,-1.0
198.5,0.141194,0.118086,0.132530,1.0,-1.0
198.6,0.013872,0.009975,0.004706,1.0,-1.0
198.7,0.075414,0.051423,0.060468,1.0,-1.0
198.8,0.028101,0.031528,0.028366,1.0,-1.0
198.9,0.088417,0.086158,0.085257,1.0,-1.0
199.0,-0.111702,-0.103753,-0.105312,1.0,-1.0
199.1,-0.021484,-0.019609,-0.002984,1.0,-1.0
199.2,-0.108217,-0.096081,-0.083554,1.0,-1.0
199.3,0.079174,0.098168,0.096521,1.0,-1.0
199.4,-0.047862,-0.041084,-0.054860,1.0,-1.0
199.5,-0.045102,-0.013268,0.006654,1.0,-1.0
199.6,-0.031821,-0.006312,-0.001170,1.0,-1.0
199.7,0.026135,0.034599,0.021819,1.0,-1.0
199.8,0.053259,0.055659,0.049192,1.0,-1.0
199.9,0.000681,-0.010933,-0.019477,1.0,-1.0
200.0,-0.032800,-0.055793,-0.057854,1.0,-1.0
