log10_x,L_100,L_1000,dc,zero_line
1.00,-0.203038,0.153069,-0.670000,0.0
1.02,0.245612,0.255571,-0.670000,0.0
1.04,4.929077,19.230443,-0.670000,0.0
1.06,-3.176615,-2.426350,-0.670000,0.0
1.08,-1.893035,-0.052318,-0.670000,0.0
1.10,1.403348,0.646591,-0.670000,0.0
1.12,-8.939228,-3.006930,-0.670000,0.0
1.14,-2.648970,-3.062336,-0.670000,0.0
1.16,-0.678548,-0.193199,-0.670000,0.0
1.18,0.619593,-0.229822,-0.670000,0.0
1.20,2.668980,0.674070,-0.670000,0.0
1.22,-0.805522,4.001163,-0.670000,0.0
1.24,-1.218674,-1.796823,-0.670000,0.0
1.26,0.197686,-0.287589,-0.670000,0.0
1.28,-5.992387,-28.802758,-0.670000,0.0
1.30,-1.298172,-0.951104,-0.670000,0.0
1.32,-0.599673,-1.473539,-0.670000,0.0
1.34,-0.513840,0.819404,-0.670000,0.0
1.36,4.921710,4.304091,-0.670000,0.0
1.38,-1.786408,-2.828150,-0.670000,0.0
1.40,-3.751965,-0.632514,-0.670000,0.0
1.42,0.346791,-2.037516,-0.670000,0.0
1.44,-1.371084,-0.586487,-0.670000,0.0
1.46,5.645608,9.604881,-0.670000,0.0
1.48,-2.435580,-1.748126,-0.670000,0.0
1.50,-2.335491,-4.593114,-0.670000,0.0
1.52,-3.094901,-1.869627,-0.670000,0.0
1.54,-0.055865,-0.363020,-0.670000,0.0
1.56,3.965286,3.078435,-0.670000,0.0
1.58,-0.001633,-1.720456,-0.670000,0.0
1.60,-0.802762,2.191046,-0.670000,0.0
1.62,-5.174124,-3.013905,-0.670000,0.0
1.64,-6.784826,-6.260945,-0.670000,0.0
1.66,-0.106628,0.998628,-0.670000,0.0
1.68,-4.693434,-0.967664,-0.670000,0.0
1.70,-3.063969,-1.743422,-0.670000,0.0
1.72,7.052519,3.424045,-0.670000,0.0
1.74,-1.612714,-1.381346,-0.670000,0.0
1.76,-0.152345,2.086023,-0.670000,0.0
1.78,4.209132,1.001518,-0.670000,0.0
1.80,-0.755559,-1.678155,-0.670000,0.0
1.82,5.929700,2.035202,-0.670000,0.0
1.84,-1.646713,-1.173213,-0.670000,0.0
1.86,3.556139,1.223546,-0.670000,0.0
1.88,-1.846318,-0.956164,-0.670000,0.0
1.90,-4.415573,-6.932498,-0.670000,0.0
1.92,-1.854203,-33.714709,-0.670000,0.0
1.94,-0.239582,0.612120,-0.670000,0.0
1.96,-1.389941,-4.379368,-0.670000,0.0
1.98,3.866088,5.783776,-0.670000,0.0
2.00,7.334989,5.441588,-0.670000,0.0
2.02,-3.102143,-3.151749,-0.670000,0.0
2.04,-7.038376,-12.052499,-0.670000,0.0
2.06,-5.963131,-6.407096,-0.670000,0.0
2.08,1.535357,6.243879,-0.670000,0.0
2.10,4.783949,-2.779313,-0.670000,0.0
2.12,-5.645702,-10.474018,-0.670000,0.0
2.14,-0.451698,2.239100,-0.670000,0.0
2.16,-0.483391,-0.406347,-0.670000,0.0
2.18,-5.530237,-27.709734,-0.670000,0.0
2.20,-6.093707,0.217227,-0.670000,0.0
2.22,4.108201,7.731260,-0.670000,0.0
2.24,-4.784108,-0.799635,-0.670000,0.0
2.26,-7.808801,-8.994759,-0.670000,0.0
2.28,6.723535,23.532955,-0.670000,0.0
2.30,-10.374344,-22.476575,-0.670000,0.0
2.32,4.326171,2.093107,-0.670000,0.0
2.34,2.911894,3.118560,-0.670000,0.0
2.36,-1.325444,-7.907954,-0.670000,0.0
2.38,1.897966,-6.130057,-0.670000,0.0
2.40,-0.977575,-15.997076,-0.670000,0.0
2.42,-0.762293,-3.560509,-0.670000,0.0
2.44,-0.123105,2.669482,-0.670000,0.0
2.46,-1.468610,10.589214,-0.670000,0.0
2.48,2.196577,1.019100,-0.670000,0.0
2.50,-4.998396,12.147490,-0.670000,0.0
2.52,0.962985,-7.322460,-0.670000,0.0
2.54,5.537044,18.701040,-0.670000,0.0
2.56,-2.418759,-3.677935,-0.670000,0.0
2.58,-0.515861,-5.915362,-0.670000,0.0
2.60,-0.748145,-10.354963,-0.670000,0.0
2.62,4.814860,5.025510,-0.670000,0.0
2.64,-3.757182,4.645602,-0.670000,0.0
2.66,4.935791,-2.757036,-0.670000,0.0
2.68,0.953464,8.713199,-0.670000,0.0
2.70,0.479778,3.261474,-0.670000,0.0
2.72,-5.051125,-9.573690,-0.670000,0.0
2.74,0.058251,-1.537913,-0.670000,0.0
2.76,-3.172592,7.961400,-0.670000,0.0
2.78,-1.008221,-14.936328,-0.670000,0.0
2.80,0.536756,2.093764,-0.670000,0.0
2.82,-5.192070,-8.607097,-0.670000,0.0
2.84,-2.215001,-16.867060,-0.670000,0.0
2.86,2.190919,3.578245,-0.670000,0.0
2.88,-0.619234,-11.186862,-0.670000,0.0
2.90,0.869453,5.197462,-0.670000,0.0
2.92,-4.710871,-10.909525,-0.670000,0.0
2.94,-0.042015,3.729693,-0.670000,0.0
2.96,-0.199105,-16.265622,-0.670000,0.0
2.98,0.126774,-12.847722,-0.670000,0.0
3.00,1.343506,-7.010486,-0.670000,0.0
3.02,-0.520412,14.139647,-0.670000,0.0
3.04,-2.464517,4.587829,-0.670000,0.0
3.06,4.550912,13.318221,-0.670000,0.0
3.08,-1.665539,-13.148827,-0.670000,0.0
3.10,-0.448488,2.792066,-0.670000,0.0
3.12,-4.214651,18.574616,-0.670000,0.0
3.14,-4.953772,4.645745,-0.670000,0.0
3.16,-3.078406,11.414209,-0.670000,0.0
3.18,-3.251837,-8.997942,-0.670000,0.0
3.20,0.117880,-14.147453,-0.670000,0.0
3.22,1.247539,0.567174,-0.670000,0.0
3.24,-2.839343,3.705372,-0.670000,0.0
3.26,-3.467795,14.232842,-0.670000,0.0
3.28,-3.303811,-2.850615,-0.670000,0.0
3.30,3.755943,12.781458,-0.670000,0.0
3.32,-2.467198,-14.317841,-0.670000,0.0
3.34,4.285846,3.130150,-0.670000,0.0
3.36,-3.461241,3.124451,-0.670000,0.0
3.38,-5.387496,-11.565325,-0.670000,0.0
3.40,4.377760,3.587267,-0.670000,0.0
3.42,3.057267,13.814298,-0.670000,0.0
3.44,-2.230198,-18.073831,-0.670000,0.0
3.46,-2.532982,-2.454458,-0.670000,0.0
3.48,-1.039026,0.442643,-0.670000,0.0
3.50,3.939057,27.746955,-0.670000,0.0
3.52,6.027375,5.765341,-0.670000,0.0
3.54,3.589070,-16.098694,-0.670000,0.0
3.56,-2.041615,-2.437326,-0.670000,0.0
3.58,-1.381609,-12.630760,-0.670000,0.0
3.60,0.892582,10.457527,-0.670000,0.0
3.62,-3.473388,-4.631431,-0.670000,0.0
3.64,1.739660,-7.852319,-0.670000,0.0
3.66,-0.402361,-7.606648,-0.670000,0.0
3.68,-0.915037,19.062728,-0.670000,0.0
3.70,-5.402870,-9.399813,-0.670000,0.0
3.72,-0.145288,-5.874889,-0.670000,0.0
3.74,-3.425500,10.741551,-0.670000,0.0
3.76,-1.410876,-25.761259,-0.670000,0.0
3.78,6.231333,10.570190,-0.670000,0.0
3.80,-1.574360,-1.010141,-0.670000,0.0
3.82,-0.124131,-1.749395,-0.670000,0.0
3.84,-0.764906,-15.229063,-0.670000,0.0
3.86,-1.992920,-8.629363,-0.670000,0.0
3.88,-2.404807,-4.612711,-0.670000,0.0
3.90,-2.897026,-12.559303,-0.670000,0.0
3.92,-2.279879,-15.558354,-0.670000,0.0
3.94,-0.245831,-4.563269,-0.670000,0.0
3.96,0.621611,4.766475,-0.670000,0.0
3.98,-6.440387,-16.449741,-0.670000,0.0
4.00,-0.705675,1.005999,-0.670000,0.0
4.02,-1.473972,-8.168385,-0.670000,0.0
4.04,0.139999,-3.542380,-0.670000,0.0
4.06,-1.529273,1.832138,-0.670000,0.0
4.08,-1.977359,11.232446,-0.670000,0.0
4.10,-4.145935,-2.120962,-0.670000,0.0
4.12,-2.410752,-19.839808,-0.670000,0.0
4.14,-3.675061,-5.435419,-0.670000,0.0
4.16,3.900827,-4.589630,-0.670000,0.0
4.18,6.663723,1.110782,-0.670000,0.0
4.20,-5.256994,-5.672775,-0.670000,0.0
4.22,-1.941364,-1.102637,-0.670000,0.0
4.24,2.233338,8.228032,-0.670000,0.0
4.26,-3.074848,9.596444,-0.670000,0.0
4.28,4.765643,4.021574,-0.670000,0.0
4.30,3.949929,10.122736,-0.670000,0.0
4.32,2.758406,11.535144,-0.670000,0.0
4.34,-1.874459,-11.758267,-0.670000,0.0
4.36,-1.376170,-0.451927,-0.670000,0.0
4.38,-5.276145,7.921645,-0.670000,0.0
4.40,1.131261,3.718413,-0.670000,0.0
4.42,-2.301784,-5.682014,-0.670000,0.0
4.44,9.191672,-1.048150,-0.670000,0.0
4.46,-6.842521,-6.314337,-0.670000,0.0
4.48,1.608123,-4.886569,-0.670000,0.0
4.50,-1.481120,1.409763,-0.670000,0.0
4.52,1.184625,-0.410329,-0.670000,0.0
4.54,-4.771895,-1.225442,-0.670000,0.0
4.56,4.916861,-4.061930,-0.670000,0.0
4.58,-3.093335,-5.524332,-0.670000,0.0
4.60,-2.922147,1.811745,-0.670000,0.0
4.62,0.420674,-14.911649,-0.670000,0.0
4.64,2.578634,-3.778726,-0.670000,0.0
4.66,0.808051,1.553530,-0.670000,0.0
4.68,-0.625048,-2.355503,-0.670000,0.0
4.70,-5.078218,-15.038392,-0.670000,0.0
4.72,0.036253,7.897383,-0.670000,0.0
4.74,-1.872611,1.303691,-0.670000,0.0
4.76,-4.342400,4.074486,-0.670000,0.0
4.78,-6.209992,-3.345406,-0.670000,0.0
4.80,4.611901,-7.572444,-0.670000,0.0
4.82,-4.851185,-11.970978,-0.670000,0.0
4.84,3.321975,-4.377281,-0.670000,0.0
4.86,-3.205557,-3.645855,-0.670000,0.0
4.88,-3.962283,-7.391420,-0.670000,0.0
4.90,4.340599,-3.184091,-0.670000,0.0
4.92,-3.959704,6.727220,-0.670000,0.0
4.94,-1.937431,6.060840,-0.670000,0.0
4.96,-0.200024,5.552113,-0.670000,0.0
4.98,-4.172543,-10.971486,-0.670000,0.0
5.00,0.400702,-11.476207,-0.670000,0.0
5.02,3.242212,0.237073,-0.670000,0.0
5.04,-3.578547,-9.774231,-0.670000,0.0
5.06,2.563024,-10.404300,-0.670000,0.0
5.08,4.970156,-3.815658,-0.670000,0.0
5.10,-4.209519,-0.508214,-0.670000,0.0
5.12,1.835248,-0.002565,-0.670000,0.0
5.14,-6.226085,2.537343,-0.670000,0.0
5.16,4.241359,3.569834,-0.670000,0.0
5.18,-4.462977,6.958150,-0.670000,0.0
5.20,-1.240046,0.210327,-0.670000,0.0
5.22,-0.566303,-4.396055,-0.670000,0.0
5.24,-0.767326,11.568745,-0.670000,0.0
5.26,0.503663,12.623036,-0.670000,0.0
5.28,0.590426,6.868484,-0.670000,0.0
5.30,-2.616883,10.551394,-0.670000,0.0
5.32,-1.854239,5.029011,-0.670000,0.0
5.34,3.281190,0.128860,-0.670000,0.0
5.36,-3.694865,-3.509714,-0.670000,0.0
5.38,3.427139,2.142135,-0.670000,0.0
5.40,-3.194481,7.456919,-0.670000,0.0
5.42,5.052075,7.642662,-0.670000,0.0
5.44,-1.780024,3.105526,-0.670000,0.0
5.46,1.468476,26.999520,-0.670000,0.0
5.48,5.606628,-1.754875,-0.670000,0.0
5.50,3.376814,7.393570,-0.670000,0.0
5.52,-3.270149,-0.207745,-0.670000,0.0
5.54,-1.225251,-11.644718,-0.670000,0.0
5.56,1.617512,7.435135,-0.670000,0.0
5.58,-3.032049,-2.642012,-0.670000,0.0
5.60,-9.136079,-0.491586,-0.670000,0.0
5.62,2.875270,7.937664,-0.670000,0.0
5.64,-5.892325,-16.450763,-0.670000,0.0
5.66,-1.110087,-10.385060,-0.670000,0.0
5.68,-3.941382,-0.040632,-0.670000,0.0
5.70,-3.608355,-20.994423,-0.670000,0.0
5.72,-6.749811,5.506441,-0.670000,0.0
5.74,1.513322,-5.032510,-0.670000,0.0
5.76,1.707802,13.756269,-0.670000,0.0
5.78,-1.407801,-3.469251,-0.670000,0.0
5.80,-0.544771,15.449017,-0.670000,0.0
5.82,-0.075057,-7.071080,-0.670000,0.0
5.84,-1.633911,8.471855,-0.670000,0.0
5.86,2.117944,-9.336317,-0.670000,0.0
5.88,3.889513,24.452761,-0.670000,0.0
5.90,-2.775602,-5.620863,-0.670000,0.0
5.92,-5.415862,-6.480664,-0.670000,0.0
5.94,-2.214152,-17.013224,-0.670000,0.0
5.96,-1.518995,-20.414061,-0.670000,0.0
5.98,2.746287,-4.118477,-0.670000,0.0
6.00,6.152498,13.062521,-0.670000,0.0
6.02,-2.670710,-0.381402,-0.670000,0.0
6.04,2.658890,-14.391237,-0.670000,0.0
6.06,3.581223,10.241447,-0.670000,0.0
6.08,-4.263993,-9.649566,-0.670000,0.0
6.10,-0.699297,-7.501567,-0.670000,0.0
6.12,0.436834,1.713156,-0.670000,0.0
6.14,1.988210,-22.989171,-0.670000,0.0
6.16,-3.161032,4.917325,-0.670000,0.0
6.18,-9.259409,-17.113431,-0.670000,0.0
6.20,1.746398,6.223043,-0.670000,0.0
6.22,0.565951,-3.446334,-0.670000,0.0
6.24,1.534043,10.620091,-0.670000,0.0
6.26,-0.798179,14.594403,-0.670000,0.0
6.28,0.507469,18.081414,-0.670000,0.0
6.30,4.902374,8.580064,-0.670000,0.0
6.32,-0.622287,-6.032296,-0.670000,0.0
6.34,-4.625350,1.021911,-0.670000,0.0
6.36,-6.580061,-7.429933,-0.670000,0.0
6.38,-0.768534,1.925202,-0.670000,0.0
6.40,0.848826,-4.776812,-0.670000,0.0
6.42,0.263741,2.127961,-0.670000,0.0
6.44,-0.066600,18.106753,-0.670000,0.0
6.46,0.054870,1.937236,-0.670000,0.0
6.48,-3.312797,1.284816,-0.670000,0.0
6.50,4.708336,12.191302,-0.670000,0.0
6.52,-4.726772,-13.518877,-0.670000,0.0
6.54,-7.146907,-5.100731,-0.670000,0.0
6.56,-4.317468,-17.818709,-0.670000,0.0
6.58,4.401579,6.620315,-0.670000,0.0
6.60,-0.019039,-14.327897,-0.670000,0.0
6.62,2.137236,-19.170634,-0.670000,0.0
6.64,5.467429,11.943298,-0.670000,0.0
6.66,1.921912,-5.367409,-0.670000,0.0
6.68,2.149441,3.170338,-0.670000,0.0
6.70,-6.286568,1.821217,-0.670000,0.0
6.72,-1.428263,-12.775150,-0.670000,0.0
6.74,-2.320057,1.335876,-0.670000,0.0
6.76,-3.462653,-14.122168,-0.670000,0.0
6.78,0.391507,-24.761625,-0.670000,0.0
6.80,-6.176561,-13.709019,-0.670000,0.0
6.82,0.236262,-2.524211,-0.670000,0.0
6.84,-2.730703,3.084782,-0.670000,0.0
6.86,-0.749809,0.121928,-0.670000,0.0
6.88,3.229087,23.564517,-0.670000,0.0
6.90,-6.298753,-10.064891,-0.670000,0.0
6.92,-3.279808,-1.752286,-0.670000,0.0
6.94,-3.504267,-4.529011,-0.670000,0.0
6.96,3.989000,16.637865,-0.670000,0.0
6.98,0.399819,2.610913,-0.670000,0.0
7.00,5.325811,17.514375,-0.670000,0.0
7.02,-0.422346,-0.247122,-0.670000,0.0
7.04,0.468116,-10.533223,-0.670000,0.0
7.06,4.931055,-12.614713,-0.670000,0.0
7.08,-4.770974,2.538285,-0.670000,0.0
7.10,1.191982,12.320909,-0.670000,0.0
7.12,3.340887,10.015032,-0.670000,0.0
7.14,-2.570073,-4.142663,-0.670000,0.0
7.16,-5.960343,-2.538490,-0.670000,0.0
7.18,1.877496,7.729075,-0.670000,0.0
7.20,-1.404176,-0.779808,-0.670000,0.0
7.22,2.409235,5.571592,-0.670000,0.0
7.24,1.225009,17.247535,-0.670000,0.0
7.26,-2.266995,29.350611,-0.670000,0.0
7.28,-1.040734,-9.420946,-0.670000,0.0
7.30,-2.998012,0.672529,-0.670000,0.0
7.32,-2.350441,-14.154181,-0.670000,0.0
7.34,-6.337229,6.318139,-0.670000,0.0
7.36,-2.940876,-7.309225,-0.670000,0.0
7.38,3.941777,14.519886,-0.670000,0.0
7.40,-2.454562,-22.878214,-0.670000,0.0
7.42,1.745916,7.540165,-0.670000,0.0
7.44,-0.401738,16.926726,-0.670000,0.0
7.46,-1.070067,9.493182,-0.670000,0.0
7.48,-4.649036,-7.547793,-0.670000,0.0
7.50,2.877845,-1.855398,-0.670000,0.0
7.52,-0.702174,8.132191,-0.670000,0.0
7.54,5.080630,7.700561,-0.670000,0.0
7.56,-0.521364,-12.762700,-0.670000,0.0
7.58,5.094857,18.590557,-0.670000,0.0
7.60,-9.104665,-5.414313,-0.670000,0.0
7.62,2.065934,15.554762,-0.670000,0.0
7.64,3.079519,-1.544733,-0.670000,0.0
7.66,-7.322510,-12.913510,-0.670000,0.0
7.68,-2.410558,-14.066046,-0.670000,0.0
7.70,-4.769031,-1.746269,-0.670000,0.0
7.72,-1.552816,1.070927,-0.670000,0.0
7.74,4.468975,24.089993,-0.670000,0.0
7.76,-5.580607,-6.147377,-0.670000,0.0
7.78,1.824706,4.937074,-0.670000,0.0
7.80,4.278755,9.841573,-0.670000,0.0
7.82,-0.070117,-1.071840,-0.670000,0.0
7.84,2.654788,5.267412,-0.670000,0.0
7.86,-3.171038,-7.607365,-0.670000,0.0
7.88,-6.553127,-4.766190,-0.670000,0.0
7.90,3.223854,7.063472,-0.670000,0.0
7.92,-1.478237,-0.904199,-0.670000,0.0
7.94,0.448368,-2.305276,-0.670000,0.0
7.96,-1.231205,-0.853538,-0.670000,0.0
7.98,-2.496582,-20.033000,-0.670000,0.0
8.00,5.007788,8.595224,-0.670000,0.0
8.02,-3.812974,-2.161536,-0.670000,0.0
8.04,-9.392581,-6.546013,-0.670000,0.0
8.06,3.650044,8.426239,-0.670000,0.0
8.08,1.635363,-15.076890,-0.670000,0.0
8.10,-1.535516,2.276390,-0.670000,0.0
8.12,-3.834373,-16.237310,-0.670000,0.0
8.14,0.819505,7.468088,-0.670000,0.0
8.16,-6.382449,-18.376741,-0.670000,0.0
8.18,2.014538,1.576596,-0.670000,0.0
8.20,1.760093,-4.840671,-0.670000,0.0
8.22,1.472510,22.083550,-0.670000,0.0
8.24,-3.046545,-9.906377,-0.670000,0.0
8.26,3.772763,-3.729401,-0.670000,0.0
8.28,-2.215033,-12.092255,-0.670000,0.0
8.30,4.981618,2.154911,-0.670000,0.0
8.32,-0.886065,4.787656,-0.670000,0.0
8.34,-0.078392,8.013320,-0.670000,0.0
8.36,2.981070,-1.523685,-0.670000,0.0
8.38,-8.563706,5.607420,-0.670000,0.0
8.40,-0.413892,-12.956763,-0.670000,0.0
8.42,-3.520225,-28.210088,-0.670000,0.0
8.44,-0.566982,0.372286,-0.670000,0.0
8.46,5.637112,3.091141,-0.670000,0.0
8.48,0.212145,-9.178303,-0.670000,0.0
8.50,-4.652418,-4.381593,-0.670000,0.0
8.52,1.193817,9.202260,-0.670000,0.0
8.54,-3.557250,-13.839598,-0.670000,0.0
8.56,4.878051,1.213603,-0.670000,0.0
8.58,-10.973981,-4.793960,-0.670000,0.0
8.60,1.807964,-15.725702,-0.670000,0.0
8.62,-2.304746,-6.512726,-0.670000,0.0
8.64,6.144326,-1.708311,-0.670000,0.0
8.66,-2.507461,-21.534509,-0.670000,0.0
8.68,0.360443,-3.311398,-0.670000,0.0
8.70,-5.676530,-14.390784,-0.670000,0.0
8.72,1.289239,-0.568191,-0.670000,0.0
8.74,2.712493,14.932366,-0.670000,0.0
8.76,1.175091,8.285124,-0.670000,0.0
8.78,-5.564555,8.294047,-0.670000,0.0
8.80,-2.893254,-6.299449,-0.670000,0.0
8.82,-2.111322,-9.093633,-0.670000,0.0
8.84,-2.815681,-26.487497,-0.670000,0.0
8.86,-2.944597,-17.514106,-0.670000,0.0
8.88,3.841268,11.755063,-0.670000,0.0
8.90,-3.011430,-9.508223,-0.670000,0.0
8.92,1.245299,4.783324,-0.670000,0.0
8.94,-2.122487,-7.515462,-0.670000,0.0
8.96,-1.213896,-15.287649,-0.670000,0.0
8.98,1.521270,-2.436456,-0.670000,0.0
9.00,-1.575134,-8.901886,-0.670000,0.0
9.02,-2.080104,-2.977236,-0.670000,0.0
9.04,-4.037252,3.163988,-0.670000,0.0
9.06,8.995845,12.057216,-0.670000,0.0
9.08,1.501787,2.046184,-0.670000,0.0
9.10,1.668252,14.564080,-0.670000,0.0
9.12,0.587190,11.221317,-0.670000,0.0
9.14,-1.260138,8.020429,-0.670000,0.0
9.16,0.499140,8.725496,-0.670000,0.0
9.18,-3.360420,16.186563,-0.670000,0.0
9.20,-1.284495,-9.877434,-0.670000,0.0
9.22,1.087336,-0.166929,-0.670000,0.0
9.24,-2.238371,9.982569,-0.670000,0.0
9.26,-3.103252,-0.503522,-0.670000,0.0
9.28,-0.597956,-3.763553,-0.670000,0.0
9.30,0.694695,-3.942268,-0.670000,0.0
9.32,0.980460,12.276995,-0.670000,0.0
9.34,-4.231467,5.236382,-0.670000,0.0
9.36,-7.812483,-11.053621,-0.670000,0.0
9.38,1.013926,1.224420,-0.670000,0.0
9.40,4.363774,3.279386,-0.670000,0.0
9.42,-3.861994,-10.584520,-0.670000,0.0
9.44,5.433429,5.184922,-0.670000,0.0
9.46,-3.999858,-8.441653,-0.670000,0.0
9.48,5.729159,-5.248140,-0.670000,0.0
9.50,-1.369420,-0.955412,-0.670000,0.0
9.52,2.869935,7.507308,-0.670000,0.0
9.54,0.374951,-10.892382,-0.670000,0.0
9.56,0.386643,1.356033,-0.670000,0.0
9.58,-4.799070,-6.968520,-0.670000,0.0
9.60,-3.401767,-8.413677,-0.670000,0.0
9.62,-0.174697,6.039148,-0.670000,0.0
9.64,-4.717650,-21.714986,-0.670000,0.0
9.66,-1.280718,-16.708929,-0.670000,0.0
9.68,-3.861503,4.273436,-0.670000,0.0
9.70,-1.048329,4.682242,-0.670000,0.0
9.72,-1.085789,1.903467,-0.670000,0.0
9.74,1.898772,0.563741,-0.670000,0.0
9.76,-4.241046,-15.552779,-0.670000,0.0
9.78,0.176905,1.263759,-0.670000,0.0
9.80,-5.155328,-7.724759,-0.670000,0.0
9.82,-4.643526,-15.428896,-0.670000,0.0
9.84,1.426514,-12.947674,-0.670000,0.0
9.86,2.629010,13.823740,-0.670000,0.0
9.88,-0.217776,-1.569900,-0.670000,0.0
9.90,3.372245,5.878200,-0.670000,0.0
9.92,-8.648818,-3.440292,-0.670000,0.0
9.94,0.629049,-3.073565,-0.670000,0.0
9.96,0.509688,-9.377657,-0.670000,0.0
9.98,5.360268,9.922516,-0.670000,0.0
10.00,-5.969207,-3.302500,-0.670000,0.0
10.02,1.857866,-0.598145,-0.670000,0.0
10.04,1.016448,9.000821,-0.670000,0.0
10.06,8.715407,16.532580,-0.670000,0.0
10.08,5.585851,13.981713,-0.670000,0.0
10.10,-6.554431,-6.395133,-0.670000,0.0
10.12,2.285871,-1.425267,-0.670000,0.0
10.14,-4.840415,-15.479686,-0.670000,0.0
10.16,-0.530492,5.523353,-0.670000,0.0
10.18,-3.589689,-6.775182,-0.670000,0.0
10.20,-2.259935,-6.128759,-0.670000,0.0
10.22,2.205807,1.223227,-0.670000,0.0
10.24,-1.199615,-0.271636,-0.670000,0.0
10.26,0.692801,0.685967,-0.670000,0.0
10.28,6.315443,4.970690,-0.670000,0.0
10.30,0.391081,-12.207974,-0.670000,0.0
10.32,-0.737397,1.071108,-0.670000,0.0
10.34,-3.847317,-18.582124,-0.670000,0.0
10.36,-5.590576,2.340900,-0.670000,0.0
10.38,-2.800669,1.937153,-0.670000,0.0
10.40,-4.009787,4.323738,-0.670000,0.0
10.42,2.019145,-3.713026,-0.670000,0.0
10.44,-4.626821,-2.163479,-0.670000,0.0
10.46,-3.521416,3.893216,-0.670000,0.0
10.48,2.197810,-4.161573,-0.670000,0.0
10.50,1.875109,6.277508,-0.670000,0.0
10.52,-6.607108,-4.349523,-0.670000,0.0
10.54,-0.658916,-1.068783,-0.670000,0.0
10.56,-5.544491,-18.252964,-0.670000,0.0
10.58,-4.640137,-14.204781,-0.670000,0.0
10.60,2.182131,-10.822006,-0.670000,0.0
10.62,4.741239,19.671012,-0.670000,0.0
10.64,3.639419,9.587635,-0.670000,0.0
10.66,-2.526477,-3.465441,-0.670000,0.0
10.68,-1.745475,3.825007,-0.670000,0.0
10.70,6.186397,10.722799,-0.670000,0.0
10.72,3.387689,11.519652,-0.670000,0.0
10.74,-3.126971,-9.510925,-0.670000,0.0
10.76,-3.693853,3.734472,-0.670000,0.0
10.78,-4.136617,-7.034563,-0.670000,0.0
10.80,0.597003,-16.160949,-0.670000,0.0
10.82,-0.665954,13.734980,-0.670000,0.0
10.84,-5.718101,-4.774198,-0.670000,0.0
10.86,2.945572,0.870582,-0.670000,0.0
10.88,1.037054,9.400718,-0.670000,0.0
10.90,-4.315722,-5.623274,-0.670000,0.0
10.92,0.830757,16.079041,-0.670000,0.0
10.94,1.558218,2.247596,-0.670000,0.0
10.96,0.140353,8.123975,-0.670000,0.0
10.98,-2.221425,5.490138,-0.670000,0.0
11.00,3.357453,-4.079379,-0.670000,0.0
11.02,-6.175595,-4.824141,-0.670000,0.0
11.04,6.604243,-4.010470,-0.670000,0.0
11.06,-4.185290,-22.741802,-0.670000,0.0
11.08,7.322005,-6.833443,-0.670000,0.0
11.10,-2.746303,0.504496,-0.670000,0.0
11.12,-2.384166,-1.544599,-0.670000,0.0
11.14,1.229808,17.402620,-0.670000,0.0
11.16,1.179737,6.382423,-0.670000,0.0
11.18,-1.980557,-7.030563,-0.670000,0.0
11.20,0.547173,11.547532,-0.670000,0.0
11.22,2.317455,5.541060,-0.670000,0.0
11.24,-0.817457,-3.461264,-0.670000,0.0
11.26,-1.895199,3.913781,-0.670000,0.0
11.28,4.410137,4.395880,-0.670000,0.0
11.30,-8.163617,-18.076511,-0.670000,0.0
11.32,-3.858852,2.319140,-0.670000,0.0
11.34,-0.874220,9.465718,-0.670000,0.0
11.36,-4.890408,-17.388876,-0.670000,0.0
11.38,-8.775620,-16.057331,-0.670000,0.0
11.40,6.802565,-15.436684,-0.670000,0.0
11.42,-8.418087,-3.974496,-0.670000,0.0
11.44,-1.344440,-5.914631,-0.670000,0.0
11.46,2.101872,21.013220,-0.670000,0.0
11.48,-3.521876,2.742332,-0.670000,0.0
11.50,4.221806,-2.524083,-0.670000,0.0
11.52,-8.138199,-18.473334,-0.670000,0.0
11.54,5.647133,6.878674,-0.670000,0.0
11.56,1.454762,-3.122794,-0.670000,0.0
11.58,-3.102523,-10.834460,-0.670000,0.0
11.60,0.981278,-1.128270,-0.670000,0.0
11.62,1.248151,7.089101,-0.670000,0.0
11.64,-8.692505,6.186772,-0.670000,0.0
11.66,-0.791729,4.741709,-0.670000,0.0
11.68,0.131090,-7.973788,-0.670000,0.0
11.70,2.224521,-3.329606,-0.670000,0.0
11.72,4.223600,9.709219,-0.670000,0.0
11.74,-0.953949,2.230705,-0.670000,0.0
11.76,0.788552,-16.140643,-0.670000,0.0
11.78,-5.349179,-8.553662,-0.670000,0.0
11.80,0.426864,12.865065,-0.670000,0.0
11.82,2.212628,13.316075,-0.670000,0.0
11.84,3.599794,-17.712143,-0.670000,0.0
11.86,3.430759,1.233542,-0.670000,0.0
11.88,-1.834425,-3.684741,-0.670000,0.0
11.90,1.624285,-7.326600,-0.670000,0.0
11.92,-0.682131,-4.443406,-0.670000,0.0
11.94,-1.556027,-10.589863,-0.670000,0.0
11.96,1.204793,17.781631,-0.670000,0.0
11.98,-5.722399,-16.124915,-0.670000,0.0
12.00,-1.667374,-1.662724,-0.670000,0.0
12.02,3.251406,-4.787029,-0.670000,0.0
12.04,-3.693667,-22.214351,-0.670000,0.0
12.06,3.363719,-12.841760,-0.670000,0.0
12.08,-0.797960,8.653610,-0.670000,0.0
12.10,-4.477541,1.623225,-0.670000,0.0
12.12,6.094414,12.719150,-0.670000,0.0
12.14,-7.711113,-22.610263,-0.670000,0.0
12.16,-4.361112,4.633986,-0.670000,0.0
12.18,-2.519059,-7.151272,-0.670000,0.0
12.20,-3.648782,-8.306579,-0.670000,0.0
12.22,0.634409,-9.475410,-0.670000,0.0
12.24,4.589046,-7.608648,-0.670000,0.0
12.26,-4.364124,-15.149850,-0.670000,0.0
12.28,0.848784,-6.910079,-0.670000,0.0
12.30,1.994099,12.353629,-0.670000,0.0
12.32,-5.171260,-9.210876,-0.670000,0.0
12.34,0.600110,2.499428,-0.670000,0.0
12.36,-4.884581,-19.910750,-0.670000,0.0
12.38,-1.066787,-14.769784,-0.670000,0.0
12.40,-2.087628,4.180472,-0.670000,0.0
12.42,0.285099,-9.088759,-0.670000,0.0
12.44,-2.282769,-11.892287,-0.670000,0.0
12.46,0.451591,-20.645881,-0.670000,0.0
12.48,2.406423,13.878758,-0.670000,0.0
12.50,0.174438,12.203999,-0.670000,0.0
12.52,1.045734,9.286396,-0.670000,0.0
12.54,-2.394715,14.299648,-0.670000,0.0
12.56,-1.875896,3.028392,-0.670000,0.0
12.58,3.147060,-5.750004,-0.670000,0.0
12.60,-8.512084,-5.181772,-0.670000,0.0
12.62,-3.048102,-7.625530,-0.670000,0.0
12.64,5.401155,10.049811,-0.670000,0.0
12.66,4.788569,-6.575380,-0.670000,0.0
12.68,0.670615,11.503618,-0.670000,0.0
12.70,1.838356,5.950289,-0.670000,0.0
12.72,-2.787735,-15.980646,-0.670000,0.0
12.74,0.547416,-8.233477,-0.670000,0.0
12.76,-1.461921,3.322799,-0.670000,0.0
12.78,2.432446,-5.643657,-0.670000,0.0
12.80,-1.584332,-23.160740,-0.670000,0.0
12.82,-0.920050,-14.520369,-0.670000,0.0
12.84,2.697585,-0.832001,-0.670000,0.0
12.86,-7.995673,-8.709191,-0.670000,0.0
12.88,1.521230,-6.291477,-0.670000,0.0
12.90,-2.491856,5.611467,-0.670000,0.0
12.92,1.439674,-11.479965,-0.670000,0.0
12.94,-2.228987,-3.983180,-0.670000,0.0
12.96,3.160225,12.988160,-0.670000,0.0
12.98,-2.263033,2.489587,-0.670000,0.0
13.00,-7.143091,-5.467091,-0.670000,0.0
13.02,3.033044,0.550385,-0.670000,0.0
13.04,-1.013181,3.139548,-0.670000,0.0
13.06,2.807358,3.916038,-0.670000,0.0
13.08,-2.088871,-12.250193,-0.670000,0.0
13.10,-1.534995,-3.527085,-0.670000,0.0
13.12,-4.358396,-14.493734,-0.670000,0.0
13.14,0.140384,6.149564,-0.670000,0.0
13.16,-1.356003,-1.176739,-0.670000,0.0
13.18,3.252887,-12.596041,-0.670000,0.0
13.20,-1.584627,-14.542371,-0.670000,0.0
13.22,0.352780,-7.401059,-0.670000,0.0
13.24,-3.812686,-8.667415,-0.670000,0.0
13.26,-2.884443,-6.817428,-0.670000,0.0
13.28,-3.030101,-10.656753,-0.670000,0.0
13.30,-1.737211,-2.150395,-0.670000,0.0
13.32,-2.175571,12.972734,-0.670000,0.0
13.34,-1.354543,-5.593852,-0.670000,0.0
13.36,-3.847712,-10.720651,-0.670000,0.0
13.38,1.633304,11.963445,-0.670000,0.0
13.40,-2.112381,-0.556148,-0.670000,0.0
13.42,2.497006,2.909942,-0.670000,0.0
13.44,-0.302162,4.684355,-0.670000,0.0
13.46,0.417205,-3.812052,-0.670000,0.0
13.48,-3.585313,3.432879,-0.670000,0.0
13.50,4.706454,-2.749381,-0.670000,0.0
13.52,-0.763407,2.142174,-0.670000,0.0
13.54,-2.495884,-5.532064,-0.670000,0.0
13.56,11.912872,4.386137,-0.670000,0.0
13.58,-9.046596,-12.399560,-0.670000,0.0
13.60,3.862605,4.287882,-0.670000,0.0
13.62,-2.751879,-12.297725,-0.670000,0.0
13.64,-2.463544,-14.085956,-0.670000,0.0
13.66,3.374008,8.667093,-0.670000,0.0
13.68,-1.685848,-9.746281,-0.670000,0.0
13.70,4.253582,16.920420,-0.670000,0.0
13.72,-1.360768,20.787442,-0.670000,0.0
13.74,1.353792,9.932127,-0.670000,0.0
13.76,-1.101215,-0.366615,-0.670000,0.0
13.78,1.277694,-9.988853,-0.670000,0.0
13.80,-3.588593,3.038604,-0.670000,0.0
13.82,-1.999874,1.874290,-0.670000,0.0
13.84,-3.209692,-6.903085,-0.670000,0.0
13.86,-8.418092,-6.688398,-0.670000,0.0
13.88,3.661335,4.170767,-0.670000,0.0
13.90,1.864759,-5.688000,-0.670000,0.0
13.92,-5.563710,28.858109,-0.670000,0.0
13.94,-0.125695,3.076706,-0.670000,0.0
13.96,-3.005296,-6.589313,-0.670000,0.0
13.98,-0.633914,12.060524,-0.670000,0.0
14.00,-4.316307,1.378576,-0.670000,0.0
14.02,3.195591,-1.770747,-0.670000,0.0
14.04,0.069573,7.800851,-0.670000,0.0
14.06,3.085399,7.538767,-0.670000,0.0
14.08,-1.458755,-8.088520,-0.670000,0.0
14.10,-1.738888,-11.901449,-0.670000,0.0
14.12,-3.236381,-10.274348,-0.670000,0.0
14.14,3.184974,10.792982,-0.670000,0.0
14.16,-4.196989,-12.710049,-0.670000,0.0
14.18,3.360813,16.833533,-0.670000,0.0
14.20,-1.085918,-13.317128,-0.670000,0.0
14.22,0.012234,6.232554,-0.670000,0.0
14.24,-7.559539,7.344110,-0.670000,0.0
14.26,2.585118,10.173835,-0.670000,0.0
14.28,4.607190,11.287752,-0.670000,0.0
14.30,-3.853537,6.425636,-0.670000,0.0
14.32,4.239044,-5.949385,-0.670000,0.0
14.34,4.131038,2.165003,-0.670000,0.0
14.36,-6.144386,-5.164912,-0.670000,0.0
14.38,-2.924246,-4.769049,-0.670000,0.0
14.40,0.688245,-12.659895,-0.670000,0.0
14.42,-5.612325,-4.425594,-0.670000,0.0
14.44,-4.132847,-22.977276,-0.670000,0.0
14.46,-0.252429,-14.185295,-0.670000,0.0
14.48,-0.663529,-0.003997,-0.670000,0.0
14.50,0.044239,-1.493804,-0.670000,0.0
14.52,0.684052,6.369543,-0.670000,0.0
14.54,0.817399,4.035170,-0.670000,0.0
14.56,0.559425,-5.017264,-0.670000,0.0
14.58,-1.463031,8.204062,-0.670000,0.0
14.60,-3.221688,-7.661535,-0.670000,0.0
14.62,0.567044,-3.211124,-0.670000,0.0
14.64,-1.001842,3.844571,-0.670000,0.0
14.66,-1.367344,-0.276947,-0.670000,0.0
14.68,6.460980,7.582766,-0.670000,0.0
14.70,0.665667,-4.390171,-0.670000,0.0
14.72,-0.395203,12.097616,-0.670000,0.0
14.74,0.141948,3.836483,-0.670000,0.0
14.76,2.675643,2.101571,-0.670000,0.0
14.78,-4.440688,2.524346,-0.670000,0.0
14.80,-3.577597,7.192212,-0.670000,0.0
14.82,-2.749602,-2.159941,-0.670000,0.0
14.84,-1.874803,-3.860518,-0.670000,0.0
14.86,0.130498,10.934797,-0.670000,0.0
14.88,-5.243344,-1.589582,-0.670000,0.0
14.90,6.423030,17.661233,-0.670000,0.0
14.92,-4.035281,-2.370048,-0.670000,0.0
14.94,2.762050,-4.007191,-0.670000,0.0
14.96,-0.843533,-16.901344,-0.670000,0.0
14.98,-5.380049,0.921812,-0.670000,0.0
15.00,8.721155,-1.921901,-0.670000,0.0
15.02,-8.781241,-9.607181,-0.670000,0.0
15.04,-3.218438,-19.928387,-0.670000,0.0
15.06,-8.284399,-13.241628,-0.670000,0.0
15.08,-0.234324,-10.329785,-0.670000,0.0
15.10,0.457567,-4.719781,-0.670000,0.0
15.12,3.047007,-1.027414,-0.670000,0.0
15.14,2.519284,-4.533297,-0.670000,0.0
15.16,-2.467738,-5.353522,-0.670000,0.0
15.18,-0.117239,15.091067,-0.670000,0.0
15.20,1.793798,10.842090,-0.670000,0.0
15.22,0.644085,11.103095,-0.670000,0.0
15.24,-0.842792,-2.939269,-0.670000,0.0
15.26,0.084697,2.190452,-0.670000,0.0
15.28,2.430206,30.907727,-0.670000,0.0
15.30,-1.455653,4.681876,-0.670000,0.0
15.32,0.772006,8.045005,-0.670000,0.0
15.34,-0.722233,0.912228,-0.670000,0.0
15.36,-2.776783,16.515869,-0.670000,0.0
15.38,0.300524,1.781548,-0.670000,0.0
15.40,-4.392349,-2.427725,-0.670000,0.0
15.42,-3.101746,-4.333142,-0.670000,0.0
15.44,-2.213025,-10.105466,-0.670000,0.0
15.46,1.934776,6.351896,-0.670000,0.0
15.48,-1.377689,3.832092,-0.670000,0.0
15.50,0.322600,-0.165286,-0.670000,0.0
15.52,8.579506,0.575852,-0.670000,0.0
15.54,-4.196188,15.299977,-0.670000,0.0
15.56,-6.315266,-4.833890,-0.670000,0.0
15.58,1.141934,13.736215,-0.670000,0.0
15.60,-7.536448,-3.665155,-0.670000,0.0
15.62,-2.136307,6.665093,-0.670000,0.0
15.64,3.034034,15.412671,-0.670000,0.0
15.66,-0.301367,3.835903,-0.670000,0.0
15.68,0.596033,6.783314,-0.670000,0.0
15.70,-4.647129,-4.625114,-0.670000,0.0
15.72,6.340078,-3.885994,-0.670000,0.0
15.74,1.841321,10.701506,-0.670000,0.0
15.76,4.770693,6.087061,-0.670000,0.0
15.78,-5.395119,-15.785773,-0.670000,0.0
15.80,-6.551002,-3.717198,-0.670000,0.0
15.82,0.411585,4.276792,-0.670000,0.0
15.84,2.784523,-9.740362,-0.670000,0.0
15.86,0.667169,5.707768,-0.670000,0.0
15.88,2.005088,4.298576,-0.670000,0.0
15.90,3.737254,9.808334,-0.670000,0.0
15.92,0.429495,3.824585,-0.670000,0.0
15.94,-9.089128,-8.672995,-0.670000,0.0
15.96,-3.226676,-0.528366,-0.670000,0.0
15.98,-3.634275,-5.139667,-0.670000,0.0
16.00,2.588947,16.756785,-0.670000,0.0
16.02,-1.171863,4.023223,-0.670000,0.0
16.04,-4.028273,0.205862,-0.670000,0.0
16.06,0.853069,-4.737393,-0.670000,0.0
16.08,3.632364,3.936180,-0.670000,0.0
16.10,-1.550688,-2.480644,-0.670000,0.0
16.12,-0.507425,-0.399607,-0.670000,0.0
16.14,-1.134223,-3.141122,-0.670000,0.0
16.16,-0.476768,-6.277410,-0.670000,0.0
16.18,-2.632129,2.215840,-0.670000,0.0
16.20,-0.926182,-11.364650,-0.670000,0.0
16.22,-8.089766,-10.690334,-0.670000,0.0
16.24,2.656836,-2.732109,-0.670000,0.0
16.26,2.404466,11.696616,-0.670000,0.0
16.28,0.418227,-14.685322,-0.670000,0.0
16.30,-1.813145,13.478459,-0.670000,0.0
16.32,-3.017255,1.433279,-0.670000,0.0
16.34,0.937594,-5.295973,-0.670000,0.0
16.36,-2.226986,-13.007638,-0.670000,0.0
16.38,-7.785830,-19.011112,-0.670000,0.0
16.40,5.726211,-1.382018,-0.670000,0.0
16.42,-3.877699,-3.241975,-0.670000,0.0
16.44,2.092132,-2.860482,-0.670000,0.0
16.46,-0.011521,18.927297,-0.670000,0.0
16.48,-1.503799,-1.110528,-0.670000,0.0
16.50,2.284842,2.305312,-0.670000,0.0
16.52,3.904092,8.849020,-0.670000,0.0
16.54,-2.212465,-21.556883,-0.670000,0.0
16.56,-0.499522,-13.272987,-0.670000,0.0
16.58,-4.876095,-13.945100,-0.670000,0.0
16.60,-2.186518,-0.497224,-0.670000,0.0
16.62,2.224317,20.937427,-0.670000,0.0
16.64,1.023932,1.675627,-0.670000,0.0
16.66,2.054678,-2.683634,-0.670000,0.0
16.68,0.860578,12.969383,-0.670000,0.0
16.70,-0.907118,-5.557409,-0.670000,0.0
16.72,0.286837,3.846849,-0.670000,0.0
16.74,-1.337563,-3.884162,-0.670000,0.0
16.76,-2.009268,1.635435,-0.670000,0.0
16.78,-2.646266,-10.375357,-0.670000,0.0
16.80,1.122777,5.479621,-0.670000,0.0
16.82,-0.652007,14.655690,-0.670000,0.0
16.84,2.961365,-9.234691,-0.670000,0.0
16.86,-4.741020,3.567244,-0.670000,0.0
16.88,-3.238494,-1.429719,-0.670000,0.0
16.90,-0.318210,8.740742,-0.670000,0.0
16.92,-4.180705,4.113164,-0.670000,0.0
16.94,-0.051152,12.653430,-0.670000,0.0
16.96,3.192691,16.564859,-0.670000,0.0
16.98,3.117529,-3.149802,-0.670000,0.0
17.00,-3.418334,2.280979,-0.670000,0.0
17.02,2.807907,-4.305140,-0.670000,0.0
17.04,-9.329283,-5.259714,-0.670000,0.0
17.06,1.731075,-8.773565,-0.670000,0.0
17.08,1.832886,-1.603368,-0.670000,0.0
17.10,-8.104051,-12.496998,-0.670000,0.0
17.12,-2.141986,5.550322,-0.670000,0.0
17.14,-0.304131,-3.244775,-0.670000,0.0
17.16,6.194056,13.645651,-0.670000,0.0
17.18,-2.860456,-10.858966,-0.670000,0.0
17.20,-2.311910,7.056974,-0.670000,0.0
17.22,-1.112629,7.404579,-0.670000,0.0
17.24,2.243532,-6.763033,-0.670000,0.0
17.26,-1.608042,-12.671161,-0.670000,0.0
17.28,-2.286274,-9.108071,-0.670000,0.0
17.30,-2.220604,-10.428155,-0.670000,0.0
17.32,-0.198534,7.718352,-0.670000,0.0
17.34,1.970723,-13.407743,-0.670000,0.0
17.36,-2.393116,-3.444558,-0.670000,0.0
17.38,-2.897930,-4.455709,-0.670000,0.0
17.40,3.671240,17.256120,-0.670000,0.0
17.42,3.388265,18.888730,-0.670000,0.0
17.44,-6.213927,-11.207975,-0.670000,0.0
17.46,1.978284,3.542783,-0.670000,0.0
17.48,3.465969,14.537962,-0.670000,0.0
17.50,-4.264703,8.748037,-0.670000,0.0
17.52,-0.597501,0.521119,-0.670000,0.0
17.54,-0.151472,16.117536,-0.670000,0.0
17.56,-4.761413,-18.965187,-0.670000,0.0
17.58,3.405108,-1.729695,-0.670000,0.0
17.60,-0.477645,-4.649770,-0.670000,0.0
17.62,-0.063623,-15.217093,-0.670000,0.0
17.64,-4.605541,-6.251227,-0.670000,0.0
17.66,2.137559,11.744941,-0.670000,0.0
17.68,7.219151,-10.508857,-0.670000,0.0
17.70,2.717931,-0.412387,-0.670000,0.0
17.72,-5.937955,-13.661730,-0.670000,0.0
17.74,4.082512,-0.702439,-0.670000,0.0
17.76,-1.808843,1.189791,-0.670000,0.0
17.78,2.568503,3.280128,-0.670000,0.0
17.80,-3.452100,-10.121394,-0.670000,0.0
17.82,1.894545,0.112462,-0.670000,0.0
17.84,-5.833139,-7.864223,-0.670000,0.0
17.86,-4.418258,2.458370,-0.670000,0.0
17.88,-1.752249,-2.758417,-0.670000,0.0
17.90,-3.233912,4.462591,-0.670000,0.0
17.92,-4.295675,-11.972063,-0.670000,0.0
17.94,2.465531,-6.843901,-0.670000,0.0
17.96,-2.705243,-17.198771,-0.670000,0.0
17.98,-2.944370,-9.211310,-0.670000,0.0
18.00,-5.679872,-4.979503,-0.670000,0.0
18.02,-2.992733,-12.128843,-0.670000,0.0
18.04,1.864872,-2.258285,-0.670000,0.0
18.06,-6.342340,-8.208406,-0.670000,0.0
18.08,2.950481,1.953369,-0.670000,0.0
18.10,5.481381,17.269915,-0.670000,0.0
18.12,-10.198502,4.359573,-0.670000,0.0
18.14,5.791348,-3.926059,-0.670000,0.0
18.16,-3.573468,-3.165617,-0.670000,0.0
18.18,2.062268,15.230968,-0.670000,0.0
18.20,-1.404787,-8.294122,-0.670000,0.0
18.22,6.494408,7.857125,-0.670000,0.0
18.24,1.941359,2.381830,-0.670000,0.0
18.26,-4.281125,-2.122444,-0.670000,0.0
18.28,-1.558795,-6.624010,-0.670000,0.0
18.30,0.202516,-23.818162,-0.670000,0.0
18.32,5.307318,4.549424,-0.670000,0.0
18.34,3.967795,-1.548316,-0.670000,0.0
18.36,-0.454043,-2.093739,-0.670000,0.0
18.38,-4.903528,-23.304138,-0.670000,0.0
18.40,0.786444,3.853970,-0.670000,0.0
18.42,-3.861977,3.559734,-0.670000,0.0
18.44,-2.532156,-6.593966,-0.670000,0.0
18.46,-1.824591,11.024565,-0.670000,0.0
18.48,3.842034,-9.552032,-0.670000,0.0
18.50,0.513358,-3.441264,-0.670000,0.0
18.52,-5.711030,3.402879,-0.670000,0.0
18.54,0.557581,-4.608787,-0.670000,0.0
18.56,1.795055,1.585683,-0.670000,0.0
18.58,-3.881270,-0.320627,-0.670000,0.0
18.60,6.962396,21.699300,-0.670000,0.0
18.62,0.238152,1.842636,-0.670000,0.0
18.64,-7.802435,-11.538563,-0.670000,0.0
18.66,5.632102,11.070799,-0.670000,0.0
18.68,-2.359586,-1.483795,-0.670000,0.0
18.70,-6.332228,-4.800997,-0.670000,0.0
18.72,2.568983,5.356358,-0.670000,0.0
18.74,-5.055912,0.453453,-0.670000,0.0
18.76,5.844187,-3.776485,-0.670000,0.0
18.78,-4.107906,16.586098,-0.670000,0.0
18.80,-3.895766,2.479750,-0.670000,0.0
18.82,-1.900616,-2.208057,-0.670000,0.0
18.84,-2.028282,-24.002979,-0.670000,0.0
18.86,0.927595,-2.505494,-0.670000,0.0
18.88,-3.956181,0.135798,-0.670000,0.0
18.90,2.312757,5.123164,-0.670000,0.0
18.92,1.216311,5.871722,-0.670000,0.0
18.94,-4.274927,-11.168382,-0.670000,0.0
18.96,-0.342647,-12.934724,-0.670000,0.0
18.98,4.424151,13.665834,-0.670000,0.0
19.00,3.589087,16.506234,-0.670000,0.0
19.02,-3.596289,9.813879,-0.670000,0.0
19.04,-6.168147,-3.321834,-0.670000,0.0
19.06,-9.865408,-10.401529,-0.670000,0.0
19.08,-1.291638,-21.212705,-0.670000,0.0
19.10,0.027873,2.656149,-0.670000,0.0
19.12,1.059287,-6.012251,-0.670000,0.0
19.14,-0.241866,11.975299,-0.670000,0.0
19.16,1.875223,4.152176,-0.670000,0.0
19.18,0.078499,-9.299212,-0.670000,0.0
19.20,2.080779,-1.026304,-0.670000,0.0
19.22,-1.476433,-15.800386,-0.670000,0.0
19.24,1.933784,-4.729155,-0.670000,0.0
19.26,1.663384,19.483341,-0.670000,0.0
19.28,-0.440598,1.150940,-0.670000,0.0
19.30,2.196303,-2.057734,-0.670000,0.0
19.32,-2.395006,-6.333604,-0.670000,0.0
19.34,5.867363,-5.380298,-0.670000,0.0
19.36,-0.561187,2.932741,-0.670000,0.0
19.38,-7.006567,-9.693667,-0.670000,0.0
19.40,3.879998,2.961012,-0.670000,0.0
19.42,5.743181,9.031419,-0.670000,0.0
19.44,-2.997399,-15.913104,-0.670000,0.0
19.46,-0.156376,14.055454,-0.670000,0.0
19.48,0.962229,11.317550,-0.670000,0.0
19.50,-0.749988,7.052311,-0.670000,0.0
19.52,-1.676700,4.011921,-0.670000,0.0
19.54,-2.593490,0.967938,-0.670000,0.0
19.56,-3.935199,-4.813779,-0.670000,0.0
19.58,-3.970947,1.952762,-0.670000,0.0
19.60,-6.712140,13.066213,-0.670000,0.0
19.62,-2.336272,2.369772,-0.670000,0.0
19.64,-0.623440,-0.029542,-0.670000,0.0
19.66,0.419835,14.825682,-0.670000,0.0
19.68,-4.520638,-5.821886,-0.670000,0.0
19.70,-5.697573,-6.266412,-0.670000,0.0
19.72,-0.825925,5.719310,-0.670000,0.0
19.74,9.240504,-2.476236,-0.670000,0.0
19.76,-2.369074,-6.155773,-0.670000,0.0
19.78,0.123925,1.532424,-0.670000,0.0
19.80,-2.503916,16.240375,-0.670000,0.0
19.82,-0.127998,2.704192,-0.670000,0.0
19.84,-2.935711,-6.463114,-0.670000,0.0
19.86,1.992561,-6.935705,-0.670000,0.0
19.88,-0.666243,-0.935498,-0.670000,0.0
19.90,-2.534862,-4.788017,-0.670000,0.0
19.92,6.524248,14.809808,-0.670000,0.0
19.94,-8.013231,-5.660618,-0.670000,0.0
19.96,-0.933058,12.901533,-0.670000,0.0
19.98,1.100095,3.685534,-0.670000,0.0
20.00,-3.098250,14.143258,-0.670000,0.0
20.02,-0.986300,15.077409,-0.670000,0.0
20.04,-0.629019,2.027771,-0.670000,0.0
20.06,-2.104282,-22.046681,-0.670000,0.0
20.08,-0.707435,-9.124963,-0.670000,0.0
20.10,10.417002,0.195971,-0.670000,0.0
20.12,-4.068932,10.587237,-0.670000,0.0
20.14,-0.959579,17.721450,-0.670000,0.0
20.16,6.996455,10.692582,-0.670000,0.0
20.18,-2.140357,5.302364,-0.670000,0.0
20.20,-0.336712,2.823323,-0.670000,0.0
20.22,-2.056096,13.446868,-0.670000,0.0
20.24,3.584192,11.173516,-0.670000,0.0
20.26,-3.166148,-14.636123,-0.670000,0.0
20.28,-4.034874,-9.416825,-0.670000,0.0
20.30,4.308868,8.462168,-0.670000,0.0
20.32,-3.495918,7.248113,-0.670000,0.0
20.34,2.395452,14.956969,-0.670000,0.0
20.36,-6.109205,-15.676790,-0.670000,0.0
20.38,1.581850,-6.213549,-0.670000,0.0
20.40,-3.227495,6.116554,-0.670000,0.0
20.42,8.190583,-1.988976,-0.670000,0.0
20.44,-8.327555,-16.064919,-0.670000,0.0
20.46,-3.636897,-9.398065,-0.670000,0.0
20.48,2.217606,7.821159,-0.670000,0.0
20.50,-4.712789,4.271740,-0.670000,0.0
20.52,-1.359331,10.006820,-0.670000,0.0
20.54,-0.719328,-5.544735,-0.670000,0.0
20.56,3.282079,-0.160919,-0.670000,0.0
20.58,0.429462,7.403644,-0.670000,0.0
20.60,-3.603123,-5.520686,-0.670000,0.0
20.62,-2.828518,-2.526006,-0.670000,0.0
20.64,-0.016927,-10.292876,-0.670000,0.0
20.66,1.142412,18.109520,-0.670000,0.0
20.68,1.139592,4.475219,-0.670000,0.0
20.70,-6.342625,-5.091357,-0.670000,0.0
20.72,-1.666718,-3.677245,-0.670000,0.0
20.74,2.490877,-11.282697,-0.670000,0.0
20.76,0.727266,27.366704,-0.670000,0.0
20.78,-3.264519,4.053265,-0.670000,0.0
20.80,-4.029141,12.410782,-0.670000,0.0
20.82,-0.683785,9.828081,-0.670000,0.0
20.84,1.369176,8.769401,-0.670000,0.0
20.86,-7.138541,-7.910008,-0.670000,0.0
20.88,3.604383,-4.169460,-0.670000,0.0
20.90,-5.363521,-4.677855,-0.670000,0.0
20.92,3.074666,-2.411155,-0.670000,0.0
20.94,2.165094,-23.917205,-0.670000,0.0
20.96,4.469247,17.633105,-0.670000,0.0
20.98,4.167233,14.464549,-0.670000,0.0
21.00,-4.187504,0.989551,-0.670000,0.0
21.02,-0.213351,-1.042180,-0.670000,0.0
21.04,-1.374104,-11.253156,-0.670000,0.0
21.06,-2.381197,5.015514,-0.670000,0.0
21.08,2.454529,2.517555,-0.670000,0.0
21.10,0.172900,-6.395413,-0.670000,0.0
21.12,-1.864919,-18.216113,-0.670000,0.0
21.14,-3.543453,-15.347278,-0.670000,0.0
21.16,4.071809,6.331438,-0.670000,0.0
21.18,-1.210308,-3.202905,-0.670000,0.0
21.20,-2.581740,-9.378673,-0.670000,0.0
21.22,-0.204605,-9.139967,-0.670000,0.0
21.24,1.143290,8.404714,-0.670000,0.0
21.26,-9.538162,-23.182607,-0.670000,0.0
21.28,0.961429,19.512787,-0.670000,0.0
21.30,7.925134,14.738396,-0.670000,0.0
21.32,-0.938758,-1.972237,-0.670000,0.0
21.34,-2.391257,-11.773126,-0.670000,0.0
21.36,1.099852,6.481100,-0.670000,0.0
21.38,-8.652234,3.477394,-0.670000,0.0
21.40,-0.508213,-10.687877,-0.670000,0.0
21.42,2.606902,-6.246112,-0.670000,0.0
21.44,3.317194,4.653841,-0.670000,0.0
21.46,-3.869619,2.604759,-0.670000,0.0
21.48,0.759185,-0.576703,-0.670000,0.0
21.50,-1.167677,6.752451,-0.670000,0.0
21.52,-8.739770,-1.741046,-0.670000,0.0
21.54,1.594876,-0.211888,-0.670000,0.0
21.56,-5.143232,-2.180035,-0.670000,0.0
21.58,-2.172631,5.373060,-0.670000,0.0
21.60,-0.693347,7.541568,-0.670000,0.0
21.62,-7.027989,-9.946690,-0.670000,0.0
21.64,-1.405716,-3.314356,-0.670000,0.0
21.66,3.822355,-10.168640,-0.670000,0.0
21.68,2.322303,12.990612,-0.670000,0.0
21.70,1.293064,2.817288,-0.670000,0.0
21.72,4.006238,-23.590664,-0.670000,0.0
21.74,2.336056,1.522264,-0.670000,0.0
21.76,-1.161381,2.129459,-0.670000,0.0
21.78,-3.650302,-6.770342,-0.670000,0.0
21.80,0.286682,17.854402,-0.670000,0.0
21.82,2.514486,-4.788213,-0.670000,0.0
21.84,-1.897618,2.777684,-0.670000,0.0
21.86,3.868826,-2.618914,-0.670000,0.0
21.88,-1.457700,-6.582941,-0.670000,0.0
21.90,3.149122,12.373947,-0.670000,0.0
21.92,-5.752838,-27.989129,-0.670000,0.0
21.94,2.767130,-3.519342,-0.670000,0.0
21.96,-1.861500,-5.964196,-0.670000,0.0
21.98,0.374974,10.938719,-0.670000,0.0
22.00,-3.026150,-9.222750,-0.670000,0.0
22.02,-10.939721,-13.662595,-0.670000,0.0
22.04,-3.703113,1.297253,-0.670000,0.0
22.06,3.604382,0.060861,-0.670000,0.0
22.08,3.593498,-2.424269,-0.670000,0.0
22.10,4.128975,-15.023574,-0.670000,0.0
22.12,-3.851042,-6.973278,-0.670000,0.0
22.14,-8.561459,-7.209421,-0.670000,0.0
22.16,1.191052,-0.690070,-0.670000,0.0
22.18,-1.587264,-8.827484,-0.670000,0.0
22.20,2.648152,7.326906,-0.670000,0.0
22.22,4.636855,7.950429,-0.670000,0.0
22.24,-5.656480,-7.348493,-0.670000,0.0
22.26,10.329718,26.262633,-0.670000,0.0
22.28,-3.282426,2.735866,-0.670000,0.0
22.30,-3.666053,-9.783426,-0.670000,0.0
22.32,5.412289,12.499428,-0.670000,0.0
22.34,-8.413863,-11.081378,-0.670000,0.0
22.36,1.805387,-0.892898,-0.670000,0.0
22.38,-2.103721,-3.239019,-0.670000,0.0
22.40,-0.035541,-16.001935,-0.670000,0.0
22.42,0.388620,5.984451,-0.670000,0.0
22.44,0.248680,-5.303223,-0.670000,0.0
22.46,-4.936713,-16.236283,-0.670000,0.0
22.48,-4.499367,-3.286529,-0.670000,0.0
22.50,-0.010187,0.238243,-0.670000,0.0
22.52,-1.975217,2.678988,-0.670000,0.0
22.54,4.591934,1.056042,-0.670000,0.0
22.56,-7.858946,-10.356245,-0.670000,0.0
22.58,-2.191910,2.607121,-0.670000,0.0
22.60,4.797004,5.351286,-0.670000,0.0
22.62,1.733709,5.724595,-0.670000,0.0
22.64,1.935197,9.264136,-0.670000,0.0
22.66,-1.426336,-11.149272,-0.670000,0.0
22.68,1.416107,-17.846154,-0.670000,0.0
22.70,-10.118001,-21.912040,-0.670000,0.0
22.72,0.055041,-3.289172,-0.670000,0.0
22.74,1.804017,-3.310622,-0.670000,0.0
22.76,-4.569128,-19.177881,-0.670000,0.0
22.78,-3.470829,17.782003,-0.670000,0.0
22.80,0.318517,-13.010562,-0.670000,0.0
22.82,1.812594,0.562651,-0.670000,0.0
22.84,2.810612,-2.990710,-0.670000,0.0
22.86,-4.215094,5.666928,-0.670000,0.0
22.88,2.989903,10.277261,-0.670000,0.0
22.90,0.524329,7.129509,-0.670000,0.0
22.92,2.808016,-0.645823,-0.670000,0.0
22.94,-1.617951,18.781091,-0.670000,0.0
22.96,-0.756410,12.661265,-0.670000,0.0
22.98,-1.182878,-10.225201,-0.670000,0.0
23.00,3.542952,8.383651,-0.670000,0.0
23.02,-5.825916,3.723149,-0.670000,0.0
23.04,4.445334,-6.270547,-0.670000,0.0
23.06,-2.713248,-10.347436,-0.670000,0.0
23.08,-2.319671,-9.362993,-0.670000,0.0
23.10,-1.570075,12.596680,-0.670000,0.0
23.12,-6.609514,-13.825713,-0.670000,0.0
23.14,-3.741967,-12.917759,-0.670000,0.0
23.16,0.708104,-2.801136,-0.670000,0.0
23.18,4.729185,-0.591614,-0.670000,0.0
23.20,-1.971909,1.094633,-0.670000,0.0
23.22,-1.314986,10.013918,-0.670000,0.0
23.24,-3.949369,-2.844209,-0.670000,0.0
23.26,1.754634,8.346587,-0.670000,0.0
23.28,2.590359,1.152462,-0.670000,0.0
23.30,-6.366709,-11.776099,-0.670000,0.0
23.32,3.911341,-23.221491,-0.670000,0.0
23.34,-6.992845,-21.962121,-0.670000,0.0
23.36,-0.773295,-7.166392,-0.670000,0.0
23.38,2.786241,-4.617787,-0.670000,0.0
23.40,4.092628,8.205018,-0.670000,0.0
23.42,2.866757,-12.913316,-0.670000,0.0
23.44,3.312629,2.221502,-0.670000,0.0
23.46,-3.550754,5.724353,-0.670000,0.0
23.48,4.186152,-9.986812,-0.670000,0.0
23.50,0.178310,-11.576463,-0.670000,0.0
23.52,-0.766518,1.354721,-0.670000,0.0
23.54,-4.898583,-3.667528,-0.670000,0.0
23.56,-2.095732,5.031054,-0.670000,0.0
23.58,-6.624967,-2.638421,-0.670000,0.0
23.60,-1.243070,4.941048,-0.670000,0.0
23.62,-2.488730,-15.789612,-0.670000,0.0
23.64,1.681651,3.944493,-0.670000,0.0
23.66,-3.536508,-22.148417,-0.670000,0.0
23.68,-3.768764,3.594962,-0.670000,0.0
23.70,-2.082825,-10.611782,-0.670000,0.0
23.72,-2.312262,1.347355,-0.670000,0.0
23.74,0.645326,-0.916209,-0.670000,0.0
23.76,7.655617,16.093733,-0.670000,0.0
23.78,-4.766881,-7.455525,-0.670000,0.0
23.80,0.335882,-10.093033,-0.670000,0.0
23.82,2.121124,-9.250310,-0.670000,0.0
23.84,-1.722377,11.170508,-0.670000,0.0
23.86,-0.557280,-0.670950,-0.670000,0.0
23.88,-0.567733,-12.719372,-0.670000,0.0
23.90,0.962932,0.197337,-0.670000,0.0
23.92,1.091811,-4.810033,-0.670000,0.0
23.94,2.850099,8.040792,-0.670000,0.0
23.96,-6.484844,-23.183782,-0.670000,0.0
23.98,-4.144768,4.303162,-0.670000,0.0
24.00,0.016958,-3.984979,-0.670000,0.0
24.02,4.066063,-13.967953,-0.670000,0.0
24.04,-2.879311,-7.451626,-0.670000,0.0
24.06,3.767283,7.715238,-0.670000,0.0
24.08,-2.889958,-7.042128,-0.670000,0.0
24.10,-2.680204,6.232860,-0.670000,0.0
24.12,-3.544157,-4.332044,-0.670000,0.0
24.14,5.433048,9.580403,-0.670000,0.0
24.16,5.465169,9.893849,-0.670000,0.0
24.18,-1.839967,-4.588559,-0.670000,0.0
24.20,-5.925625,-11.717124,-0.670000,0.0
24.22,4.241591,13.563235,-0.670000,0.0
24.24,-2.275737,-10.788836,-0.670000,0.0
24.26,-1.977563,3.068075,-0.670000,0.0
24.28,-1.606707,-0.771353,-0.670000,0.0
24.30,0.518652,-2.101376,-0.670000,0.0
24.32,-5.419147,-11.553231,-0.670000,0.0
24.34,0.225316,-6.386569,-0.670000,0.0
24.36,-3.516212,-11.222274,-0.670000,0.0
24.38,5.840151,8.371827,-0.670000,0.0
24.40,-3.471894,-2.335423,-0.670000,0.0
24.42,5.499063,3.505863,-0.670000,0.0
24.44,-4.282935,-11.364013,-0.670000,0.0
24.46,-5.671906,-7.851826,-0.670000,0.0
24.48,-5.694002,-21.057705,-0.670000,0.0
24.50,-4.196344,1.276414,-0.670000,0.0
24.52,1.158468,2.906223,-0.670000,0.0
24.54,-1.955795,15.847844,-0.670000,0.0
24.56,2.440969,3.190407,-0.670000,0.0
24.58,1.253587,4.632783,-0.670000,0.0
24.60,-0.406410,-7.676001,-0.670000,0.0
24.62,0.202409,-3.474469,-0.670000,0.0
24.64,-3.459029,-4.812232,-0.670000,0.0
24.66,-0.792682,-7.628272,-0.670000,0.0
24.68,1.510422,-21.902623,-0.670000,0.0
24.70,4.164242,-10.695461,-0.670000,0.0
24.72,-7.396313,0.805786,-0.670000,0.0
24.74,4.222136,2.960143,-0.670000,0.0
24.76,-5.215522,-15.383233,-0.670000,0.0
24.78,2.365719,10.246719,-0.670000,0.0
24.80,-3.542143,12.984610,-0.670000,0.0
24.82,-3.216638,-9.832970,-0.670000,0.0
24.84,-2.194475,-2.758601,-0.670000,0.0
24.86,-0.482437,-9.216092,-0.670000,0.0
24.88,5.188626,15.057318,-0.670000,0.0
24.90,-1.297244,-8.497992,-0.670000,0.0
24.92,-2.138750,-4.247029,-0.670000,0.0
24.94,2.765417,-13.111157,-0.670000,0.0
24.96,2.271190,-4.041472,-0.670000,0.0
24.98,0.295769,-9.678569,-0.670000,0.0
25.00,1.186457,-9.833933,-0.670000,0.0
25.02,-1.080006,9.791096,-0.670000,0.0
25.04,-4.810691,-2.966496,-0.670000,0.0
25.06,6.584837,18.390166,-0.670000,0.0
25.08,-1.744367,5.728669,-0.670000,0.0
25.10,-1.639923,-1.881500,-0.670000,0.0
25.12,-1.431784,-3.376013,-0.670000,0.0
25.14,1.739306,9.816851,-0.670000,0.0
25.16,1.099384,-4.769030,-0.670000,0.0
25.18,-7.726890,-9.632353,-0.670000,0.0
25.20,2.600823,20.307384,-0.670000,0.0
25.22,-3.853549,-4.269361,-0.670000,0.0
25.24,-1.413843,-4.009713,-0.670000,0.0
25.26,2.096882,0.458231,-0.670000,0.0
25.28,-6.404195,-0.677818,-0.670000,0.0
25.30,1.733737,-14.621024,-0.670000,0.0
25.32,-0.199773,-12.271848,-0.670000,0.0
25.34,2.900477,-2.137130,-0.670000,0.0
25.36,-1.477209,3.140273,-0.670000,0.0
25.38,-3.101915,9.182727,-0.670000,0.0
25.40,-2.325020,-17.882019,-0.670000,0.0
25.42,-2.575774,0.691046,-0.670000,0.0
25.44,2.546223,-0.276522,-0.670000,0.0
25.46,-3.920263,-7.240370,-0.670000,0.0
25.48,2.051093,15.794568,-0.670000,0.0
25.50,1.070022,2.365755,-0.670000,0.0
25.52,-1.506262,3.439675,-0.670000,0.0
25.54,-1.104556,-4.841882,-0.670000,0.0
25.56,-7.577677,-8.926288,-0.670000,0.0
25.58,-3.362470,-3.007920,-0.670000,0.0
25.60,-1.717920,4.509940,-0.670000,0.0
25.62,-0.484027,11.111103,-0.670000,0.0
25.64,-3.362006,2.873529,-0.670000,0.0
25.66,-0.086834,-9.794818,-0.670000,0.0
25.68,2.949324,6.105615,-0.670000,0.0
25.70,1.401903,4.678186,-0.670000,0.0
25.72,1.971356,7.144706,-0.670000,0.0
25.74,-0.497641,2.511329,-0.670000,0.0
25.76,2.389615,13.594927,-0.670000,0.0
25.78,-1.359447,-7.448086,-0.670000,0.0
25.80,-3.361662,-18.113751,-0.670000,0.0
25.82,0.607570,-1.053437,-0.670000,0.0
25.84,0.446963,10.810708,-0.670000,0.0
25.86,5.362573,1.428934,-0.670000,0.0
25.88,7.912099,1.095868,-0.670000,0.0
25.90,-2.124720,-6.356568,-0.670000,0.0
25.92,-5.811068,-26.436036,-0.670000,0.0
25.94,9.179450,25.404884,-0.670000,0.0
25.96,-6.464685,2.241961,-0.670000,0.0
25.98,0.161004,11.409180,-0.670000,0.0
26.00,-3.061430,-2.972338,-0.670000,0.0
26.02,0.495922,16.877406,-0.670000,0.0
26.04,-4.251059,7.358521,-0.670000,0.0
26.06,-8.093860,-29.943406,-0.670000,0.0
26.08,4.302384,-0.361615,-0.670000,0.0
26.10,-0.650692,-16.067900,-0.670000,0.0
26.12,0.528281,-4.305807,-0.670000,0.0
26.14,-9.757745,-11.483723,-0.670000,0.0
26.16,0.259952,8.523782,-0.670000,0.0
26.18,-1.988160,-6.358339,-0.670000,0.0
26.20,-2.528773,-1.000012,-0.670000,0.0
26.22,2.500218,-7.460540,-0.670000,0.0
26.24,-2.333653,4.761661,-0.670000,0.0
26.26,-3.010014,-18.616710,-0.670000,0.0
26.28,3.866395,19.762201,-0.670000,0.0
26.30,-2.528332,-13.105854,-0.670000,0.0
26.32,-0.837841,-1.702517,-0.670000,0.0
26.34,-6.281523,-4.385875,-0.670000,0.0
26.36,2.571027,3.060581,-0.670000,0.0
26.38,1.234427,-6.374298,-0.670000,0.0
26.40,1.031555,-2.533951,-0.670000,0.0
26.42,-2.500867,-3.227929,-0.670000,0.0
26.44,-0.103027,-1.106795,-0.670000,0.0
26.46,-3.720736,3.934309,-0.670000,0.0
26.48,-3.596925,-8.529106,-0.670000,0.0
26.50,6.235086,-6.926590,-0.670000,0.0
26.52,-6.241889,-2.895690,-0.670000,0.0
26.54,1.017210,8.562110,-0.670000,0.0
26.56,4.176776,27.653670,-0.670000,0.0
26.58,-4.087168,-11.158200,-0.670000,0.0
26.60,2.657198,-2.887617,-0.670000,0.0
26.62,1.334818,-11.646971,-0.670000,0.0
26.64,-2.654407,-5.216017,-0.670000,0.0
26.66,4.123823,-3.468074,-0.670000,0.0
26.68,-2.695600,-14.525100,-0.670000,0.0
26.70,1.781800,-3.995103,-0.670000,0.0
26.72,-4.944674,-2.192786,-0.670000,0.0
26.74,2.739789,0.383891,-0.670000,0.0
26.76,-0.494764,3.115805,-0.670000,0.0
26.78,-6.398836,0.175068,-0.670000,0.0
26.80,-4.888416,-6.559986,-0.670000,0.0
26.82,5.153525,-9.605801,-0.670000,0.0
26.84,3.261488,-3.000404,-0.670000,0.0
26.86,1.700363,22.063305,-0.670000,0.0
26.88,2.460150,8.404720,-0.670000,0.0
26.90,-0.846823,-13.485333,-0.670000,0.0
26.92,-0.362914,-2.845681,-0.670000,0.0
26.94,5.419534,-7.773455,-0.670000,0.0
26.96,-1.791983,-2.751248,-0.670000,0.0
26.98,-10.336671,-6.115468,-0.670000,0.0
27.00,4.122560,7.432592,-0.670000,0.0
27.02,0.157443,19.019221,-0.670000,0.0
27.04,-0.651885,5.953816,-0.670000,0.0
27.06,-8.431796,-8.033878,-0.670000,0.0
27.08,2.660531,-11.351411,-0.670000,0.0
27.10,3.271061,-6.539423,-0.670000,0.0
27.12,-1.919099,-5.499205,-0.670000,0.0
27.14,-6.582764,-6.542959,-0.670000,0.0
27.16,0.089701,5.342596,-0.670000,0.0
27.18,-2.734320,9.860783,-0.670000,0.0
27.20,-1.242615,-10.932753,-0.670000,0.0
27.22,-4.582471,-22.844629,-0.670000,0.0
27.24,-2.959753,-18.736061,-0.670000,0.0
27.26,-3.897219,6.610136,-0.670000,0.0
27.28,1.819421,-1.560628,-0.670000,0.0
27.30,-5.928670,-5.267033,-0.670000,0.0
27.32,3.947300,16.305353,-0.670000,0.0
27.34,-6.752801,-15.535496,-0.670000,0.0
27.36,4.980800,9.403497,-0.670000,0.0
27.38,-1.157177,-17.146599,-0.670000,0.0
27.40,-4.764870,-17.733369,-0.670000,0.0
27.42,6.920776,14.794096,-0.670000,0.0
27.44,-3.984587,-1.901435,-0.670000,0.0
27.46,3.595468,22.321212,-0.670000,0.0
27.48,3.963706,-4.572929,-0.670000,0.0
27.50,6.090262,4.703232,-0.670000,0.0
27.52,2.478968,9.513645,-0.670000,0.0
27.54,-1.319472,-9.455152,-0.670000,0.0
27.56,0.383693,10.925722,-0.670000,0.0
27.58,-8.299799,-9.831397,-0.670000,0.0
27.60,-4.520037,-37.525660,-0.670000,0.0
27.62,3.396700,-12.901020,-0.670000,0.0
27.64,-1.604446,8.356495,-0.670000,0.0
27.66,0.670663,-7.837856,-0.670000,0.0
27.68,3.419603,-1.266859,-0.670000,0.0
27.70,-1.779244,-12.343237,-0.670000,0.0
27.72,-0.880575,1.731086,-0.670000,0.0
27.74,-2.864157,-5.749468,-0.670000,0.0
27.76,0.770187,20.388980,-0.670000,0.0
27.78,-2.244357,5.475401,-0.670000,0.0
27.80,-0.880182,4.611678,-0.670000,0.0
27.82,-3.211875,15.080072,-0.670000,0.0
27.84,2.607403,10.336335,-0.670000,0.0
27.86,-3.398429,-2.012915,-0.670000,0.0
27.88,0.428976,-12.282396,-0.670000,0.0
27.90,-3.714822,-16.257224,-0.670000,0.0
27.92,4.130457,10.710278,-0.670000,0.0
27.94,-4.444018,3.623052,-0.670000,0.0
27.96,-2.022247,16.640368,-0.670000,0.0
27.98,-3.240840,3.374204,-0.670000,0.0
28.00,-0.375713,5.729225,-0.670000,0.0
28.02,-5.621990,-13.965769,-0.670000,0.0
28.04,3.451628,-0.870579,-0.670000,0.0
28.06,1.959178,4.567664,-0.670000,0.0
28.08,-0.711507,-5.997640,-0.670000,0.0
28.10,-0.164390,0.146117,-0.670000,0.0
28.12,-4.691732,-33.781358,-0.670000,0.0
28.14,3.216088,-2.773928,-0.670000,0.0
28.16,-6.703963,-22.420062,-0.670000,0.0
28.18,4.301131,0.376833,-0.670000,0.0
28.20,-2.308537,-5.551387,-0.670000,0.0
28.22,-4.665582,-2.202396,-0.670000,0.0
28.24,0.351060,-0.417191,-0.670000,0.0
28.26,-1.015169,10.739805,-0.670000,0.0
28.28,-0.414000,-10.524058,-0.670000,0.0
28.30,-0.606607,1.046354,-0.670000,0.0
28.32,-2.248376,14.544783,-0.670000,0.0
28.34,7.453908,8.532278,-0.670000,0.0
28.36,-2.948787,-14.565326,-0.670000,0.0
28.38,1.456349,-1.001205,-0.670000,0.0
28.40,-5.193169,-12.000722,-0.670000,0.0
28.42,3.284969,1.991995,-0.670000,0.0
28.44,7.024369,27.010308,-0.670000,0.0
28.46,-6.598982,-7.526036,-0.670000,0.0
28.48,-0.681833,3.010867,-0.670000,0.0
28.50,0.961890,3.847112,-0.670000,0.0
28.52,-0.890354,-3.216306,-0.670000,0.0
28.54,-2.626068,0.124075,-0.670000,0.0
28.56,-3.404574,0.879098,-0.670000,0.0
28.58,2.915647,3.268542,-0.670000,0.0
28.60,0.889188,10.752380,-0.670000,0.0
28.62,1.279673,9.897775,-0.670000,0.0
28.64,4.212921,-3.100360,-0.670000,0.0
28.66,-4.015723,10.124898,-0.670000,0.0
28.68,1.562958,-4.783066,-0.670000,0.0
28.70,0.420628,2.020168,-0.670000,0.0
28.72,-0.476988,4.263460,-0.670000,0.0
28.74,-3.444343,-14.246434,-0.670000,0.0
28.76,0.883871,-3.150943,-0.670000,0.0
28.78,-8.903464,-18.848312,-0.670000,0.0
28.80,-0.666270,8.603262,-0.670000,0.0
28.82,-3.593626,-1.634855,-0.670000,0.0
28.84,-2.573939,-10.148252,-0.670000,0.0
28.86,7.313603,21.756983,-0.670000,0.0
28.88,0.811341,4.521625,-0.670000,0.0
28.90,-2.560343,-4.222355,-0.670000,0.0
28.92,-2.501421,2.670244,-0.670000,0.0
28.94,-2.675951,-6.378375,-0.670000,0.0
28.96,0.417800,-21.250381,-0.670000,0.0
28.98,-2.694777,1.224647,-0.670000,0.0
29.00,-2.797872,-4.934311,-0.670000,0.0
29.02,0.985391,10.259619,-0.670000,0.0
29.04,-1.039082,-3.603929,-0.670000,0.0
29.06,-1.155851,8.240360,-0.670000,0.0
29.08,-2.526767,-0.407732,-0.670000,0.0
29.10,3.218666,7.561333,-0.670000,0.0
29.12,-2.424799,-2.038397,-0.670000,0.0
29.14,-3.581154,12.215478,-0.670000,0.0
29.16,1.567419,4.197889,-0.670000,0.0
29.18,2.542264,-10.358158,-0.670000,0.0
29.20,-6.007234,-20.516275,-0.670000,0.0
29.22,1.288865,14.626157,-0.670000,0.0
29.24,-4.500968,-4.422832,-0.670000,0.0
29.26,2.103140,-6.979551,-0.670000,0.0
29.28,2.821703,2.562838,-0.670000,0.0
29.30,3.299270,-2.292988,-0.670000,0.0
29.32,-6.146175,-0.929500,-0.670000,0.0
29.34,2.121509,4.214512,-0.670000,0.0
29.36,3.140249,17.586140,-0.670000,0.0
29.38,-0.262295,-6.366080,-0.670000,0.0
29.40,-5.884351,-6.780033,-0.670000,0.0
29.42,0.557061,9.743034,-0.670000,0.0
29.44,2.493022,2.953449,-0.670000,0.0
29.46,-3.921338,-3.186641,-0.670000,0.0
29.48,1.616896,4.306510,-0.670000,0.0
29.50,3.871818,9.895613,-0.670000,0.0
29.52,-1.554101,-19.130903,-0.670000,0.0
29.54,-4.914772,-18.357868,-0.670000,0.0
29.56,0.433908,8.755621,-0.670000,0.0
29.58,-3.491914,-7.248060,-0.670000,0.0
29.60,0.295145,3.711235,-0.670000,0.0
29.62,-1.780198,-4.556012,-0.670000,0.0
29.64,-0.102621,24.052826,-0.670000,0.0
29.66,-2.877531,-15.755674,-0.670000,0.0
29.68,-0.757595,-12.859782,-0.670000,0.0
29.70,2.627120,11.733085,-0.670000,0.0
29.72,-4.949386,1.188203,-0.670000,0.0
29.74,-2.776942,-6.122201,-0.670000,0.0
29.76,-0.010855,11.215517,-0.670000,0.0
29.78,-2.756748,-4.194733,-0.670000,0.0
29.80,-1.570107,-0.490192,-0.670000,0.0
29.82,2.689006,9.359069,-0.670000,0.0
29.84,2.188953,4.558351,-0.670000,0.0
29.86,-1.498676,-3.015481,-0.670000,0.0
29.88,-1.967031,0.522048,-0.670000,0.0
29.90,-2.450684,9.358918,-0.670000,0.0
29.92,-0.865846,5.263886,-0.670000,0.0
29.94,5.646193,12.349693,-0.670000,0.0
29.96,0.353191,5.255155,-0.670000,0.0
29.98,-3.737506,-13.895433,-0.670000,0.0
30.00,5.231457,-1.433537,-0.670000,0.0
30.02,2.390036,16.809820,-0.670000,0.0
30.04,-8.110960,-13.765452,-0.670000,0.0
30.06,-2.072894,-1.179854,-0.670000,0.0
30.08,-0.330069,3.356059,-0.670000,0.0
30.10,0.777668,11.220213,-0.670000,0.0
30.12,-1.018805,-6.173712,-0.670000,0.0
30.14,-1.352175,-0.852313,-0.670000,0.0
30.16,0.583378,7.131216,-0.670000,0.0
30.18,-0.060251,8.632201,-0.670000,0.0
30.20,-1.774657,-14.666261,-0.670000,0.0
30.22,-0.161978,-2.457849,-0.670000,0.0
30.24,-7.377218,-11.784937,-0.670000,0.0
30.26,1.227382,-3.396019,-0.670000,0.0
30.28,-0.675267,6.295855,-0.670000,0.0
30.30,-2.782326,-11.530169,-0.670000,0.0
30.32,-0.920307,-12.180932,-0.670000,0.0
30.34,-0.143594,2.890913,-0.670000,0.0
30.36,7.675846,11.723698,-0.670000,0.0
30.38,-2.512375,10.777014,-0.670000,0.0
30.40,-4.001709,1.112418,-0.670000,0.0
30.42,1.439223,5.560818,-0.670000,0.0
30.44,3.038970,12.241549,-0.670000,0.0
30.46,-3.427590,-26.735864,-0.670000,0.0
30.48,-0.665825,-6.300335,-0.670000,0.0
30.50,0.652881,-1.298202,-0.670000,0.0
30.52,-1.002576,-0.053220,-0.670000,0.0
30.54,2.917111,2.986811,-0.670000,0.0
30.56,-2.407964,-0.194064,-0.670000,0.0
30.58,2.573987,2.636168,-0.670000,0.0
30.60,6.507533,-2.409353,-0.670000,0.0
30.62,-7.379709,-14.509398,-0.670000,0.0
30.64,-5.030994,1.785286,-0.670000,0.0
30.66,-2.060072,-17.534366,-0.670000,0.0
30.68,-0.497538,12.396125,-0.670000,0.0
30.70,-0.551848,4.029371,-0.670000,0.0
30.72,0.261571,-11.041198,-0.670000,0.0
30.74,-7.360545,-7.218360,-0.670000,0.0
30.76,2.060277,0.312739,-0.670000,0.0
30.78,-2.527896,-12.517795,-0.670000,0.0
30.80,-4.019053,8.446221,-0.670000,0.0
30.82,3.299583,-4.643464,-0.670000,0.0
30.84,-5.944326,-12.136749,-0.670000,0.0
30.86,2.774560,-14.357249,-0.670000,0.0
30.88,-1.999710,-13.060256,-0.670000,0.0
30.90,4.084415,1.422109,-0.670000,0.0
30.92,2.804539,3.782793,-0.670000,0.0
30.94,3.411183,3.336600,-0.670000,0.0
30.96,-4.840117,-20.823735,-0.670000,0.0
30.98,-0.820467,-8.938703,-0.670000,0.0
31.00,-2.333677,1.637528,-0.670000,0.0
31.02,-3.883611,1.848290,-0.670000,0.0
31.04,-4.119503,-1.004178,-0.670000,0.0
31.06,-2.775492,-19.737942,-0.670000,0.0
31.08,4.501076,3.027577,-0.670000,0.0
31.10,0.930082,-0.203345,-0.670000,0.0
31.12,3.848022,0.366136,-0.670000,0.0
31.14,1.544356,2.590823,-0.670000,0.0
31.16,-0.587012,-10.490125,-0.670000,0.0
31.18,-3.331242,1.427350,-0.670000,0.0
31.20,-2.128739,-3.854258,-0.670000,0.0
31.22,-5.079869,4.692108,-0.670000,0.0
31.24,-1.804392,-8.335817,-0.670000,0.0
31.26,-5.583323,-9.162379,-0.670000,0.0
31.28,2.865256,-0.508525,-0.670000,0.0
31.30,-9.726612,-15.191046,-0.670000,0.0
31.32,11.771228,31.249986,-0.670000,0.0
31.34,5.376022,3.548004,-0.670000,0.0
31.36,-10.933594,-1.550555,-0.670000,0.0
31.38,2.100276,-1.069761,-0.670000,0.0
31.40,-6.773511,-12.033158,-0.670000,0.0
31.42,-3.485088,-1.038194,-0.670000,0.0
31.44,9.047036,2.966324,-0.670000,0.0
31.46,-4.125908,-1.431908,-0.670000,0.0
31.48,0.115231,-16.958265,-0.670000,0.0
31.50,2.068307,2.196546,-0.670000,0.0
31.52,4.259848,0.990980,-0.670000,0.0
31.54,3.450780,-3.012509,-0.670000,0.0
31.56,-2.615745,5.376300,-0.670000,0.0
31.58,-1.358357,-1.391768,-0.670000,0.0
31.60,-1.005209,13.923054,-0.670000,0.0
31.62,-3.167329,-6.365918,-0.670000,0.0
31.64,-5.842338,-9.538944,-0.670000,0.0
31.66,8.057226,8.462375,-0.670000,0.0
31.68,1.173646,1.491559,-0.670000,0.0
31.70,5.628083,6.623452,-0.670000,0.0
31.72,-7.572052,1.961206,-0.670000,0.0
31.74,1.468295,-17.117612,-0.670000,0.0
31.76,-0.509435,1.417418,-0.670000,0.0
31.78,0.675504,-7.449269,-0.670000,0.0
31.80,-5.795363,-14.448185,-0.670000,0.0
31.82,-1.338412,-14.474827,-0.670000,0.0
31.84,-1.340199,-15.151495,-0.670000,0.0
31.86,-3.300530,-1.555885,-0.670000,0.0
31.88,-4.606589,-9.309538,-0.670000,0.0
31.90,0.533522,4.288421,-0.670000,0.0
31.92,-4.758418,3.155798,-0.670000,0.0
31.94,-0.499608,1.990734,-0.670000,0.0
31.96,2.412133,-6.389447,-0.670000,0.0
31.98,-0.615935,-16.321342,-0.670000,0.0
32.00,-5.135676,-15.786180,-0.670000,0.0
32.02,2.175487,1.497554,-0.670000,0.0
32.04,-3.645283,0.437722,-0.670000,0.0
32.06,1.477804,8.647011,-0.670000,0.0
32.08,2.608918,6.653822,-0.670000,0.0
32.10,4.329184,5.613782,-0.670000,0.0
32.12,-0.082385,-13.442473,-0.670000,0.0
32.14,0.577433,-20.566726,-0.670000,0.0
32.16,-1.150879,-1.899506,-0.670000,0.0
32.18,-7.616395,-2.428241,-0.670000,0.0
32.20,2.112989,2.765296,-0.670000,0.0
32.22,-2.925880,-5.663363,-0.670000,0.0
32.24,-3.111903,-0.667476,-0.670000,0.0
32.26,-0.668950,-11.454615,-0.670000,0.0
32.28,-0.779875,-17.249125,-0.670000,0.0
32.30,4.025211,-16.765316,-0.670000,0.0
32.32,-1.991657,2.953738,-0.670000,0.0
32.34,3.923502,6.749005,-0.670000,0.0
32.36,-1.079995,3.390523,-0.670000,0.0
32.38,-5.622006,-21.042879,-0.670000,0.0
32.40,1.960292,5.948372,-0.670000,0.0
32.42,4.248636,22.021619,-0.670000,0.0
32.44,-3.476269,-12.384500,-0.670000,0.0
32.46,-0.473268,14.660701,-0.670000,0.0
32.48,-1.263164,4.748098,-0.670000,0.0
32.50,0.567749,7.581746,-0.670000,0.0
32.52,0.884826,2.360109,-0.670000,0.0
32.54,-1.202634,6.338307,-0.670000,0.0
32.56,-0.888811,2.826157,-0.670000,0.0
32.58,1.503083,-2.371964,-0.670000,0.0
32.60,-9.337217,-13.298236,-0.670000,0.0
32.62,4.967648,-5.449158,-0.670000,0.0
32.64,3.718473,4.711048,-0.670000,0.0
32.66,-0.323562,16.882808,-0.670000,0.0
32.68,-3.677389,6.794538,-0.670000,0.0
32.70,0.666029,-8.816347,-0.670000,0.0
32.72,-6.698472,3.531759,-0.670000,0.0
32.74,-8.153559,-1.027665,-0.670000,0.0
32.76,10.700180,11.330473,-0.670000,0.0
32.78,-3.610440,1.380996,-0.670000,0.0
32.80,-6.784467,-9.308144,-0.670000,0.0
32.82,-5.795431,-9.959860,-0.670000,0.0
32.84,0.131013,-7.340757,-0.670000,0.0
32.86,-1.123228,9.445808,-0.670000,0.0
32.88,5.581045,3.338529,-0.670000,0.0
32.90,-0.859079,3.220713,-0.670000,0.0
32.92,3.304864,5.371140,-0.670000,0.0
32.94,1.750571,-12.374764,-0.670000,0.0
32.96,-3.686076,-12.045029,-0.670000,0.0
32.98,-5.444273,-13.307150,-0.670000,0.0
33.00,-4.555553,7.315955,-0.670000,0.0
33.02,0.682743,0.501931,-0.670000,0.0
33.04,-1.127526,-5.949904,-0.670000,0.0
33.06,-3.795360,1.886275,-0.670000,0.0
33.08,5.200466,4.413595,-0.670000,0.0
33.10,0.089292,-4.855891,-0.670000,0.0
33.12,-5.845412,11.352782,-0.670000,0.0
33.14,1.692005,5.677733,-0.670000,0.0
33.16,4.613880,8.443959,-0.670000,0.0
33.18,-4.974299,-7.822135,-0.670000,0.0
33.20,2.948007,-4.577453,-0.670000,0.0
33.22,-0.291992,-21.749402,-0.670000,0.0
33.24,-5.579332,-8.344875,-0.670000,0.0
33.26,1.227114,5.246764,-0.670000,0.0
33.28,7.158399,14.521656,-0.670000,0.0
33.30,3.254949,5.658972,-0.670000,0.0
33.32,-1.345070,6.695119,-0.670000,0.0
33.34,2.688368,-6.985468,-0.670000,0.0
33.36,-2.224728,-24.368507,-0.670000,0.0
33.38,-2.558879,5.716901,-0.670000,0.0
33.40,3.028623,9.346056,-0.670000,0.0
33.42,-2.965868,6.538034,-0.670000,0.0
33.44,2.885373,-6.687895,-0.670000,0.0
33.46,-7.109215,-10.218036,-0.670000,0.0
33.48,0.986564,9.060371,-0.670000,0.0
33.50,-0.675210,8.641501,-0.670000,0.0
33.52,-1.188341,2.777723,-0.670000,0.0
33.54,0.734548,-6.702285,-0.670000,0.0
33.56,0.958564,5.314178,-0.670000,0.0
33.58,-5.480896,1.014143,-0.670000,0.0
33.60,2.068363,5.794939,-0.670000,0.0
33.62,-2.456061,1.518864,-0.670000,0.0
33.64,0.670935,-10.943632,-0.670000,0.0
33.66,-3.600798,2.993838,-0.670000,0.0
33.68,-0.982138,-7.107980,-0.670000,0.0
33.70,-3.942214,-13.532029,-0.670000,0.0
33.72,-1.402409,7.094466,-0.670000,0.0
33.74,-6.135073,-13.936512,-0.670000,0.0
33.76,3.564461,0.037396,-0.670000,0.0
33.78,3.342368,0.941524,-0.670000,0.0
33.80,-9.337458,6.025358,-0.670000,0.0
33.82,0.243541,1.358922,-0.670000,0.0
33.84,0.437908,1.109874,-0.670000,0.0
33.86,-4.245146,-2.458657,-0.670000,0.0
33.88,-0.239273,-15.642092,-0.670000,0.0
33.90,-2.003266,-3.355960,-0.670000,0.0
33.92,-0.614779,3.674537,-0.670000,0.0
33.94,-2.762483,-9.015392,-0.670000,0.0
33.96,4.071960,-3.616322,-0.670000,0.0
33.98,-4.398624,-5.348788,-0.670000,0.0
34.00,7.731557,13.767626,-0.670000,0.0
34.02,1.554045,8.717908,-0.670000,0.0
34.04,-2.486999,4.565220,-0.670000,0.0
34.06,-1.080719,-4.196422,-0.670000,0.0
34.08,1.394993,17.643071,-0.670000,0.0
34.10,5.004626,7.318132,-0.670000,0.0
34.12,-2.104329,-13.709020,-0.670000,0.0
34.14,3.029757,8.505587,-0.670000,0.0
34.16,-0.021407,-6.648152,-0.670000,0.0
34.18,1.542627,8.296153,-0.670000,0.0
34.20,-1.493016,-11.386682,-0.670000,0.0
34.22,-1.694819,-14.023110,-0.670000,0.0
34.24,-6.512746,-11.248907,-0.670000,0.0
34.26,-2.705056,-17.545720,-0.670000,0.0
34.28,4.193469,9.057981,-0.670000,0.0
34.30,-3.718155,5.734373,-0.670000,0.0
34.32,-1.768183,8.206952,-0.670000,0.0
34.34,-1.185647,2.895770,-0.670000,0.0
34.36,-2.667955,8.856872,-0.670000,0.0
34.38,-2.487892,8.104863,-0.670000,0.0
34.40,0.594166,7.403105,-0.670000,0.0
34.42,2.458876,-4.759436,-0.670000,0.0
34.44,-3.859639,12.388324,-0.670000,0.0
34.46,1.646410,4.636857,-0.670000,0.0
34.48,-5.010763,-8.385422,-0.670000,0.0
34.50,1.976835,-0.151029,-0.670000,0.0
34.52,-0.207168,9.400581,-0.670000,0.0
34.54,1.021188,6.375188,-0.670000,0.0
34.56,2.027326,18.618355,-0.670000,0.0
34.58,0.686788,-23.347623,-0.670000,0.0
34.60,-1.507403,0.032226,-0.670000,0.0
34.62,-2.235989,-5.525686,-0.670000,0.0
34.64,-1.616722,15.269055,-0.670000,0.0
34.66,-3.758166,4.932380,-0.670000,0.0
34.68,-3.811463,-2.203521,-0.670000,0.0
34.70,-7.432413,-5.653428,-0.670000,0.0
34.72,3.807128,-2.115618,-0.670000,0.0
34.74,-0.006923,-11.754650,-0.670000,0.0
34.76,-2.940465,2.792895,-0.670000,0.0
34.78,0.358275,12.924091,-0.670000,0.0
34.80,-9.346010,-4.920487,-0.670000,0.0
34.82,4.082622,6.639767,-0.670000,0.0
34.84,0.477667,-11.212290,-0.670000,0.0
34.86,-2.771140,-14.278222,-0.670000,0.0
34.88,5.901799,7.166084,-0.670000,0.0
34.90,-2.434671,-18.589134,-0.670000,0.0
34.92,3.597390,-11.695677,-0.670000,0.0
34.94,2.289072,-5.701782,-0.670000,0.0
34.96,1.614692,-2.376461,-0.670000,0.0
34.98,-3.068054,-1.503073,-0.670000,0.0
35.00,1.302003,16.028941,-0.670000,0.0
35.02,-4.617556,-19.274258,-0.670000,0.0
35.04,0.469506,-1.621009,-0.670000,0.0
35.06,-5.871290,-2.148659,-0.670000,0.0
35.08,7.083384,-13.443483,-0.670000,0.0
35.10,9.238411,15.250609,-0.670000,0.0
35.12,-1.179492,8.519132,-0.670000,0.0
35.14,-2.824352,-22.876771,-0.670000,0.0
35.16,2.676286,6.642844,-0.670000,0.0
35.18,-3.785098,7.458817,-0.670000,0.0
35.20,0.764331,-8.930435,-0.670000,0.0
35.22,1.423394,-2.324044,-0.670000,0.0
35.24,-3.657264,-2.745750,-0.670000,0.0
35.26,-1.424804,0.456625,-0.670000,0.0
35.28,-3.007840,1.967157,-0.670000,0.0
35.30,-0.484087,-4.626088,-0.670000,0.0
35.32,-1.968911,-14.494077,-0.670000,0.0
35.34,-2.836351,12.328848,-0.670000,0.0
35.36,4.166704,15.977968,-0.670000,0.0
35.38,-3.804000,-2.618158,-0.670000,0.0
35.40,-0.393470,6.704587,-0.670000,0.0
35.42,-2.566949,-4.308754,-0.670000,0.0
35.44,-4.435560,20.747921,-0.670000,0.0
35.46,-3.989376,-7.442198,-0.670000,0.0
35.48,-5.259663,-2.308362,-0.670000,0.0
35.50,2.920081,8.444748,-0.670000,0.0
35.52,-5.021331,-18.631738,-0.670000,0.0
35.54,-0.536867,-24.686711,-0.670000,0.0
35.56,1.167972,16.634523,-0.670000,0.0
35.58,-4.330360,-7.352844,-0.670000,0.0
35.60,1.949366,8.467674,-0.670000,0.0
35.62,1.004265,-0.810771,-0.670000,0.0
35.64,3.461604,-2.211650,-0.670000,0.0
35.66,-3.235220,8.586460,-0.670000,0.0
35.68,-4.036174,-6.298307,-0.670000,0.0
35.70,0.193710,4.581197,-0.670000,0.0
35.72,5.969256,9.361499,-0.670000,0.0
35.74,2.848784,-5.043423,-0.670000,0.0
35.76,1.088576,-3.355562,-0.670000,0.0
35.78,2.114800,-13.194088,-0.670000,0.0
35.80,-4.702324,-10.262646,-0.670000,0.0
35.82,0.664679,-4.682162,-0.670000,0.0
35.84,0.861925,-3.365218,-0.670000,0.0
35.86,-4.688565,-11.448407,-0.670000,0.0
35.88,-2.241188,2.455858,-0.670000,0.0
35.90,-1.649517,-5.750980,-0.670000,0.0
35.92,-8.990564,-22.883016,-0.670000,0.0
35.94,-1.565420,-17.268607,-0.670000,0.0
35.96,2.187011,-13.335141,-0.670000,0.0
35.98,7.236636,-5.116144,-0.670000,0.0
36.00,-6.773123,-25.424827,-0.670000,0.0
36.02,3.631100,3.620543,-0.670000,0.0
36.04,1.842315,1.215213,-0.670000,0.0
36.06,0.573140,16.673588,-0.670000,0.0
36.08,-2.778523,0.886845,-0.670000,0.0
36.10,0.635403,-7.799041,-0.670000,0.0
36.12,2.631543,11.144678,-0.670000,0.0
36.14,-1.850494,-3.678592,-0.670000,0.0
36.16,2.793579,19.919011,-0.670000,0.0
36.18,1.372569,5.029231,-0.670000,0.0
36.20,-6.525031,-19.020218,-0.670000,0.0
36.22,-4.217371,-4.935408,-0.670000,0.0
36.24,1.791431,-6.479326,-0.670000,0.0
36.26,-1.737154,2.931190,-0.670000,0.0
36.28,-3.898870,1.456606,-0.670000,0.0
36.30,0.669161,8.111834,-0.670000,0.0
36.32,-6.145314,-13.902338,-0.670000,0.0
36.34,5.405344,-0.014337,-0.670000,0.0
36.36,-4.530529,-9.916242,-0.670000,0.0
36.38,3.546105,0.144177,-0.670000,0.0
36.40,-3.468968,-14.255648,-0.670000,0.0
36.42,0.530203,-4.330141,-0.670000,0.0
36.44,-3.513351,10.305220,-0.670000,0.0
36.46,-7.760299,-13.499573,-0.670000,0.0
36.48,-1.075713,-4.869339,-0.670000,0.0
36.50,0.456978,10.738767,-0.670000,0.0
36.52,0.638548,4.523141,-0.670000,0.0
36.54,4.436708,-0.112537,-0.670000,0.0
36.56,2.517577,-4.184057,-0.670000,0.0
36.58,-1.061486,-0.068300,-0.670000,0.0
36.60,-2.804795,-19.396467,-0.670000,0.0
36.62,8.276093,-8.024518,-0.670000,0.0
36.64,-6.650039,16.801816,-0.670000,0.0
36.66,-2.560390,5.935204,-0.670000,0.0
36.68,-3.299557,-5.036058,-0.670000,0.0
36.70,7.040705,-4.174079,-0.670000,0.0
36.72,-7.414097,-13.954958,-0.670000,0.0
36.74,1.023844,-1.174001,-0.670000,0.0
36.76,0.287939,0.060903,-0.670000,0.0
36.78,2.149996,-3.500687,-0.670000,0.0
36.80,1.364285,2.503030,-0.670000,0.0
36.82,-8.305043,-17.489993,-0.670000,0.0
36.84,0.493566,-1.991224,-0.670000,0.0
36.86,-0.695065,1.737816,-0.670000,0.0
36.88,-1.037087,-6.074917,-0.670000,0.0
36.90,8.944647,17.756843,-0.670000,0.0
36.92,1.277405,5.383756,-0.670000,0.0
36.94,0.955654,-5.086508,-0.670000,0.0
36.96,1.861530,-10.526270,-0.670000,0.0
36.98,3.203059,12.212046,-0.670000,0.0
37.00,-11.023089,-16.340047,-0.670000,0.0
37.02,-4.128708,-18.641039,-0.670000,0.0
37.04,-0.492586,-1.537225,-0.670000,0.0
37.06,0.184317,-0.736071,-0.670000,0.0
37.08,-3.162554,5.075345,-0.670000,0.0
37.10,-1.712668,-6.569347,-0.670000,0.0
37.12,-0.296086,-7.138020,-0.670000,0.0
37.14,-0.239163,2.551368,-0.670000,0.0
37.16,-2.370945,-14.451821,-0.670000,0.0
37.18,-0.680218,-3.060834,-0.670000,0.0
37.20,-0.386187,2.705650,-0.670000,0.0
37.22,-2.263830,0.132439,-0.670000,0.0
37.24,-2.118669,-3.842122,-0.670000,0.0
37.26,-2.490712,-1.193051,-0.670000,0.0
37.28,0.544526,22.584616,-0.670000,0.0
37.30,2.336682,6.105776,-0.670000,0.0
37.32,-3.006759,-3.464427,-0.670000,0.0
37.34,-0.437224,-1.008610,-0.670000,0.0
37.36,8.792223,21.591866,-0.670000,0.0
37.38,-6.877049,-12.289937,-0.670000,0.0
37.40,0.622468,-0.504870,-0.670000,0.0
37.42,-1.642278,-0.647718,-0.670000,0.0
37.44,-3.900388,-9.691835,-0.670000,0.0
37.46,-1.886849,-8.258861,-0.670000,0.0
37.48,-3.823962,7.513673,-0.670000,0.0
37.50,-0.854940,0.537054,-0.670000,0.0
37.52,2.704612,-3.849412,-0.670000,0.0
37.54,0.067869,17.383600,-0.670000,0.0
37.56,4.553220,29.705259,-0.670000,0.0
37.58,-2.345854,15.969559,-0.670000,0.0
37.60,-2.298169,-8.299517,-0.670000,0.0
37.62,-0.865905,-10.179439,-0.670000,0.0
37.64,-1.587255,1.344168,-0.670000,0.0
37.66,-2.937048,-22.247655,-0.670000,0.0
37.68,6.203511,20.497307,-0.670000,0.0
37.70,-7.313315,-6.555347,-0.670000,0.0
37.72,4.075427,-1.389461,-0.670000,0.0
37.74,-3.135855,-5.779310,-0.670000,0.0
37.76,5.795402,10.024156,-0.670000,0.0
37.78,-5.107374,-10.442587,-0.670000,0.0
37.80,1.767384,4.945167,-0.670000,0.0
37.82,0.226943,-7.630018,-0.670000,0.0
37.84,-6.842262,-13.379972,-0.670000,0.0
37.86,1.849895,-0.664068,-0.670000,0.0
37.88,-0.235317,-1.738301,-0.670000,0.0
37.90,-5.268641,-8.416130,-0.670000,0.0
37.92,1.543631,-2.166668,-0.670000,0.0
37.94,-3.385584,-3.959348,-0.670000,0.0
37.96,-3.863407,-1.241484,-0.670000,0.0
37.98,-0.146611,-2.982815,-0.670000,0.0
38.00,0.191396,-2.272592,-0.670000,0.0
38.02,-0.092410,-8.939897,-0.670000,0.0
38.04,1.156048,-4.953586,-0.670000,0.0
38.06,1.674716,3.570897,-0.670000,0.0
38.08,1.877529,-9.090221,-0.670000,0.0
38.10,2.944497,-10.107562,-0.670000,0.0
38.12,2.352707,1.996203,-0.670000,0.0
38.14,-3.732156,4.009326,-0.670000,0.0
38.16,-2.685671,-3.853905,-0.670000,0.0
38.18,4.763153,9.119191,-0.670000,0.0
38.20,0.061130,-19.338301,-0.670000,0.0
38.22,3.975056,12.392218,-0.670000,0.0
38.24,-9.930237,-17.054463,-0.670000,0.0
38.26,-5.961958,14.532718,-0.670000,0.0
38.28,2.524744,20.239531,-0.670000,0.0
38.30,1.280336,6.359120,-0.670000,0.0
38.32,-1.070182,-10.503586,-0.670000,0.0
38.34,-1.293261,9.689237,-0.670000,0.0
38.36,-1.323196,6.582562,-0.670000,0.0
38.38,-7.038689,-5.432572,-0.670000,0.0
38.40,-1.869599,-2.374745,-0.670000,0.0
38.42,-4.503946,-12.822461,-0.670000,0.0
38.44,3.363515,-5.244801,-0.670000,0.0
38.46,-3.292821,-6.976232,-0.670000,0.0
38.48,3.575989,-13.081573,-0.670000,0.0
38.50,3.029766,5.781309,-0.670000,0.0
38.52,-3.928900,-6.863261,-0.670000,0.0
38.54,4.061750,-1.841714,-0.670000,0.0
38.56,0.358605,-4.318384,-0.670000,0.0
38.58,-1.430546,-17.255292,-0.670000,0.0
38.60,2.996527,14.203927,-0.670000,0.0
38.62,-1.193044,16.908971,-0.670000,0.0
38.64,0.868672,-6.937108,-0.670000,0.0
38.66,-3.957107,-6.174023,-0.670000,0.0
38.68,-4.067337,-21.088119,-0.670000,0.0
38.70,0.920717,-14.191460,-0.670000,0.0
38.72,0.634444,-11.323692,-0.670000,0.0
38.74,3.528381,-8.644938,-0.670000,0.0
38.76,-6.112726,-10.470953,-0.670000,0.0
38.78,0.177776,-4.758631,-0.670000,0.0
38.80,-8.206020,-4.414658,-0.670000,0.0
38.82,-2.171584,-14.315943,-0.670000,0.0
38.84,5.552731,5.676569,-0.670000,0.0
38.86,2.810522,-0.169248,-0.670000,0.0
38.88,0.623432,-11.605213,-0.670000,0.0
38.90,-2.238176,-9.009537,-0.670000,0.0
38.92,-5.375564,-12.114483,-0.670000,0.0
38.94,-1.341371,-0.127019,-0.670000,0.0
38.96,1.426575,8.114711,-0.670000,0.0
38.98,0.492052,-2.696494,-0.670000,0.0
39.00,-1.091543,0.894794,-0.670000,0.0
39.02,-3.509605,-16.921319,-0.670000,0.0
39.04,-1.275744,2.014759,-0.670000,0.0
39.06,2.947584,-8.106053,-0.670000,0.0
39.08,0.091715,1.205688,-0.670000,0.0
39.10,-1.670815,-2.903691,-0.670000,0.0
39.12,4.059914,9.798119,-0.670000,0.0
39.14,-2.135201,3.400547,-0.670000,0.0
39.16,-4.468444,-2.590908,-0.670000,0.0
39.18,1.565168,13.707891,-0.670000,0.0
39.20,-3.117711,3.024136,-0.670000,0.0
39.22,2.064114,18.002625,-0.670000,0.0
39.24,6.068113,14.076125,-0.670000,0.0
39.26,-6.263151,-10.689838,-0.670000,0.0
39.28,-3.210918,1.774715,-0.670000,0.0
39.30,1.869304,8.693817,-0.670000,0.0
39.32,-2.280031,-8.816613,-0.670000,0.0
39.34,-5.311177,-3.090168,-0.670000,0.0
39.36,1.389004,3.360093,-0.670000,0.0
39.38,1.436678,1.789796,-0.670000,0.0
39.40,1.257873,4.731897,-0.670000,0.0
39.42,1.283643,-1.777783,-0.670000,0.0
39.44,-4.536720,-8.339686,-0.670000,0.0
39.46,-4.386173,0.558286,-0.670000,0.0
39.48,-5.202427,-4.046884,-0.670000,0.0
39.50,-3.124848,7.652752,-0.670000,0.0
39.52,0.969790,1.896863,-0.670000,0.0
39.54,-3.685715,0.649237,-0.670000,0.0
39.56,-4.017692,-5.332619,-0.670000,0.0
39.58,-1.733341,-13.422803,-0.670000,0.0
39.60,2.814587,7.089393,-0.670000,0.0
39.62,5.493983,0.550089,-0.670000,0.0
39.64,-1.282497,7.501062,-0.670000,0.0
39.66,-2.752647,1.430076,-0.670000,0.0
39.68,-0.059533,0.647387,-0.670000,0.0
39.70,4.562666,0.891434,-0.670000,0.0
39.72,-1.047949,-14.072328,-0.670000,0.0
39.74,2.385816,8.450670,-0.670000,0.0
39.76,3.103176,14.810787,-0.670000,0.0
39.78,-0.412110,-0.528503,-0.670000,0.0
39.80,4.650409,7.051344,-0.670000,0.0
39.82,-2.029072,-6.002687,-0.670000,0.0
39.84,4.520491,-2.611213,-0.670000,0.0
39.86,-1.086636,-5.642115,-0.670000,0.0
39.88,-1.397678,1.988233,-0.670000,0.0
39.90,-7.553466,-21.878776,-0.670000,0.0
39.92,-7.734971,-14.277273,-0.670000,0.0
39.94,-2.397577,-6.694991,-0.670000,0.0
39.96,4.751006,0.911430,-0.670000,0.0
39.98,1.775373,1.526049,-0.670000,0.0
40.00,-5.515366,-9.624673,-0.670000,0.0
40.02,1.867411,-3.760718,-0.670000,0.0
40.04,9.012090,-1.455340,-0.670000,0.0
40.06,-7.574393,-2.859336,-0.670000,0.0
40.08,1.044944,-2.841753,-0.670000,0.0
40.10,-3.961243,8.893601,-0.670000,0.0
40.12,-5.526426,-26.208815,-0.670000,0.0
40.14,1.861272,-8.633820,-0.670000,0.0
40.16,3.425540,3.311341,-0.670000,0.0
40.18,-4.508728,-13.788908,-0.670000,0.0
40.20,3.524459,11.010842,-0.670000,0.0
40.22,-3.882543,-4.845009,-0.670000,0.0
40.24,-1.621113,1.260400,-0.670000,0.0
40.26,-1.409159,1.892415,-0.670000,0.0
40.28,-3.665846,3.868590,-0.670000,0.0
40.30,3.734443,9.728726,-0.670000,0.0
40.32,-0.753913,-1.493134,-0.670000,0.0
40.34,-3.994223,-13.447178,-0.670000,0.0
40.36,1.741546,-11.359773,-0.670000,0.0
40.38,2.594878,5.329351,-0.670000,0.0
40.40,-6.019872,-11.052676,-0.670000,0.0
40.42,-1.031186,-1.191272,-0.670000,0.0
40.44,-9.210337,-10.689787,-0.670000,0.0
40.46,2.528529,6.460619,-0.670000,0.0
40.48,-2.307775,7.782745,-0.670000,0.0
40.50,-5.596999,5.544610,-0.670000,0.0
40.52,5.110118,11.282644,-0.670000,0.0
40.54,2.190284,-14.003087,-0.670000,0.0
40.56,6.393625,15.067285,-0.670000,0.0
40.58,-6.210022,-12.174157,-0.670000,0.0
40.60,2.028118,-6.968878,-0.670000,0.0
40.62,3.309015,-14.599858,-0.670000,0.0
40.64,-3.919186,-1.661631,-0.670000,0.0
40.66,-0.860982,-8.121677,-0.670000,0.0
40.68,0.809014,-10.719206,-0.670000,0.0
40.70,2.090319,-4.659463,-0.670000,0.0
40.72,-8.026071,-9.745943,-0.670000,0.0
40.74,3.133930,-13.230271,-0.670000,0.0
40.76,-0.512575,-3.837193,-0.670000,0.0
40.78,-1.352682,4.263129,-0.670000,0.0
40.80,-0.108530,11.177959,-0.670000,0.0
40.82,3.513945,-14.852925,-0.670000,0.0
40.84,-1.231151,7.551564,-0.670000,0.0
40.86,-2.187516,1.666059,-0.670000,0.0
40.88,-3.384614,15.061352,-0.670000,0.0
40.90,1.830312,0.007376,-0.670000,0.0
40.92,2.539521,-5.109607,-0.670000,0.0
40.94,1.228928,5.183305,-0.670000,0.0
40.96,4.450699,-0.345588,-0.670000,0.0
40.98,-5.674368,-5.727869,-0.670000,0.0
41.00,-5.351573,7.880814,-0.670000,0.0
41.02,3.361715,-1.255692,-0.670000,0.0
41.04,-4.897864,6.738942,-0.670000,0.0
41.06,-1.498244,-2.148032,-0.670000,0.0
41.08,-4.336742,-12.862515,-0.670000,0.0
41.10,0.226536,3.217545,-0.670000,0.0
41.12,-3.881392,-12.850539,-0.670000,0.0
41.14,-4.586252,-6.874492,-0.670000,0.0
41.16,-0.203525,-13.720543,-0.670000,0.0
41.18,1.690145,-13.408587,-0.670000,0.0
41.20,5.509748,9.056590,-0.670000,0.0
41.22,-6.519414,-17.829196,-0.670000,0.0
41.24,-6.339433,-7.999549,-0.670000,0.0
41.26,-3.459428,4.777865,-0.670000,0.0
41.28,8.403033,25.226528,-0.670000,0.0
41.30,-1.713584,-2.048903,-0.670000,0.0
41.32,-4.412124,14.932667,-0.670000,0.0
41.34,-1.669933,9.751710,-0.670000,0.0
41.36,3.038004,5.651675,-0.670000,0.0
41.38,-1.769048,2.250682,-0.670000,0.0
41.40,0.145992,3.463623,-0.670000,0.0
41.42,3.574238,6.380135,-0.670000,0.0
41.44,-3.973296,-1.838397,-0.670000,0.0
41.46,1.506982,4.641703,-0.670000,0.0
41.48,2.746624,-4.763842,-0.670000,0.0
41.50,-7.141008,-9.819659,-0.670000,0.0
41.52,1.151134,2.602386,-0.670000,0.0
41.54,4.859487,7.287858,-0.670000,0.0
41.56,1.323771,11.814490,-0.670000,0.0
41.58,6.111541,-1.515035,-0.670000,0.0
41.60,-8.573790,-10.841901,-0.670000,0.0
41.62,0.264492,-0.936215,-0.670000,0.0
41.64,6.685524,9.657848,-0.670000,0.0
41.66,-9.247202,0.863040,-0.670000,0.0
41.68,4.333331,27.661824,-0.670000,0.0
41.70,3.585142,13.890692,-0.670000,0.0
41.72,-2.638349,0.339727,-0.670000,0.0
41.74,-2.019092,14.968568,-0.670000,0.0
41.76,-0.730832,-10.737590,-0.670000,0.0
41.78,1.995371,15.046334,-0.670000,0.0
41.80,0.202642,12.809644,-0.670000,0.0
41.82,2.073068,-1.232595,-0.670000,0.0
41.84,1.767062,1.726484,-0.670000,0.0
41.86,-3.764420,9.753598,-0.670000,0.0
41.88,-8.413548,-0.976087,-0.670000,0.0
41.90,-1.705624,-19.251116,-0.670000,0.0
41.92,-3.521568,2.570277,-0.670000,0.0
41.94,-1.316994,-14.814316,-0.670000,0.0
41.96,-2.370791,-7.975690,-0.670000,0.0
41.98,-3.588048,0.146224,-0.670000,0.0
42.00,-2.863526,-3.790854,-0.670000,0.0
42.02,-2.915820,-12.339074,-0.670000,0.0
42.04,6.158738,5.033614,-0.670000,0.0
42.06,-7.387683,-15.181559,-0.670000,0.0
42.08,2.004286,0.540375,-0.670000,0.0
42.10,4.157408,6.818761,-0.670000,0.0
42.12,-6.664953,-10.808955,-0.670000,0.0
42.14,0.207964,5.740564,-0.670000,0.0
42.16,-0.022462,8.965620,-0.670000,0.0
42.18,3.074966,-10.969762,-0.670000,0.0
42.20,-0.731896,-8.929980,-0.670000,0.0
42.22,-1.942909,12.608413,-0.670000,0.0
42.24,-2.469986,8.865354,-0.670000,0.0
42.26,0.393307,18.092838,-0.670000,0.0
42.28,-2.538057,3.335864,-0.670000,0.0
42.30,0.670694,-0.116919,-0.670000,0.0
42.32,4.928117,22.026836,-0.670000,0.0
42.34,-4.226558,6.404972,-0.670000,0.0
42.36,4.695745,-5.135673,-0.670000,0.0
42.38,-3.540221,6.735311,-0.670000,0.0
42.40,-4.537865,3.206552,-0.670000,0.0
42.42,-1.235980,4.037456,-0.670000,0.0
42.44,-5.368799,-3.822997,-0.670000,0.0
42.46,0.781183,-2.308132,-0.670000,0.0
42.48,0.502425,7.517234,-0.670000,0.0
42.50,6.353607,4.378004,-0.670000,0.0
42.52,0.996243,-4.187338,-0.670000,0.0
42.54,-0.095021,-1.959344,-0.670000,0.0
42.56,-3.576961,5.086070,-0.670000,0.0
42.58,0.001124,2.653156,-0.670000,0.0
42.60,-0.227408,-0.768900,-0.670000,0.0
42.62,4.121312,6.977774,-0.670000,0.0
42.64,-0.834729,-1.890298,-0.670000,0.0
42.66,-3.256266,-9.991511,-0.670000,0.0
42.68,-1.734753,1.114525,-0.670000,0.0
42.70,1.391172,13.686053,-0.670000,0.0
42.72,2.468824,19.491871,-0.670000,0.0
42.74,-6.771836,2.721319,-0.670000,0.0
42.76,3.526793,12.858361,-0.670000,0.0
42.78,1.934567,7.791434,-0.670000,0.0
42.80,-2.151993,8.641019,-0.670000,0.0
42.82,-2.089052,0.337314,-0.670000,0.0
42.84,-2.596324,-5.555092,-0.670000,0.0
42.86,-4.442218,-10.972199,-0.670000,0.0
42.88,-0.486472,-3.918952,-0.670000,0.0
42.90,2.529696,5.166416,-0.670000,0.0
42.92,-8.071165,-12.824158,-0.670000,0.0
42.94,-0.114055,-19.080271,-0.670000,0.0
42.96,-3.236762,-12.129916,-0.670000,0.0
42.98,-1.654266,10.581527,-0.670000,0.0
43.00,-3.001453,5.423906,-0.670000,0.0
43.02,1.422581,9.129340,-0.670000,0.0
43.04,0.842965,4.789685,-0.670000,0.0
43.06,-3.470880,-12.575777,-0.670000,0.0
43.08,-3.717211,-0.833177,-0.670000,0.0
43.10,0.580200,-1.613882,-0.670000,0.0
43.12,-0.493241,18.967787,-0.670000,0.0
43.14,3.559756,23.071023,-0.670000,0.0
43.16,4.089320,-0.313134,-0.670000,0.0
43.18,-2.634667,-0.226449,-0.670000,0.0
43.20,-6.230060,-4.672404,-0.670000,0.0
43.22,5.091730,-5.784280,-0.670000,0.0
43.24,-0.347082,-7.024656,-0.670000,0.0
43.26,5.041293,20.137530,-0.670000,0.0
43.28,-1.332228,-11.004235,-0.670000,0.0
43.30,2.350312,6.764557,-0.670000,0.0
43.32,-2.232383,6.813383,-0.670000,0.0
43.34,2.265349,2.822669,-0.670000,0.0
43.36,0.985976,2.290099,-0.670000,0.0
43.38,1.481624,-1.252536,-0.670000,0.0
43.40,-4.328537,-5.749553,-0.670000,0.0
43.42,2.495536,-0.133787,-0.670000,0.0
43.44,3.168746,0.695361,-0.670000,0.0
43.46,-4.340839,-14.104207,-0.670000,0.0
43.48,-0.271859,17.102058,-0.670000,0.0
43.50,-5.104528,-20.650485,-0.670000,0.0
43.52,1.021881,6.952506,-0.670000,0.0
43.54,-2.451091,13.597684,-0.670000,0.0
43.56,-6.241167,2.298707,-0.670000,0.0
43.58,1.305986,6.801066,-0.670000,0.0
43.60,-3.853414,-1.113126,-0.670000,0.0
43.62,0.879872,13.814998,-0.670000,0.0
43.64,-1.208173,-2.808060,-0.670000,0.0
43.66,0.272343,-1.925181,-0.670000,0.0
43.68,-5.658870,-15.437639,-0.670000,0.0
43.70,3.653487,17.781368,-0.670000,0.0
43.72,-2.809754,9.614091,-0.670000,0.0
43.74,1.781941,-6.150354,-0.670000,0.0
43.76,0.903309,2.098297,-0.670000,0.0
43.78,-3.071654,-16.857073,-0.670000,0.0
43.80,4.631296,3.558237,-0.670000,0.0
43.82,-6.234883,3.719072,-0.670000,0.0
43.84,-3.381704,13.345848,-0.670000,0.0
43.86,0.179645,-9.663309,-0.670000,0.0
43.88,2.673396,4.518626,-0.670000,0.0
43.90,-0.421213,-5.199680,-0.670000,0.0
43.92,-4.001767,-1.184749,-0.670000,0.0
43.94,-5.179382,-3.229576,-0.670000,0.0
43.96,1.690087,2.274644,-0.670000,0.0
43.98,-2.901001,6.625718,-0.670000,0.0
44.00,1.950771,-8.406095,-0.670000,0.0
44.02,2.053778,2.140125,-0.670000,0.0
44.04,-0.632302,7.180892,-0.670000,0.0
44.06,-3.717170,-10.408572,-0.670000,0.0
44.08,-4.263506,-10.884510,-0.670000,0.0
44.10,3.780033,-4.509339,-0.670000,0.0
44.12,-0.729737,8.371855,-0.670000,0.0
44.14,-0.344437,-3.300272,-0.670000,0.0
44.16,-1.505010,-3.121829,-0.670000,0.0
44.18,-3.320262,7.265323,-0.670000,0.0
44.20,-2.064939,-10.072944,-0.670000,0.0
44.22,-4.149917,-4.796101,-0.670000,0.0
44.24,2.924860,11.691724,-0.670000,0.0
44.26,3.856404,0.316573,-0.670000,0.0
44.28,0.494505,10.715650,-0.670000,0.0
44.30,7.180081,29.111927,-0.670000,0.0
44.32,-0.503300,-4.221720,-0.670000,0.0
44.34,0.719277,-8.387473,-0.670000,0.0
44.36,0.038238,10.090288,-0.670000,0.0
44.38,-0.095866,-4.630630,-0.670000,0.0
44.40,-9.177172,-28.909078,-0.670000,0.0
44.42,0.087270,11.812108,-0.670000,0.0
44.44,1.026128,-0.377428,-0.670000,0.0
44.46,-2.248542,-9.054349,-0.670000,0.0
44.48,-2.357068,12.447990,-0.670000,0.0
44.50,-0.388361,6.261797,-0.670000,0.0
44.52,2.607499,1.534276,-0.670000,0.0
44.54,2.364165,13.742018,-0.670000,0.0
44.56,-3.634074,12.797838,-0.670000,0.0
44.58,-0.522982,-8.317924,-0.670000,0.0
44.60,-4.760902,-5.192829,-0.670000,0.0
44.62,-4.235693,-1.264069,-0.670000,0.0
44.64,3.441433,-0.181581,-0.670000,0.0
44.66,-1.238490,-1.900258,-0.670000,0.0
44.68,3.862957,5.456425,-0.670000,0.0
44.70,-5.128176,-14.309646,-0.670000,0.0
44.72,-3.130657,-1.132207,-0.670000,0.0
44.74,-5.570869,-10.914130,-0.670000,0.0
44.76,4.424010,9.050428,-0.670000,0.0
44.78,-1.829662,-17.585787,-0.670000,0.0
44.80,-1.957076,-17.043945,-0.670000,0.0
44.82,2.440650,3.498511,-0.670000,0.0
44.84,0.299161,-9.845131,-0.670000,0.0
44.86,1.559391,-11.232426,-0.670000,0.0
44.88,0.829234,5.347023,-0.670000,0.0
44.90,-2.387426,-9.418836,-0.670000,0.0
44.92,0.968941,-20.890826,-0.670000,0.0
44.94,-6.513479,-15.109824,-0.670000,0.0
44.96,7.664297,-7.150614,-0.670000,0.0
44.98,0.574634,4.892122,-0.670000,0.0
45.00,-7.376544,-5.867746,-0.670000,0.0
45.02,-1.332756,5.241349,-0.670000,0.0
45.04,4.822162,6.019401,-0.670000,0.0
45.06,-6.761396,-15.943547,-0.670000,0.0
45.08,2.262567,-5.314960,-0.670000,0.0
45.10,3.199692,-1.291997,-0.670000,0.0
45.12,-0.141489,1.723603,-0.670000,0.0
45.14,-6.223488,-6.131732,-0.670000,0.0
45.16,-5.161400,-1.991477,-0.670000,0.0
45.18,6.064117,-0.094819,-0.670000,0.0
45.20,1.670975,5.210954,-0.670000,0.0
45.22,-2.840267,9.725799,-0.670000,0.0
45.24,4.787610,5.030657,-0.670000,0.0
45.26,0.111462,-0.952262,-0.670000,0.0
45.28,-4.950718,5.980464,-0.670000,0.0
45.30,1.403711,7.484938,-0.670000,0.0
45.32,0.937235,7.428445,-0.670000,0.0
45.34,-9.271782,-15.090461,-0.670000,0.0
45.36,-2.834647,-1.336150,-0.670000,0.0
45.38,-3.135275,-18.449134,-0.670000,0.0
45.40,0.565792,2.672766,-0.670000,0.0
45.42,1.930060,2.908696,-0.670000,0.0
45.44,3.478906,3.664311,-0.670000,0.0
45.46,-3.709780,15.730530,-0.670000,0.0
45.48,2.519925,22.335220,-0.670000,0.0
45.50,-1.709908,-3.873706,-0.670000,0.0
45.52,-1.054479,5.218569,-0.670000,0.0
45.54,-7.281000,-16.854065,-0.670000,0.0
45.56,4.174778,8.569023,-0.670000,0.0
45.58,-4.497393,-0.216408,-0.670000,0.0
45.60,6.511298,12.347848,-0.670000,0.0
45.62,-2.490024,-0.828072,-0.670000,0.0
45.64,0.096988,8.600684,-0.670000,0.0
45.66,-4.663442,-4.855166,-0.670000,0.0
45.68,1.430923,6.944627,-0.670000,0.0
45.70,-1.218001,-6.279429,-0.670000,0.0
45.72,-5.645597,-15.734684,-0.670000,0.0
45.74,1.955869,-3.432114,-0.670000,0.0
45.76,5.287391,6.216390,-0.670000,0.0
45.78,-2.591242,-1.396655,-0.670000,0.0
45.80,-2.326808,-6.481472,-0.670000,0.0
45.82,1.764212,0.558907,-0.670000,0.0
45.84,-0.990158,3.833239,-0.670000,0.0
45.86,1.709454,4.169131,-0.670000,0.0
45.88,-5.225959,-3.074889,-0.670000,0.0
45.90,-4.432298,-21.669563,-0.670000,0.0
45.92,-0.841925,-6.911020,-0.670000,0.0
45.94,-1.206224,0.143516,-0.670000,0.0
45.96,-1.768544,8.005455,-0.670000,0.0
45.98,2.819784,-13.406517,-0.670000,0.0
46.00,-2.426308,-2.478730,-0.670000,0.0
46.02,1.180821,2.160457,-0.670000,0.0
46.04,-5.063507,-6.991525,-0.670000,0.0
46.06,3.099251,1.244168,-0.670000,0.0
46.08,-0.119881,-5.338753,-0.670000,0.0
46.10,-0.744922,-1.796011,-0.670000,0.0
46.12,0.322138,-1.108563,-0.670000,0.0
46.14,-2.700044,-11.834131,-0.670000,0.0
46.16,0.700617,-2.913943,-0.670000,0.0
46.18,-2.273264,0.691735,-0.670000,0.0
46.20,-0.314466,10.353773,-0.670000,0.0
46.22,2.222830,3.179195,-0.670000,0.0
46.24,-1.082921,-14.873078,-0.670000,0.0
46.26,-4.618530,0.815206,-0.670000,0.0
46.28,5.401027,8.372214,-0.670000,0.0
46.30,-2.096844,-11.620429,-0.670000,0.0
46.32,2.796985,11.354607,-0.670000,0.0
46.34,0.244486,-17.360319,-0.670000,0.0
46.36,1.002642,-2.366078,-0.670000,0.0
46.38,1.251498,-15.869539,-0.670000,0.0
46.40,0.457711,7.242967,-0.670000,0.0
46.42,-3.491246,5.906627,-0.670000,0.0
46.44,-0.260929,-2.969594,-0.670000,0.0
46.46,-6.283874,-5.226654,-0.670000,0.0
46.48,-0.226886,8.195868,-0.670000,0.0
46.50,2.281828,9.910910,-0.670000,0.0
46.52,-1.066101,6.606851,-0.670000,0.0
46.54,1.121424,5.979812,-0.670000,0.0
46.56,-4.316335,4.284514,-0.670000,0.0
46.58,0.702358,16.792654,-0.670000,0.0
46.60,-2.929257,-12.874708,-0.670000,0.0
46.62,-0.380431,-6.240766,-0.670000,0.0
46.64,-2.485074,-14.705588,-0.670000,0.0
46.66,-1.865548,-11.403551,-0.670000,0.0
46.68,-1.793815,0.565858,-0.670000,0.0
46.70,-1.040299,-12.625956,-0.670000,0.0
46.72,-2.188587,-6.578918,-0.670000,0.0
46.74,7.531111,8.801950,-0.670000,0.0
46.76,-0.082790,9.643605,-0.670000,0.0
46.78,-0.054890,2.884199,-0.670000,0.0
46.80,1.802061,-6.557944,-0.670000,0.0
46.82,2.928089,6.744601,-0.670000,0.0
46.84,-5.954940,-4.512718,-0.670000,0.0
46.86,-0.112600,-3.201261,-0.670000,0.0
46.88,-5.401454,1.198635,-0.670000,0.0
46.90,0.204123,0.633191,-0.670000,0.0
46.92,-2.225985,-9.630430,-0.670000,0.0
46.94,2.823534,-2.201721,-0.670000,0.0
46.96,-6.768204,-12.065033,-0.670000,0.0
46.98,1.635159,-7.383521,-0.670000,0.0
47.00,0.922336,2.764491,-0.670000,0.0
47.02,-5.744636,-13.946506,-0.670000,0.0
47.04,-4.449304,-5.186285,-0.670000,0.0
47.06,0.526727,-0.282641,-0.670000,0.0
47.08,-3.136239,-6.826726,-0.670000,0.0
47.10,-0.268057,2.248354,-0.670000,0.0
47.12,-0.336875,-14.492452,-0.670000,0.0
47.14,1.694532,-7.580593,-0.670000,0.0
47.16,-0.806517,-10.556115,-0.670000,0.0
47.18,-2.467700,-9.244466,-0.670000,0.0
47.20,3.477370,-8.535621,-0.670000,0.0
47.22,-3.984735,-16.414946,-0.670000,0.0
47.24,7.262793,9.410622,-0.670000,0.0
47.26,-3.478973,3.971609,-0.670000,0.0
47.28,0.595082,3.318962,-0.670000,0.0
47.30,3.595865,6.071439,-0.670000,0.0
47.32,-2.685724,11.784203,-0.670000,0.0
47.34,2.548457,30.314240,-0.670000,0.0
47.36,-0.170254,4.437775,-0.670000,0.0
47.38,0.527140,-22.462947,-0.670000,0.0
47.40,-2.722122,-3.150982,-0.670000,0.0
47.42,-0.581171,-13.746298,-0.670000,0.0
47.44,1.604456,-6.609735,-0.670000,0.0
47.46,-3.743947,7.326197,-0.670000,0.0
47.48,-0.777838,7.427888,-0.670000,0.0
47.50,-0.488528,-9.730573,-0.670000,0.0
47.52,-0.759822,-6.727560,-0.670000,0.0
47.54,-2.506893,1.738033,-0.670000,0.0
47.56,-0.138204,-1.939794,-0.670000,0.0
47.58,-3.049260,-13.811730,-0.670000,0.0
47.60,-2.698284,16.573271,-0.670000,0.0
47.62,-1.290253,10.867445,-0.670000,0.0
47.64,-1.766329,1.226517,-0.670000,0.0
47.66,0.593731,-18.407915,-0.670000,0.0
47.68,-9.395626,-27.429609,-0.670000,0.0
47.70,2.271561,-6.570323,-0.670000,0.0
47.72,1.614818,3.506868,-0.670000,0.0
47.74,-0.054952,4.306134,-0.670000,0.0
47.76,4.532771,-0.482824,-0.670000,0.0
47.78,-0.814384,6.446549,-0.670000,0.0
47.80,-7.391056,7.518564,-0.670000,0.0
47.82,-4.781694,-2.554703,-0.670000,0.0
47.84,-2.895561,-20.225418,-0.670000,0.0
47.86,-1.870389,-11.910309,-0.670000,0.0
47.88,3.824754,13.118015,-0.670000,0.0
47.90,0.474516,7.497132,-0.670000,0.0
47.92,5.490176,-9.119514,-0.670000,0.0
47.94,-1.347860,-5.862219,-0.670000,0.0
47.96,4.967807,-4.231463,-0.670000,0.0
47.98,-1.350519,-7.430411,-0.670000,0.0
48.00,-3.525492,-9.201972,-0.670000,0.0
48.02,4.196954,6.335876,-0.670000,0.0
48.04,-3.382639,-7.284296,-0.670000,0.0
48.06,2.007780,2.175953,-0.670000,0.0
48.08,-0.324668,-16.521052,-0.670000,0.0
48.10,1.660060,13.712543,-0.670000,0.0
48.12,-0.382237,1.346450,-0.670000,0.0
48.14,-5.959703,-18.837235,-0.670000,0.0
48.16,2.571026,-9.608481,-0.670000,0.0
48.18,-1.951544,11.646055,-0.670000,0.0
48.20,-6.864928,3.827026,-0.670000,0.0
48.22,0.426792,2.570692,-0.670000,0.0
48.24,0.323061,14.365540,-0.670000,0.0
48.26,-1.078916,2.739640,-0.670000,0.0
48.28,-2.285253,-4.337630,-0.670000,0.0
48.30,9.133899,1.374356,-0.670000,0.0
48.32,4.107542,8.753384,-0.670000,0.0
48.34,-4.992280,6.768929,-0.670000,0.0
48.36,2.585782,3.225816,-0.670000,0.0
48.38,0.705534,5.454898,-0.670000,0.0
48.40,-8.419962,10.787509,-0.670000,0.0
48.42,0.580884,0.259111,-0.670000,0.0
48.44,-1.743683,7.076751,-0.670000,0.0
48.46,0.281392,-7.408161,-0.670000,0.0
48.48,-2.226893,1.247876,-0.670000,0.0
48.50,2.100393,21.811688,-0.670000,0.0
48.52,-3.351897,5.964084,-0.670000,0.0
48.54,2.972246,-17.632959,-0.670000,0.0
48.56,-4.903131,-13.135895,-0.670000,0.0
48.58,4.385701,2.305112,-0.670000,0.0
48.60,-8.458631,-18.985644,-0.670000,0.0
48.62,-4.191531,-4.344937,-0.670000,0.0
48.64,-2.621246,-14.179781,-0.670000,0.0
48.66,-5.676592,-13.221540,-0.670000,0.0
48.68,-0.317604,5.211109,-0.670000,0.0
48.70,-0.412437,11.291673,-0.670000,0.0
48.72,-3.766336,6.152831,-0.670000,0.0
48.74,5.662666,-1.981731,-0.670000,0.0
48.76,-3.910784,5.227023,-0.670000,0.0
48.78,-3.999051,9.204533,-0.670000,0.0
48.80,-0.783988,-11.356550,-0.670000,0.0
48.82,1.007788,-4.039363,-0.670000,0.0
48.84,3.492662,-4.224088,-0.670000,0.0
48.86,4.259061,9.418808,-0.670000,0.0
48.88,-0.459358,4.646933,-0.670000,0.0
48.90,-0.856689,-20.788011,-0.670000,0.0
48.92,-0.119607,6.769245,-0.670000,0.0
48.94,-4.556217,-14.262499,-0.670000,0.0
48.96,7.132968,-1.056170,-0.670000,0.0
48.98,-4.946711,-18.383894,-0.670000,0.0
49.00,0.136668,-16.535163,-0.670000,0.0
49.02,1.854741,18.126529,-0.670000,0.0
49.04,-3.146426,6.187467,-0.670000,0.0
49.06,-8.398492,-13.407994,-0.670000,0.0
49.08,8.988667,7.350813,-0.670000,0.0
49.10,3.190611,-8.215303,-0.670000,0.0
49.12,-5.407167,-6.045402,-0.670000,0.0
49.14,-1.209360,8.489520,-0.670000,0.0
49.16,2.339486,10.963920,-0.670000,0.0
49.18,1.647939,7.393971,-0.670000,0.0
49.20,-2.213960,3.333061,-0.670000,0.0
49.22,4.330425,11.813055,-0.670000,0.0
49.24,-1.304334,-11.852793,-0.670000,0.0
49.26,2.641726,5.352091,-0.670000,0.0
49.28,-2.841597,-0.970187,-0.670000,0.0
49.30,-0.496414,-15.423503,-0.670000,0.0
49.32,-3.859911,-2.792663,-0.670000,0.0
49.34,-6.256359,-8.703607,-0.670000,0.0
49.36,-1.556694,-5.582927,-0.670000,0.0
49.38,-3.027868,-4.510633,-0.670000,0.0
49.40,-1.883835,11.637401,-0.670000,0.0
49.42,-0.828230,7.720805,-0.670000,0.0
49.44,-2.705845,-3.507129,-0.670000,0.0
49.46,1.498718,7.634396,-0.670000,0.0
49.48,-0.618113,12.456073,-0.670000,0.0
49.50,-2.562275,-7.024825,-0.670000,0.0
49.52,-4.464528,6.802208,-0.670000,0.0
49.54,5.181157,3.744874,-0.670000,0.0
49.56,-2.245078,-4.250790,-0.670000,0.0
49.58,-0.449419,-10.378212,-0.670000,0.0
49.60,-1.521341,-22.278486,-0.670000,0.0
49.62,-4.529230,-5.007686,-0.670000,0.0
49.64,3.497553,-7.276549,-0.670000,0.0
49.66,-7.583364,-11.363052,-0.670000,0.0
49.68,6.066844,-4.270215,-0.670000,0.0
49.70,-1.134827,-1.658906,-0.670000,0.0
49.72,3.253795,-6.477497,-0.670000,0.0
49.74,1.345858,17.597722,-0.670000,0.0
49.76,3.488791,9.640045,-0.670000,0.0
49.78,-4.242688,2.519308,-0.670000,0.0
49.80,2.565837,17.224717,-0.670000,0.0
49.82,-1.078389,-8.252013,-0.670000,0.0
49.84,-1.019306,8.511596,-0.670000,0.0
49.86,-6.481253,-8.817069,-0.670000,0.0
49.88,-0.234438,4.110572,-0.670000,0.0
49.90,3.634738,4.979715,-0.670000,0.0
49.92,3.219921,8.294002,-0.670000,0.0
49.94,-3.230559,-12.208710,-0.670000,0.0
49.96,2.098597,-0.744820,-0.670000,0.0
49.98,2.961792,7.444264,-0.670000,0.0
