log10_x,M_100,M_1000,M_10000,threshold_pos,threshold_neg
1.0,0.036053,0.035945,0.035586,1.0,-1.0
1.1,0.040350,0.039242,0.039649,1.0,-1.0
1.2,0.098927,0.096420,0.097161,1.0,-1.0
1.3,-0.081628,-0.083848,-0.084585,1.0,-1.0
1.4,-0.020590,-0.029664,-0.034084,1.0,-1.0
1.5,-0.116657,-0.119483,-0.118644,1.0,-1.0
1.6,0.079515,0.089424,0.088778,1.0,-1.0
1.7,-0.061181,-0.055576,-0.055775,1.0,-1.0
1.8,-0.008581,-0.011087,-0.010625,1.0,-1.0
1.9,-0.041150,-0.058516,-0.059688,1.0,-1.0
2.0,0.134858,0.126944,0.126588,1.0,-1.0
2.1,0.070342,0.060951,0.064760,1.0,-1.0
2.2,-0.001256,0.009699,0.007390,1.0,-1.0
2.3,-0.155311,-0.174301,-0.168681,1.0,-1.0
2.4,0.019428,0.001432,-0.010154,1.0,-1.0
2.5,-0.063985,-0.032716,-0.038205,1.0,-1.0
2.6,-0.006569,-0.021342,-0.018395,1.0,-1.0
2.7,-0.032898,-0.034082,-0.036309,1.0,-1.0
2.8,-0.013967,-0.017578,-0.010099,1.0,-1.0
2.9,0.053289,0.064996,0.063967,1.0,-1.0
3.0,0.039323,0.017248,0.019243,1.0,-1.0
3.1,0.030891,0.031142,0.035292,1.0,-1.0
3.2,-0.017768,-0.045939,-0.046519,1.0,-1.0
3.3,0.083498,0.091325,0.090573,1.0,-1.0
3.4,0.021574,0.017417,0.015840,1.0,-1.0
3.5,0.093003,0.130543,0.137953,1.0,-1.0
3.6,-0.042098,-0.021408,-0.024232,1.0,-1.0
3.7,-0.012605,-0.018768,-0.032230,1.0,-1.0
3.8,-0.049555,-0.045345,-0.035683,1.0,-1.0
3.9,0.003106,-0.024247,-0.019434,1.0,-1.0
4.0,-0.072809,-0.070601,-0.060819,1.0,-1.0
4.1,-0.012226,-0.008700,-0.014596,1.0,-1.0
4.2,-0.108553,-0.110115,-0.104615,1.0,-1.0
4.3,0.086180,0.093727,0.095518,1.0,-1.0
4.4,0.000638,0.008223,0.008724,1.0,-1.0
4.5,0.073048,0.078477,0.082333,1.0,-1.0
4.6,-0.018093,-0.006166,0.004082,1.0,-1.0
4.7,0.014093,0.005501,0.009617,1.0,-1.0
4.8,0.006590,-0.000197,0.003267,1.0,-1.0
4.9,0.042423,0.033508,0.021463,1.0,-1.0
5.0,-0.032005,-0.054032,-0.054040,1.0,-1.0
5.1,-0.005844,-0.000975,0.009650,1.0,-1.0
5.2,-0.054227,-0.052986,-0.047620,1.0,-1.0
5.3,-0.016389,-0.007445,-0.017724,1.0,-1.0
5.4,-0.040013,-0.019864,-0.023152,1.0,-1.0
5.5,0.081333,0.094626,0.095988,1.0,-1.0
5.6,-0.042683,-0.015182,-0.012704,1.0,-1.0
5.7,-0.035313,-0.062724,-0.068338,1.0,-1.0
5.8,-0.016050,0.018588,0.020833,1.0,-1.0
5.9,-0.024165,-0.024346,-0.035578,1.0,-1.0
6.0,0.102113,0.104721,0.112741,1.0,-1.0
6.1,-0.021594,-0.025850,-0.034851,1.0,-1.0
6.2,0.026400,0.027737,0.017441,1.0,-1.0
6.3,-0.000552,-0.000515,0.006304,1.0,-1.0
6.4,0.082452,0.077322,0.081535,1.0,-1.0
6.5,0.023910,0.025686,0.041724,1.0,-1.0
6.6,0.012624,-0.002585,-0.006718,1.0,-1.0
6.7,-0.111007,-0.100978,-0.106899,1.0,-1.0
6.8,0.009326,-0.012129,-0.013226,1.0,-1.0
6.9,-0.041852,-0.037794,-0.031727,1.0,-1.0
7.0,0.100880,0.125763,0.127557,1.0,-1.0
7.1,-0.077246,-0.062849,-0.070870,1.0,-1.0
7.2,0.038933,0.047556,0.056050,1.0,-1.0
7.3,-0.033643,-0.029878,-0.034477,1.0,-1.0
7.4,0.013800,-0.019475,-0.034427,1.0,-1.0
7.5,-0.038904,-0.043258,-0.044335,1.0,-1.0
7.6,-0.107496,-0.106666,-0.117639,1.0,-1.0
7.7,-0.042687,-0.029459,-0.033048,1.0,-1.0
7.8,0.081755,0.084167,0.074112,1.0,-1.0
7.9,0.039856,0.037196,0.025742,1.0,-1.0
8.0,0.074968,0.062914,0.052676,1.0,-1.0
8.1,0.011226,0.020445,0.018617,1.0,-1.0
8.2,0.060565,0.057894,0.049905,1.0,-1.0
8.3,0.057646,0.054215,0.049877,1.0,-1.0
8.4,-0.039698,-0.061168,-0.055206,1.0,-1.0
8.5,-0.057853,-0.056011,-0.037306,1.0,-1.0
8.6,-0.005066,-0.019729,-0.015544,1.0,-1.0
8.7,-0.056261,-0.067076,-0.069728,1.0,-1.0
8.8,-0.045278,-0.054955,-0.041924,1.0,-1.0
8.9,0.011300,0.014036,0.010209,1.0,-1.0
9.0,-0.012263,-0.021704,-0.012622,1.0,-1.0
9.1,0.079375,0.094716,0.092329,1.0,-1.0
9.2,-0.050026,-0.067402,-0.070399,1.0,-1.0
9.3,0.036566,0.043291,0.039072,1.0,-1.0
9.4,0.042866,0.046946,0.055552,1.0,-1.0
9.5,0.045025,0.038445,0.045163,1.0,-1.0
9.6,-0.063674,-0.070070,-0.066824,1.0,-1.0
9.7,0.024608,0.038870,0.040433,1.0,-1.0
9.8,-0.094166,-0.114528,-0.117580,1.0,-1.0
9.9,0.106550,0.117777,0.119526,1.0,-1.0
10.0,-0.133699,-0.133831,-0.131025,1.0,-1.0
10.1,-0.026386,-0.032629,-0.028306,1.0,-1.0
10.2,-0.079900,-0.089518,-0.095401,1.0,-1.0
10.3,0.074983,0.063187,0.074239,1.0,-1.0
10.4,-0.013640,-0.002930,-0.009040,1.0,-1.0
10.5,0.032422,0.036307,0.034404,1.0,-1.0
10.6,0.018915,-0.006895,0.000555,1.0,-1.0
10.7,0.123760,0.133505,0.139070,1.0,-1.0
10.8,0.020172,-0.004108,0.006693,1.0,-1.0
10.9,-0.030170,-0.033424,-0.039532,1.0,-1.0
11.0,-0.058386,-0.064807,-0.063320,1.0,-1.0
11.1,-0.043568,-0.025205,-0.019559,1.0,-1.0
11.2,0.004116,0.018364,0.000124,1.0,-1.0
11.3,-0.067592,-0.068028,-0.064402,1.0,-1.0
11.4,0.047639,0.012568,0.005659,1.0,-1.0
11.5,0.026917,0.016040,0.019287,1.0,-1.0
11.6,0.085941,0.074620,0.067147,1.0,-1.0
11.7,0.053026,0.053998,0.044691,1.0,-1.0
11.8,0.049358,0.063689,0.069624,1.0,-1.0
11.9,-0.032084,-0.052149,-0.051808,1.0,-1.0
12.0,0.007349,-0.003447,0.002045,1.0,-1.0
12.1,-0.074421,-0.067643,-0.055621,1.0,-1.0
12.2,-0.004628,0.001602,-0.006330,1.0,-1.0
12.3,-0.028118,-0.016140,-0.020328,1.0,-1.0
12.4,-0.004641,0.008051,0.000636,1.0,-1.0
12.5,-0.018414,-0.001863,-0.004162,1.0,-1.0
12.6,-0.027717,-0.015601,-0.010942,1.0,-1.0
12.7,-0.034888,-0.041982,-0.047625,1.0,-1.0
12.8,0.054366,0.006964,0.012299,1.0,-1.0
12.9,-0.068378,-0.054692,-0.061365,1.0,-1.0
13.0,0.014137,0.007563,0.003584,1.0,-1.0
13.1,-0.014732,-0.014044,-0.002677,1.0,-1.0
13.2,0.027066,0.010948,0.009892,1.0,-1.0
13.3,0.016902,0.022825,0.004801,1.0,-1.0
13.4,0.000966,0.003029,-0.005433,1.0,-1.0
13.5,0.015349,0.010436,0.018424,1.0,-1.0
13.6,0.020381,0.015167,0.018891,1.0,-1.0
13.7,-0.001054,0.022657,0.018257,1.0,-1.0
13.8,-0.008033,-0.001676,0.002768,1.0,-1.0
13.9,0.023852,0.016518,0.010204,1.0,-1.0
14.0,-0.032379,-0.030472,-0.018021,1.0,-1.0
14.1,0.032727,0.008896,-0.001071,1.0,-1.0
14.2,-0.004795,-0.013748,-0.009507,1.0,-1.0
14.3,0.016152,0.046877,0.046908,1.0,-1.0
14.4,-0.054908,-0.073898,-0.068861,1.0,-1.0
14.5,0.009998,0.007146,0.011305,1.0,-1.0
14.6,-0.068382,-0.069966,-0.074647,1.0,-1.0
14.7,0.053968,0.047736,0.054332,1.0,-1.0
14.8,-0.085260,-0.062471,-0.062272,1.0,-1.0
14.9,0.078201,0.093557,0.093804,1.0,-1.0
15.0,0.038446,0.013090,0.012725,1.0,-1.0
15.1,0.096974,0.089448,0.094393,1.0,-1.0
15.2,0.020762,0.042623,0.051045,1.0,-1.0
15.3,0.020162,0.031975,0.030652,1.0,-1.0
15.4,-0.099174,-0.090859,-0.096224,1.0,-1.0
15.5,0.061397,0.061188,0.057920,1.0,-1.0
15.6,-0.098628,-0.092477,-0.085170,1.0,-1.0
15.7,0.013568,0.027991,0.029014,1.0,-1.0
15.8,-0.137633,-0.143696,-0.136062,1.0,-1.0
15.9,0.045748,0.059520,0.053684,1.0,-1.0
16.0,0.003250,0.025205,0.024892,1.0,-1.0
16.1,0.032016,0.015444,0.023282,1.0,-1.0
16.2,-0.027216,-0.047936,-0.044415,1.0,-1.0
16.3,-0.001083,0.027264,0.028847,1.0,-1.0
16.4,0.053844,0.050217,0.045677,1.0,-1.0
16.5,0.084312,0.080503,0.090373,1.0,-1.0
16.6,0.013605,0.012474,0.011082,1.0,-1.0
16.7,0.020962,0.017484,0.019211,1.0,-1.0
16.8,0.016815,0.012761,0.008138,1.0,-1.0
16.9,0.007560,0.016848,0.012908,1.0,-1.0
17.0,-0.018414,-0.018135,-0.021065,1.0,-1.0
17.1,-0.135610,-0.149603,-0.139515,1.0,-1.0
17.2,-0.044874,-0.028871,-0.018457,1.0,-1.0
17.3,-0.043279,-0.054395,-0.057339,1.0,-1.0
17.4,0.063163,0.088696,0.077426,1.0,-1.0
17.5,-0.046047,-0.030266,-0.010381,1.0,-1.0
17.6,0.045525,0.040867,0.035890,1.0,-1.0
17.7,0.025773,0.028066,0.016262,1.0,-1.0
17.8,0.044141,0.041835,0.041761,1.0,-1.0
17.9,-0.053547,-0.046717,-0.044333,1.0,-1.0
18.0,-0.021169,-0.030478,-0.034208,1.0,-1.0
18.1,0.015041,0.019557,0.017253,1.0,-1.0
18.2,0.027446,0.006442,0.009459,1.0,-1.0
18.3,-0.065695,-0.104626,-0.111032,1.0,-1.0
18.4,0.038514,0.031824,0.037623,1.0,-1.0
18.5,-0.022120,-0.019182,-0.014605,1.0,-1.0
18.6,0.138668,0.163319,0.166677,1.0,-1.0
18.7,-0.095571,-0.089056,-0.085936,1.0,-1.0
18.8,-0.042784,-0.043381,-0.039316,1.0,-1.0
18.9,0.004430,0.008688,-0.002763,1.0,-1.0
19.0,0.088494,0.097293,0.092161,1.0,-1.0
19.1,0.032492,0.020960,0.022580,1.0,-1.0
19.2,-0.001229,-0.007675,-0.021813,1.0,-1.0
19.3,-0.009873,-0.012818,-0.011809,1.0,-1.0
19.4,0.061499,0.072953,0.072127,1.0,-1.0
19.5,0.025916,0.031540,0.031678,1.0,-1.0
19.6,-0.103942,-0.079299,-0.069743,1.0,-1.0
19.7,-0.051402,-0.053584,-0.053955,1.0,-1.0
19.8,-0.060340,-0.022021,-0.017778,1.0,-1.0
19.9,0.052203,0.050597,0.040422,1.0,-1.0
20.0,-0.042375,-0.016752,-0.013386,1.0,-1.0
20.1,0.109707,0.089339,0.101693,1.0,-1.0
20.2,-0.014095,-0.020743,-0.016823,1.0,-1.0
20.3,0.142650,0.141520,0.142765,1.0,-1.0
20.4,-0.055668,-0.049881,-0.039558,1.0,-1.0
20.5,-0.001252,0.006376,0.010756,1.0,-1.0
20.6,-0.136027,-0.134608,-0.120599,1.0,-1.0
20.7,-0.034245,-0.034084,-0.040717,1.0,-1.0
20.8,-0.042134,-0.005685,-0.006612,1.0,-1.0
20.9,-0.010545,-0.000610,0.002185,1.0,-1.0
21.0,-0.057723,-0.052009,-0.043166,1.0,-1.0
21.1,0.060069,0.043491,0.056997,1.0,-1.0
21.2,-0.013723,-0.012798,-0.005109,1.0,-1.0
21.3,0.155844,0.154672,0.144691,1.0,-1.0
21.4,-0.043596,-0.043799,-0.049723,1.0,-1.0
21.5,0.021817,0.034950,0.045987,1.0,-1.0
21.6,-0.058828,-0.037785,-0.032137,1.0,-1.0
21.7,0.014904,0.011148,0.003003,1.0,-1.0
21.8,-0.019811,0.004454,0.008581,1.0,-1.0
21.9,0.045054,0.059907,0.059348,1.0,-1.0
22.0,-0.019854,-0.025132,-0.024143,1.0,-1.0
22.1,0.068553,0.039493,0.039291,1.0,-1.0
22.2,-0.018243,-0.020030,-0.031664,1.0,-1.0
22.3,-0.000932,-0.011224,-0.025399,1.0,-1.0
22.4,0.003319,-0.028376,-0.030586,1.0,-1.0
22.5,0.026778,0.028961,0.022138,1.0,-1.0
22.6,0.046842,0.049696,0.050035,1.0,-1.0
22.7,-0.101968,-0.117614,-0.123352,1.0,-1.0
22.8,0.019193,-0.010711,-0.006576,1.0,-1.0
22.9,-0.012471,-0.001682,-0.003350,1.0,-1.0
23.0,0.036650,0.050090,0.050866,1.0,-1.0
23.1,-0.085043,-0.054706,-0.054463,1.0,-1.0
23.2,0.000319,0.003382,-0.006168,1.0,-1.0
23.3,-0.084776,-0.088719,-0.086890,1.0,-1.0
23.4,0.102651,0.129321,0.124431,1.0,-1.0
23.5,-0.025625,-0.046875,-0.053851,1.0,-1.0
23.6,0.068103,0.089691,0.096111,1.0,-1.0
23.7,0.017656,0.004122,0.007713,1.0,-1.0
23.8,0.073228,0.057712,0.050290,1.0,-1.0
23.9,0.017748,0.017585,0.019918,1.0,-1.0
24.0,-0.016458,-0.019990,-0.027503,1.0,-1.0
24.1,-0.108761,-0.093872,-0.092241,1.0,-1.0
24.2,0.006816,0.001727,-0.005423,1.0,-1.0
24.3,-0.044947,-0.046663,-0.050393,1.0,-1.0
24.4,0.002129,0.004428,0.005769,1.0,-1.0
24.5,-0.088661,-0.084474,-0.092513,1.0,-1.0
24.6,-0.015367,-0.018191,-0.008992,1.0,-1.0
24.7,0.114079,0.093319,0.092106,1.0,-1.0
24.8,0.033925,0.054484,0.050398,1.0,-1.0
24.9,-0.001309,-0.007355,-0.021750,1.0,-1.0
25.0,-0.006412,-0.018348,-0.007729,1.0,-1.0
25.1,-0.020934,-0.004582,-0.012158,1.0,-1.0
25.2,0.058837,0.087141,0.077218,1.0,-1.0
25.3,0.023803,-0.001785,0.011749,1.0,-1.0
25.4,-0.064073,-0.086772,-0.083886,1.0,-1.0
25.5,0.023962,0.018480,0.017640,1.0,-1.0
25.6,-0.034317,-0.022750,-0.029586,1.0,-1.0
25.7,0.040774,0.037686,0.031629,1.0,-1.0
25.8,-0.104340,-0.137728,-0.137287,1.0,-1.0
25.9,0.011352,-0.000573,-0.008578,1.0,-1.0
26.0,-0.032407,-0.033137,-0.029458,1.0,-1.0
26.1,0.085390,0.071011,0.073010,1.0,-1.0
26.2,-0.083386,-0.077331,-0.075629,1.0,-1.0
26.3,0.039704,0.029127,0.030377,1.0,-1.0
26.4,-0.012900,-0.009583,-0.009876,1.0,-1.0
26.5,0.123479,0.099227,0.093619,1.0,-1.0
26.6,-0.041612,-0.049701,-0.045081,1.0,-1.0
26.7,0.020714,0.009539,0.012837,1.0,-1.0
26.8,-0.091560,-0.098888,-0.096777,1.0,-1.0
26.9,0.069388,0.041174,0.029361,1.0,-1.0
27.0,-0.013220,-0.014328,-0.022735,1.0,-1.0
27.1,0.103391,0.091789,0.098551,1.0,-1.0
27.2,-0.013694,-0.033940,-0.041744,1.0,-1.0
27.3,0.036699,0.039250,0.037147,1.0,-1.0
27.4,-0.070091,-0.092407,-0.084572,1.0,-1.0
27.5,0.006017,0.011056,0.000247,1.0,-1.0
27.6,-0.047353,-0.087056,-0.090230,1.0,-1.0
27.7,0.008371,-0.011608,-0.005847,1.0,-1.0
27.8,-0.005257,-0.003928,0.002164,1.0,-1.0
27.9,-0.078101,-0.095588,-0.086446,1.0,-1.0
28.0,-0.044279,-0.036802,-0.039628,1.0,-1.0
28.1,0.053139,0.067092,0.068132,1.0,-1.0
28.2,0.054365,0.046246,0.045159,1.0,-1.0
28.3,-0.005377,0.001408,0.015388,1.0,-1.0
28.4,-0.043785,-0.045143,-0.050437,1.0,-1.0
28.5,-0.027836,-0.016055,-0.015974,1.0,-1.0
28.6,0.092230,0.119956,0.114824,1.0,-1.0
28.7,0.012073,0.010240,0.009829,1.0,-1.0
28.8,0.012879,0.014354,0.018429,1.0,-1.0
28.9,-0.069717,-0.073600,-0.070082,1.0,-1.0
29.0,0.023355,0.001311,-0.002556,1.0,-1.0
29.1,-0.013516,-0.005418,-0.018434,1.0,-1.0
29.2,-0.036006,-0.054579,-0.057741,1.0,-1.0
29.3,-0.049382,-0.057284,-0.047637,1.0,-1.0
29.4,-0.022618,-0.024504,-0.023465,1.0,-1.0
29.5,0.058754,0.065916,0.075265,1.0,-1.0
29.6,0.051179,0.064411,0.059924,1.0,-1.0
29.7,-0.008630,0.001414,-0.009314,1.0,-1.0
29.8,0.053960,0.055802,0.050103,1.0,-1.0
29.9,0.002073,0.016569,0.021559,1.0,-1.0
30.0,0.098162,0.096861,0.087389,1.0,-1.0
30.1,-0.028761,-0.009778,-0.013004,1.0,-1.0
30.2,-0.077243,-0.085023,-0.082438,1.0,-1.0
30.3,-0.052205,-0.066359,-0.052678,1.0,-1.0
30.4,-0.056001,-0.055111,-0.057919,1.0,-1.0
30.5,0.032426,0.030199,0.031896,1.0,-1.0
30.6,0.067076,0.056447,0.068177,1.0,-1.0
30.7,0.008608,0.028780,0.028408,1.0,-1.0
30.8,-0.013650,-0.001950,0.001875,1.0,-1.0
30.9,0.049706,0.048456,0.045169,1.0,-1.0
31.0,-0.023534,-0.033255,-0.041186,1.0,-1.0
31.1,0.063883,0.058640,0.040712,1.0,-1.0
31.2,-0.058991,-0.075987,-0.078795,1.0,-1.0
31.3,-0.049505,-0.051879,-0.051458,1.0,-1.0
31.4,-0.098934,-0.107302,-0.117883,1.0,-1.0
31.5,0.053424,0.040648,0.032078,1.0,-1.0
31.6,-0.020677,0.006460,0.010434,1.0,-1.0
31.7,0.106348,0.111338,0.115166,1.0,-1.0
31.8,-0.123391,-0.138514,-0.127313,1.0,-1.0
31.9,0.048898,0.050820,0.055297,1.0,-1.0
32.0,-0.076731,-0.096776,-0.102630,1.0,-1.0
32.1,0.122479,0.124714,0.110642,1.0,-1.0
32.2,0.018230,0.017917,0.024762,1.0,-1.0
32.3,0.083270,0.060311,0.053345,1.0,-1.0
32.4,-0.007523,-0.001335,0.003367,1.0,-1.0
32.5,0.054227,0.064605,0.067735,1.0,-1.0
32.6,-0.107210,-0.127131,-0.125581,1.0,-1.0
32.7,0.017342,0.005841,0.005095,1.0,-1.0
32.8,-0.157391,-0.163696,-0.162812,1.0,-1.0
32.9,0.023355,0.025591,0.032645,1.0,-1.0
33.0,-0.040257,-0.023828,-0.030091,1.0,-1.0
33.1,0.007737,-0.007022,-0.006224,1.0,-1.0
33.2,0.019440,-0.000263,0.007016,1.0,-1.0
33.3,0.027999,0.026750,0.021045,1.0,-1.0
33.4,0.103425,0.124406,0.118148,1.0,-1.0
33.5,0.046545,0.056150,0.058705,1.0,-1.0
33.6,-0.033358,-0.034101,-0.023330,1.0,-1.0
33.7,-0.081099,-0.095521,-0.094592,1.0,-1.0
33.8,-0.078055,-0.041210,-0.038696,1.0,-1.0
33.9,0.016388,0.021057,0.018644,1.0,-1.0
34.0,0.100061,0.110839,0.123463,1.0,-1.0
34.1,-0.021254,-0.016085,-0.007383,1.0,-1.0
34.2,0.011807,-0.000890,-0.009421,1.0,-1.0
34.3,-0.008716,0.005148,-0.006985,1.0,-1.0
34.4,0.071258,0.083025,0.081876,1.0,-1.0
34.5,0.008935,0.002576,0.002241,1.0,-1.0
34.6,-0.011491,-0.012014,-0.003835,1.0,-1.0
34.7,-0.092940,-0.091849,-0.082861,1.0,-1.0
34.8,-0.022733,-0.015568,-0.016421,1.0,-1.0
34.9,-0.074372,-0.097294,-0.102920,1.0,-1.0
35.0,0.043451,0.070262,0.064316,1.0,-1.0
35.1,0.062711,0.066728,0.075374,1.0,-1.0
35.2,0.039725,0.040116,0.039286,1.0,-1.0
35.3,-0.022680,-0.030105,-0.028532,1.0,-1.0
35.4,0.006492,0.018544,0.008685,1.0,-1.0
35.5,0.006800,0.017325,0.021028,1.0,-1.0
35.6,0.101725,0.103112,0.104904,1.0,-1.0
35.7,-0.014554,0.000813,-0.001732,1.0,-1.0
35.8,-0.000185,-0.020054,-0.028519,1.0,-1.0
35.9,-0.018201,-0.025971,-0.022865,1.0,-1.0
36.0,-0.062277,-0.091962,-0.097423,1.0,-1.0
36.1,0.016069,0.003016,0.000844,1.0,-1.0
36.2,-0.138388,-0.161961,-0.150622,1.0,-1.0
36.3,-0.002308,-0.001032,0.000819,1.0,-1.0
36.4,-0.050382,-0.071007,-0.073750,1.0,-1.0
36.5,0.034302,0.047585,0.044493,1.0,-1.0
36.6,-0.045133,-0.069152,-0.083847,1.0,-1.0
36.7,0.097442,0.076583,0.077735,1.0,-1.0
36.8,0.045687,0.051553,0.054961,1.0,-1.0
36.9,0.188140,0.201441,0.207526,1.0,-1.0
37.0,-0.107910,-0.114253,-0.114192,1.0,-1.0
37.1,-0.005142,-0.011338,-0.007075,1.0,-1.0
37.2,-0.068560,-0.059664,-0.050914,1.0,-1.0
37.3,0.091931,0.115032,0.119040,1.0,-1.0
37.4,-0.026297,-0.021845,-0.023019,1.0,-1.0
37.5,0.003846,-0.000375,-0.010885,1.0,-1.0
37.6,-0.101934,-0.110297,-0.114000,1.0,-1.0
37.7,-0.002903,-0.004471,-0.006116,1.0,-1.0
37.8,0.003350,-0.003218,-0.003613,1.0,-1.0
37.9,0.005123,0.003107,0.009266,1.0,-1.0
38.0,-0.044817,-0.054153,-0.062310,1.0,-1.0
38.1,0.057895,0.013463,0.009754,1.0,-1.0
38.2,0.000832,-0.028784,-0.030121,1.0,-1.0
38.3,0.075011,0.095197,0.104940,1.0,-1.0
38.4,-0.060603,-0.051017,-0.055250,1.0,-1.0
38.5,0.084177,0.079736,0.075695,1.0,-1.0
38.6,-0.001748,0.018325,0.015067,1.0,-1.0
38.7,0.024390,0.005743,-0.002032,1.0,-1.0
38.8,-0.117013,-0.107717,-0.103966,1.0,-1.0
38.9,-0.043387,-0.046973,-0.046593,1.0,-1.0
39.0,-0.000184,0.016663,0.009113,1.0,-1.0
39.1,0.005553,0.011538,0.011501,1.0,-1.0
39.2,0.013861,0.034292,0.047990,1.0,-1.0
39.3,0.029248,0.042958,0.051230,1.0,-1.0
39.4,0.039742,0.043970,0.044203,1.0,-1.0
39.5,-0.014493,-0.008149,-0.008545,1.0,-1.0
39.6,0.042852,0.057011,0.058458,1.0,-1.0
39.7,-0.009240,-0.017020,-0.015321,1.0,-1.0
39.8,0.061808,0.057869,0.049446,1.0,-1.0
39.9,-0.128715,-0.156708,-0.151507,1.0,-1.0
40.0,-0.014150,-0.025902,-0.026641,1.0,-1.0
40.1,-0.064275,-0.050328,-0.064908,1.0,-1.0
40.2,0.109854,0.123998,0.123034,1.0,-1.0
40.3,0.040102,0.039110,0.043013,1.0,-1.0
40.4,0.027545,0.017249,0.018446,1.0,-1.0
40.5,-0.099388,-0.079084,-0.085166,1.0,-1.0
40.6,0.034371,0.008236,0.018562,1.0,-1.0
40.7,0.000604,-0.000591,-0.002082,1.0,-1.0
40.8,0.026680,0.041768,0.045017,1.0,-1.0
40.9,0.002508,0.014077,0.013003,1.0,-1.0
41.0,-0.057857,-0.038910,-0.046992,1.0,-1.0
41.1,-0.034212,-0.034419,-0.033529,1.0,-1.0
41.2,0.077530,0.085414,0.070645,1.0,-1.0
41.3,-0.019943,-0.014563,-0.017036,1.0,-1.0
41.4,0.018238,0.025722,0.028887,1.0,-1.0
41.5,-0.084356,-0.091574,-0.087679,1.0,-1.0
41.6,-0.067379,-0.072099,-0.063852,1.0,-1.0
41.7,0.092401,0.094089,0.098329,1.0,-1.0
41.8,-0.001479,0.001728,-0.005393,1.0,-1.0
41.9,0.024329,-0.007474,-0.011836,1.0,-1.0
42.0,-0.026821,-0.031900,-0.042504,1.0,-1.0
42.1,0.070031,0.077035,0.063719,1.0,-1.0
42.2,-0.020203,-0.027220,-0.022752,1.0,-1.0
42.3,-0.010352,-0.017317,-0.008733,1.0,-1.0
42.4,-0.113799,-0.107228,-0.105600,1.0,-1.0
42.5,0.111498,0.115660,0.109112,1.0,-1.0
42.6,-0.012193,-0.012254,-0.007627,1.0,-1.0
42.7,0.094266,0.106033,0.109520,1.0,-1.0
42.8,-0.063677,-0.040441,-0.040463,1.0,-1.0
42.9,0.086263,0.096349,0.084878,1.0,-1.0
43.0,-0.024713,-0.007785,-0.005203,1.0,-1.0
43.1,0.084875,0.084151,0.080295,1.0,-1.0
43.2,-0.134922,-0.116023,-0.112794,1.0,-1.0
43.3,0.006401,0.006272,-0.014246,1.0,-1.0
43.4,-0.117201,-0.105864,-0.100276,1.0,-1.0
43.5,0.000688,-0.028477,-0.030285,1.0,-1.0
43.6,-0.057835,-0.061635,-0.060832,1.0,-1.0
43.7,0.061111,0.077576,0.075738,1.0,-1.0
43.8,0.032558,0.040808,0.031239,1.0,-1.0
43.9,0.063088,0.061646,0.071495,1.0,-1.0
44.0,-0.004043,-0.029223,-0.028868,1.0,-1.0
44.1,0.080518,0.060685,0.051074,1.0,-1.0
44.2,-0.027129,-0.035779,-0.044152,1.0,-1.0
44.3,0.103930,0.140239,0.142363,1.0,-1.0
44.4,-0.096645,-0.136091,-0.151839,1.0,-1.0
44.5,-0.042881,-0.030677,-0.029422,1.0,-1.0
44.6,-0.034702,-0.029413,-0.036115,1.0,-1.0
44.7,-0.041489,-0.046549,-0.051801,1.0,-1.0
44.8,0.014417,-0.007147,0.007749,1.0,-1.0
44.9,-0.067014,-0.074477,-0.071753,1.0,-1.0
45.0,-0.075591,-0.074389,-0.075631,1.0,-1.0
45.1,0.054901,0.057181,0.061696,1.0,-1.0
45.2,0.083049,0.077983,0.080732,1.0,-1.0
45.3,0.016132,0.021539,0.030972,1.0,-1.0
45.4,0.057512,0.049371,0.043456,1.0,-1.0
45.5,-0.008654,-0.021041,-0.020298,1.0,-1.0
45.6,0.137170,0.143790,0.145739,1.0,-1.0
45.7,-0.066115,-0.071435,-0.066683,1.0,-1.0
45.8,-0.063392,-0.078626,-0.071380,1.0,-1.0
45.9,-0.084713,-0.118307,-0.123522,1.0,-1.0
46.0,0.036119,0.034814,0.038587,1.0,-1.0
46.1,-0.029604,-0.026929,-0.036227,1.0,-1.0
46.2,0.000430,0.008806,0.010098,1.0,-1.0
46.3,-0.063763,-0.081879,-0.080914,1.0,-1.0
46.4,0.078266,0.085457,0.090973,1.0,-1.0
46.5,0.071149,0.077511,0.089594,1.0,-1.0
46.6,-0.033684,-0.048111,-0.060049,1.0,-1.0
46.7,-0.055805,-0.071417,-0.067418,1.0,-1.0
46.8,-0.003637,-0.002164,-0.023527,1.0,-1.0
46.9,0.001498,-0.000503,0.001529,1.0,-1.0
47.0,0.054826,0.049567,0.054877,1.0,-1.0
47.1,-0.040246,-0.052614,-0.055024,1.0,-1.0
47.2,0.041020,0.028609,0.024450,1.0,-1.0
47.3,0.062740,0.070660,0.084201,1.0,-1.0
47.4,-0.021377,-0.012887,-0.016603,1.0,-1.0
47.5,0.029609,-0.002243,-0.008454,1.0,-1.0
47.6,-0.042572,-0.018313,-0.018184,1.0,-1.0
47.7,0.061471,0.053900,0.054853,1.0,-1.0
47.8,-0.055667,-0.023949,-0.024334,1.0,-1.0
47.9,0.009590,0.018322,0.028025,1.0,-1.0
48.0,-0.055232,-0.070975,-0.081878,1.0,-1.0
48.1,0.050965,0.073409,0.081669,1.0,-1.0
48.2,-0.081094,-0.061865,-0.052871,1.0,-1.0
48.3,0.104263,0.092921,0.085648,1.0,-1.0
48.4,-0.154658,-0.118486,-0.119527,1.0,-1.0
48.5,0.065701,0.083341,0.089298,1.0,-1.0
48.6,-0.100467,-0.111478,-0.123279,1.0,-1.0
48.7,0.102368,0.126314,0.121178,1.0,-1.0
48.8,-0.037649,-0.052339,-0.054587,1.0,-1.0
48.9,0.080306,0.060431,0.054193,1.0,-1.0
49.0,-0.032058,-0.056477,-0.065103,1.0,-1.0
49.1,0.089229,0.069532,0.067987,1.0,-1.0
49.2,-0.078852,-0.062535,-0.058051,1.0,-1.0
49.3,-0.000012,-0.020584,-0.027197,1.0,-1.0
49.4,-0.064264,-0.044067,-0.052020,1.0,-1.0
49.5,-0.009495,-0.012641,-0.012788,1.0,-1.0
49.6,-0.040055,-0.077945,-0.074840,1.0,-1.0
49.7,0.000099,0.004899,0.010499,1.0,-1.0
49.8,0.018835,0.032450,0.035305,1.0,-1.0
49.9,0.106509,0.112082,0.103224,1.0,-1.0
50.0,0.014887,-0.008601,-0.007263,1.0,-1.0
50.1,0.004693,0.015763,0.012283,1.0,-1.0
50.2,-0.054985,-0.059719,-0.055849,1.0,-1.0
50.3,-0.000165,0.022751,0.032402,1.0,-1.0
50.4,0.086919,0.086806,0.085749,1.0,-1.0
50.5,-0.015427,-0.006783,-0.022348,1.0,-1.0
50.6,-0.049427,-0.075358,-0.068917,1.0,-1.0
50.7,0.022909,0.002749,-0.001132,1.0,-1.0
50.8,0.027161,0.019460,0.023068,1.0,-1.0
50.9,0.046225,0.036261,0.032980,1.0,-1.0
51.0,-0.075815,-0.086220,-0.099388,1.0,-1.0
51.1,-0.073338,-0.079214,-0.081106,1.0,-1.0
51.2,0.031751,0.031011,0.013103,1.0,-1.0
51.3,0.017010,0.012449,0.018873,1.0,-1.0
51.4,0.074243,0.096973,0.100500,1.0,-1.0
51.5,-0.011444,0.004474,0.004036,1.0,-1.0
51.6,0.029524,0.025944,0.025924,1.0,-1.0
51.7,-0.018423,-0.026070,-0.022714,1.0,-1.0
51.8,-0.004053,-0.016089,-0.024764,1.0,-1.0
51.9,-0.127286,-0.132833,-0.130890,1.0,-1.0
52.0,-0.056748,-0.062311,-0.060966,1.0,-1.0
52.1,-0.055103,-0.035347,-0.038692,1.0,-1.0
52.2,0.074799,0.121300,0.122867,1.0,-1.0
52.3,0.049787,0.020837,0.018780,1.0,-1.0
52.4,0.014256,0.036522,0.040469,1.0,-1.0
52.5,0.043755,0.023800,0.019225,1.0,-1.0
52.6,0.071751,0.052246,0.045096,1.0,-1.0
52.7,0.009293,0.005638,0.004470,1.0,-1.0
52.8,-0.015384,-0.022908,-0.026401,1.0,-1.0
52.9,-0.050514,-0.056321,-0.047056,1.0,-1.0
53.0,-0.076706,-0.071668,-0.061812,1.0,-1.0
53.1,0.026168,0.012227,0.013484,1.0,-1.0
53.2,-0.064117,-0.076904,-0.073331,1.0,-1.0
53.3,0.066392,0.094817,0.089226,1.0,-1.0
53.4,-0.031608,-0.023882,-0.027654,1.0,-1.0
53.5,0.077258,0.102500,0.106188,1.0,-1.0
53.6,-0.060043,-0.053931,-0.047037,1.0,-1.0
53.7,0.022142,0.025371,0.025084,1.0,-1.0
53.8,-0.034099,-0.068427,-0.066512,1.0,-1.0
53.9,0.085416,0.112207,0.109190,1.0,-1.0
54.0,-0.065862,-0.085984,-0.089552,1.0,-1.0
54.1,-0.003221,0.015482,0.018253,1.0,-1.0
54.2,-0.053960,-0.051178,-0.069879,1.0,-1.0
54.3,0.113899,0.093692,0.094212,1.0,-1.0
54.4,-0.016902,0.011227,0.014101,1.0,-1.0
54.5,0.030908,0.027481,0.033499,1.0,-1.0
54.6,-0.096403,-0.087407,-0.095727,1.0,-1.0
54.7,0.116123,0.110769,0.110756,1.0,-1.0
54.8,-0.009977,-0.027139,-0.030545,1.0,-1.0
54.9,0.012773,0.010003,-0.001868,1.0,-1.0
55.0,-0.030048,-0.037131,-0.040238,1.0,-1.0
55.1,0.027440,0.040155,0.039697,1.0,-1.0
55.2,0.012877,0.001583,-0.004267,1.0,-1.0
55.3,-0.039990,-0.044790,-0.052798,1.0,-1.0
55.4,-0.141970,-0.136649,-0.130998,1.0,-1.0
55.5,0.035387,0.040738,0.031368,1.0,-1.0
55.6,0.009954,-0.003614,-0.006787,1.0,-1.0
55.7,0.088451,0.071920,0.065657,1.0,-1.0
55.8,-0.048150,-0.050190,-0.060363,1.0,-1.0
55.9,-0.006165,-0.003921,-0.003530,1.0,-1.0
56.0,0.155759,0.142208,0.142636,1.0,-1.0
56.1,0.011524,0.009564,0.018473,1.0,-1.0
56.2,0.047497,0.053493,0.048028,1.0,-1.0
56.3,-0.119734,-0.145183,-0.154296,1.0,-1.0
56.4,-0.070475,-0.047007,-0.044274,1.0,-1.0
56.5,-0.030638,-0.036704,-0.035518,1.0,-1.0
56.6,-0.015812,-0.021025,-0.020145,1.0,-1.0
56.7,-0.079753,-0.112852,-0.120286,1.0,-1.0
56.8,0.022242,0.008676,0.010797,1.0,-1.0
56.9,-0.101951,-0.081203,-0.088357,1.0,-1.0
57.0,0.068131,0.084770,0.075126,1.0,-1.0
57.1,-0.019017,-0.035138,-0.024249,1.0,-1.0
57.2,0.089298,0.090781,0.092457,1.0,-1.0
57.3,0.066208,0.039602,0.042821,1.0,-1.0
57.4,0.054286,0.057012,0.059978,1.0,-1.0
57.5,-0.004078,-0.033382,-0.029336,1.0,-1.0
57.6,0.031953,0.029336,0.025781,1.0,-1.0
57.7,-0.027359,-0.030883,-0.029738,1.0,-1.0
57.8,0.028464,0.014809,0.013583,1.0,-1.0
57.9,-0.044928,-0.058482,-0.059775,1.0,-1.0
58.0,-0.075094,-0.064390,-0.060550,1.0,-1.0
58.1,0.024135,0.036656,0.031711,1.0,-1.0
58.2,-0.020896,-0.034160,-0.044910,1.0,-1.0
58.3,0.018040,0.024797,0.018085,1.0,-1.0
58.4,0.048444,0.051880,0.052494,1.0,-1.0
58.5,0.010484,0.018793,0.013354,1.0,-1.0
58.6,0.033435,0.018053,0.021512,1.0,-1.0
58.7,0.053617,0.070132,0.066986,1.0,-1.0
58.8,-0.114977,-0.101372,-0.096941,1.0,-1.0
58.9,0.042951,0.039895,0.042774,1.0,-1.0
59.0,-0.079418,-0.078204,-0.072191,1.0,-1.0
59.1,0.084454,0.105724,0.097322,1.0,-1.0
59.2,-0.057121,-0.048109,-0.051702,1.0,-1.0
59.3,-0.016862,-0.040955,-0.039355,1.0,-1.0
59.4,-0.018942,-0.041921,-0.037694,1.0,-1.0
59.5,0.080270,0.072803,0.083652,1.0,-1.0
59.6,-0.016379,-0.038148,-0.035254,1.0,-1.0
59.7,0.020524,-0.010991,-0.008120,1.0,-1.0
59.8,-0.147382,-0.152129,-0.153927,1.0,-1.0
59.9,0.036770,0.031457,0.035094,1.0,-1.0
60.0,-0.050585,-0.059915,-0.070800,1.0,-1.0
60.1,0.112935,0.124816,0.124960,1.0,-1.0
60.2,-0.012376,-0.024180,-0.018376,1.0,-1.0
60.3,-0.006055,-0.038115,-0.037531,1.0,-1.0
60.4,-0.028012,-0.028478,-0.031692,1.0,-1.0
60.5,0.045751,0.046431,0.039974,1.0,-1.0
60.6,-0.048948,-0.054506,-0.059028,1.0,-1.0
60.7,0.002112,-0.029350,-0.037286,1.0,-1.0
60.8,-0.060301,-0.049195,-0.051447,1.0,-1.0
60.9,0.106577,0.100229,0.104435,1.0,-1.0
61.0,0.022292,0.063453,0.068624,1.0,-1.0
61.1,0.024453,0.008622,0.005845,1.0,-1.0
61.2,0.012219,0.020519,0.009805,1.0,-1.0
61.3,0.039740,0.010450,0.008718,1.0,-1.0
61.4,-0.008924,-0.009944,-0.017407,1.0,-1.0
61.5,-0.080141,-0.096992,-0.084999,1.0,-1.0
61.6,-0.073236,-0.095802,-0.094907,1.0,-1.0
61.7,-0.051220,-0.055728,-0.052912,1.0,-1.0
61.8,0.093097,0.094980,0.096007,1.0,-1.0
61.9,-0.017605,-0.026960,-0.030397,1.0,-1.0
62.0,0.050507,0.061257,0.058638,1.0,-1.0
62.1,-0.032542,-0.022413,-0.025055,1.0,-1.0
62.2,0.043537,0.028592,0.034093,1.0,-1.0
62.3,-0.028485,-0.004653,-0.009474,1.0,-1.0
62.4,0.034271,0.042998,0.034929,1.0,-1.0
62.5,-0.060672,-0.072671,-0.064858,1.0,-1.0
62.6,0.091050,0.089891,0.081752,1.0,-1.0
62.7,-0.111315,-0.102507,-0.108194,1.0,-1.0
62.8,-0.025113,-0.000907,-0.001031,1.0,-1.0
62.9,0.046087,0.052115,0.058891,1.0,-1.0
63.0,0.117056,0.111810,0.097606,1.0,-1.0
63.1,0.013440,0.015450,0.014252,1.0,-1.0
63.2,-0.007981,-0.037795,-0.045739,1.0,-1.0
63.3,-0.086333,-0.100021,-0.100605,1.0,-1.0
63.4,0.062310,0.040699,0.042963,1.0,-1.0
63.5,0.029763,0.033425,0.044383,1.0,-1.0
63.6,-0.076026,-0.082364,-0.066783,1.0,-1.0
63.7,-0.017347,0.000612,0.002068,1.0,-1.0
63.8,-0.034959,-0.054580,-0.053276,1.0,-1.0
63.9,-0.003136,-0.014558,-0.007237,1.0,-1.0
64.0,0.001743,0.003699,-0.001230,1.0,-1.0
64.1,-0.070791,-0.074018,-0.075882,1.0,-1.0
64.2,-0.013971,-0.001121,-0.004426,1.0,-1.0
64.3,0.062782,0.066119,0.072489,1.0,-1.0
64.4,0.004856,0.016609,0.014792,1.0,-1.0
64.5,0.068329,0.074165,0.077224,1.0,-1.0
64.6,-0.054201,-0.032107,-0.040063,1.0,-1.0
64.7,0.167538,0.175326,0.163491,1.0,-1.0
64.8,-0.021243,-0.024274,-0.011869,1.0,-1.0
64.9,0.000626,-0.011301,-0.018251,1.0,-1.0
65.0,-0.201295,-0.189852,-0.190658,1.0,-1.0
65.1,-0.017957,-0.018122,-0.006459,1.0,-1.0
65.2,-0.092488,-0.097901,-0.099923,1.0,-1.0
65.3,0.107093,0.097795,0.101300,1.0,-1.0
65.4,-0.064135,-0.049736,-0.046693,1.0,-1.0
65.5,0.121369,0.115181,0.105515,1.0,-1.0
65.6,-0.021647,-0.035423,-0.030441,1.0,-1.0
65.7,0.127386,0.102477,0.108944,1.0,-1.0
65.8,-0.005925,0.005392,0.002293,1.0,-1.0
65.9,0.068200,0.086905,0.095457,1.0,-1.0
66.0,-0.032633,-0.009662,-0.021056,1.0,-1.0
66.1,-0.008276,-0.041586,-0.053645,1.0,-1.0
66.2,-0.080472,-0.065502,-0.073512,1.0,-1.0
66.3,0.060256,0.076376,0.078257,1.0,-1.0
66.4,0.014458,0.007302,-0.000832,1.0,-1.0
66.5,-0.009016,-0.004971,-0.016323,1.0,-1.0
66.6,-0.024274,0.005130,0.006283,1.0,-1.0
66.7,-0.088314,-0.094663,-0.101546,1.0,-1.0
66.8,0.027197,0.029761,0.029746,1.0,-1.0
66.9,0.042081,0.046003,0.045796,1.0,-1.0
67.0,-0.091404,-0.103887,-0.099062,1.0,-1.0
67.1,0.046953,0.074461,0.071305,1.0,-1.0
67.2,-0.024014,-0.011552,-0.011016,1.0,-1.0
67.3,-0.014305,-0.014284,-0.021034,1.0,-1.0
67.4,0.029685,-0.007410,-0.013830,1.0,-1.0
67.5,-0.073736,-0.077265,-0.070541,1.0,-1.0
67.6,0.061242,0.056929,0.037753,1.0,-1.0
67.7,-0.005420,0.007184,0.005347,1.0,-1.0
67.8,0.009767,0.031701,0.026708,1.0,-1.0
67.9,0.008622,-0.001816,-0.008525,1.0,-1.0
68.0,-0.003832,-0.016549,-0.011668,1.0,-1.0
68.1,0.008290,0.050005,0.056460,1.0,-1.0
68.2,0.108284,0.120842,0.126606,1.0,-1.0
68.3,-0.034004,-0.023135,-0.026488,1.0,-1.0
68.4,0.009042,-0.013267,-0.012529,1.0,-1.0
68.5,-0.164515,-0.179713,-0.185111,1.0,-1.0
68.6,-0.002424,-0.003863,-0.005519,1.0,-1.0
68.7,0.019220,0.014663,0.011955,1.0,-1.0
68.8,0.113566,0.113213,0.114168,1.0,-1.0
68.9,-0.050427,-0.064715,-0.059163,1.0,-1.0
69.0,0.003485,0.001026,0.001719,1.0,-1.0
69.1,0.010579,-0.005550,-0.011023,1.0,-1.0
69.2,0.087616,0.126737,0.124485,1.0,-1.0
69.3,0.021973,0.024510,0.022231,1.0,-1.0
69.4,-0.061742,-0.053535,-0.042708,1.0,-1.0
69.5,-0.025325,-0.030366,-0.021931,1.0,-1.0
69.6,-0.035746,-0.063526,-0.063364,1.0,-1.0
69.7,0.024003,0.037954,0.046484,1.0,-1.0
69.8,-0.009646,-0.021832,-0.011021,1.0,-1.0
69.9,0.010235,-0.013775,-0.007566,1.0,-1.0
70.0,-0.026144,-0.032571,-0.030842,1.0,-1.0
70.1,-0.036126,-0.027469,-0.023148,1.0,-1.0
70.2,-0.107383,-0.106177,-0.112899,1.0,-1.0
70.3,0.127115,0.125716,0.140115,1.0,-1.0
70.4,-0.008953,-0.001428,-0.002531,1.0,-1.0
70.5,0.108239,0.115540,0.114296,1.0,-1.0
70.6,-0.041838,-0.061120,-0.065606,1.0,-1.0
70.7,0.010719,-0.007264,-0.008626,1.0,-1.0
70.8,-0.000181,0.018463,0.013495,1.0,-1.0
70.9,0.032354,0.040822,0.035372,1.0,-1.0
71.0,-0.111260,-0.133909,-0.138599,1.0,-1.0
71.1,0.003648,0.025477,0.030425,1.0,-1.0
71.2,-0.071768,-0.081423,-0.081684,1.0,-1.0
71.3,0.150074,0.152782,0.156133,1.0,-1.0
71.4,-0.042272,-0.050209,-0.060017,1.0,-1.0
71.5,0.063274,0.074373,0.068561,1.0,-1.0
71.6,0.016089,0.002854,-0.003108,1.0,-1.0
71.7,0.078681,0.079239,0.084125,1.0,-1.0
71.8,-0.037589,-0.032670,-0.040771,1.0,-1.0
71.9,-0.058495,-0.027830,-0.029319,1.0,-1.0
72.0,-0.110897,-0.120949,-0.129146,1.0,-1.0
72.1,0.030838,0.040710,0.035816,1.0,-1.0
72.2,0.001825,-0.018572,-0.032906,1.0,-1.0
72.3,-0.060214,-0.059142,-0.063720,1.0,-1.0
72.4,-0.056517,-0.079618,-0.073076,1.0,-1.0
72.5,-0.002344,-0.026486,-0.026139,1.0,-1.0
72.6,0.072161,0.067996,0.076171,1.0,-1.0
72.7,0.057628,0.077154,0.068606,1.0,-1.0
72.8,-0.012167,-0.021456,-0.010172,1.0,-1.0
72.9,-0.037417,-0.041820,-0.042944,1.0,-1.0
73.0,0.073288,0.079512,0.072992,1.0,-1.0
73.1,0.006550,0.021116,0.015933,1.0,-1.0
73.2,0.049258,0.058154,0.062307,1.0,-1.0
73.3,-0.059749,-0.042641,-0.045051,1.0,-1.0
73.4,0.088775,0.096935,0.094588,1.0,-1.0
73.5,-0.038921,-0.028370,-0.014845,1.0,-1.0
73.6,-0.077861,-0.082407,-0.083489,1.0,-1.0
73.7,-0.072388,-0.070206,-0.065544,1.0,-1.0
73.8,0.014257,0.020264,0.028352,1.0,-1.0
73.9,-0.004399,-0.013259,-0.005970,1.0,-1.0
74.0,0.101592,0.099199,0.088707,1.0,-1.0
74.1,-0.053772,-0.067178,-0.062498,1.0,-1.0
74.2,0.099606,0.099870,0.108922,1.0,-1.0
74.3,0.043845,0.034219,0.038395,1.0,-1.0
74.4,0.037084,0.039769,0.024016,1.0,-1.0
74.5,-0.050823,-0.039518,-0.032263,1.0,-1.0
74.6,-0.052650,-0.060576,-0.064695,1.0,-1.0
74.7,-0.073355,-0.060376,-0.069293,1.0,-1.0
74.8,0.000608,-0.003649,-0.001460,1.0,-1.0
74.9,-0.014243,-0.019386,-0.028545,1.0,-1.0
75.0,-0.020244,-0.029928,-0.039908,1.0,-1.0
75.1,0.066201,0.059272,0.060263,1.0,-1.0
75.2,0.020319,0.009985,0.004105,1.0,-1.0
75.3,-0.012573,-0.015931,-0.016960,1.0,-1.0
75.4,-0.047765,-0.051400,-0.051909,1.0,-1.0
75.5,0.009613,0.021645,0.016294,1.0,-1.0
75.6,0.009370,0.008668,0.021860,1.0,-1.0
75.7,-0.017312,-0.004008,-0.001065,1.0,-1.0
75.8,-0.085566,-0.095081,-0.101785,1.0,-1.0
75.9,0.043492,0.066041,0.070779,1.0,-1.0
76.0,-0.004542,0.006434,0.007978,1.0,-1.0
76.1,0.105395,0.118807,0.110284,1.0,-1.0
76.2,-0.028045,-0.063903,-0.065755,1.0,-1.0
76.3,0.021810,0.025362,0.023434,1.0,-1.0
76.4,0.014760,0.011731,0.013288,1.0,-1.0
76.5,0.075268,0.068000,0.068159,1.0,-1.0
76.6,0.007518,0.007155,0.009766,1.0,-1.0
76.7,-0.005792,0.007513,0.005776,1.0,-1.0
76.8,-0.085871,-0.082874,-0.079267,1.0,-1.0
76.9,0.048038,0.031026,0.038036,1.0,-1.0
77.0,-0.077932,-0.047783,-0.045665,1.0,-1.0
77.1,0.001589,-0.026889,-0.014013,1.0,-1.0
77.2,-0.134797,-0.153109,-0.149105,1.0,-1.0
77.3,0.045177,0.015612,0.039276,1.0,-1.0
77.4,0.009025,0.026275,0.020680,1.0,-1.0
77.5,0.073563,0.077497,0.080317,1.0,-1.0
77.6,-0.031546,-0.039868,-0.036138,1.0,-1.0
77.7,0.045632,0.045939,0.060291,1.0,-1.0
77.8,0.032143,0.015951,0.033198,1.0,-1.0
77.9,0.059274,0.061952,0.074982,1.0,-1.0
78.0,-0.011285,-0.022261,-0.014116,1.0,-1.0
78.1,-0.160016,-0.133935,-0.123943,1.0,-1.0
78.2,0.006500,0.015283,0.007363,1.0,-1.0
78.3,0.004186,-0.006959,-0.004150,1.0,-1.0
78.4,0.055017,0.050280,0.050143,1.0,-1.0
78.5,-0.039517,-0.020243,-0.030845,1.0,-1.0
78.6,0.033537,0.042617,0.050487,1.0,-1.0
78.7,-0.020338,-0.023344,-0.023855,1.0,-1.0
78.8,0.140816,0.148844,0.148260,1.0,-1.0
78.9,-0.130604,-0.145502,-0.144180,1.0,-1.0
79.0,0.072976,0.068546,0.072762,1.0,-1.0
79.1,-0.025788,-0.063599,-0.051560,1.0,-1.0
79.2,0.038261,0.017855,0.017544,1.0,-1.0
79.3,-0.009278,-0.015874,-0.017927,1.0,-1.0
79.4,-0.006546,-0.042118,-0.047473,1.0,-1.0
79.5,0.011938,0.035020,0.044200,1.0,-1.0
79.6,0.035759,0.033545,0.033926,1.0,-1.0
79.7,-0.073508,-0.038007,-0.054073,1.0,-1.0
79.8,-0.024004,-0.018491,-0.022409,1.0,-1.0
79.9,-0.014550,-0.023280,-0.017170,1.0,-1.0
80.0,0.039307,0.022937,0.024194,1.0,-1.0
80.1,0.003326,0.017039,0.025775,1.0,-1.0
80.2,-0.050471,-0.040224,-0.041891,1.0,-1.0
80.3,0.001436,-0.017053,-0.018544,1.0,-1.0
80.4,0.043931,0.070425,0.072522,1.0,-1.0
80.5,0.001509,-0.020210,-0.021452,1.0,-1.0
80.6,-0.069693,-0.073139,-0.060175,1.0,-1.0
80.7,-0.060677,-0.068193,-0.081097,1.0,-1.0
80.8,-0.030419,-0.018481,-0.007759,1.0,-1.0
80.9,0.087380,0.106206,0.110149,1.0,-1.0
81.0,-0.008143,-0.009948,-0.025829,1.0,-1.0
81.1,0.011423,0.013381,0.001379,1.0,-1.0
81.2,-0.012158,0.012276,0.026195,1.0,-1.0
81.3,0.104261,0.079626,0.084723,1.0,-1.0
81.4,0.035391,0.041219,0.043365,1.0,-1.0
81.5,0.002111,-0.001685,0.004489,1.0,-1.0
81.6,-0.122580,-0.110405,-0.104257,1.0,-1.0
81.7,0.069085,0.072976,0.064394,1.0,-1.0
81.8,-0.027884,-0.011401,-0.005997,1.0,-1.0
81.9,0.078298,0.075116,0.085197,1.0,-1.0
82.0,-0.100809,-0.114371,-0.114413,1.0,-1.0
82.1,0.061388,0.057423,0.058746,1.0,-1.0
82.2,0.042459,0.024631,0.017032,1.0,-1.0
82.3,0.013956,-0.014654,-0.006807,1.0,-1.0
82.4,-0.076455,-0.088584,-0.086946,1.0,-1.0
82.5,0.015192,0.016521,0.015837,1.0,-1.0
82.6,-0.036621,-0.038212,-0.029308,1.0,-1.0
82.7,0.066125,0.068097,0.069075,1.0,-1.0
82.8,-0.099679,-0.101070,-0.096130,1.0,-1.0
82.9,0.013951,0.002975,0.000106,1.0,-1.0
83.0,0.029693,0.031993,0.032082,1.0,-1.0
83.1,0.018738,0.016380,0.020248,1.0,-1.0
83.2,-0.062896,-0.052993,-0.071850,1.0,-1.0
83.3,-0.046827,-0.058542,-0.049572,1.0,-1.0
83.4,-0.006755,-0.020619,-0.012401,1.0,-1.0
83.5,0.103341,0.100144,0.094422,1.0,-1.0
83.6,0.004526,0.002583,0.008277,1.0,-1.0
83.7,0.018918,0.022237,0.016956,1.0,-1.0
83.8,0.054820,0.058095,0.049942,1.0,-1.0
83.9,0.003506,-0.025381,-0.022706,1.0,-1.0
84.0,-0.018711,-0.028448,-0.023359,1.0,-1.0
84.1,-0.079055,-0.079952,-0.072227,1.0,-1.0
84.2,-0.045631,-0.049070,-0.024922,1.0,-1.0
84.3,-0.053376,-0.037004,-0.044882,1.0,-1.0
84.4,0.007019,-0.008558,-0.006866,1.0,-1.0
84.5,-0.043602,-0.044796,-0.026823,1.0,-1.0
84.6,0.133902,0.131525,0.128711,1.0,-1.0
84.7,-0.017134,0.005059,0.002290,1.0,-1.0
84.8,0.119713,0.121463,0.129283,1.0,-1.0
84.9,-0.023902,0.000884,0.001134,1.0,-1.0
85.0,0.035969,0.038299,0.039583,1.0,-1.0
85.1,-0.046029,-0.060201,-0.062368,1.0,-1.0
85.2,0.018917,0.030833,0.030635,1.0,-1.0
85.3,-0.050957,-0.058595,-0.049016,1.0,-1.0
85.4,-0.005261,0.006385,0.015913,1.0,-1.0
85.5,-0.098575,-0.100137,-0.101815,1.0,-1.0
85.6,0.035069,0.028873,0.032920,1.0,-1.0
85.7,-0.047243,-0.043025,-0.033051,1.0,-1.0
85.8,-0.013092,-0.017672,-0.007056,1.0,-1.0
85.9,-0.065672,-0.076110,-0.071163,1.0,-1.0
86.0,0.024117,0.033371,0.034851,1.0,-1.0
86.1,0.096826,0.113572,0.112963,1.0,-1.0
86.2,0.068934,0.076210,0.066549,1.0,-1.0
86.3,0.071381,0.082680,0.084238,1.0,-1.0
86.4,-0.047322,-0.053473,-0.063064,1.0,-1.0
86.5,0.065369,0.094151,0.086842,1.0,-1.0
86.6,0.003521,-0.002186,0.001366,1.0,-1.0
86.7,-0.005038,-0.004079,-0.004836,1.0,-1.0
86.8,-0.127684,-0.109089,-0.113965,1.0,-1.0
86.9,0.007484,-0.006838,-0.008128,1.0,-1.0
87.0,-0.009211,-0.006380,-0.009233,1.0,-1.0
87.1,0.117023,0.130306,0.122707,1.0,-1.0
87.2,-0.086298,-0.086658,-0.087688,1.0,-1.0
87.3,0.055502,0.034256,0.027471,1.0,-1.0
87.4,-0.054256,-0.048569,-0.046374,1.0,-1.0
87.5,0.086897,0.095582,0.091940,1.0,-1.0
87.6,-0.099475,-0.101881,-0.113962,1.0,-1.0
87.7,0.003611,0.000265,-0.003483,1.0,-1.0
87.8,-0.080009,-0.102132,-0.094515,1.0,-1.0
87.9,0.027356,0.043350,0.039338,1.0,-1.0
88.0,0.004185,-0.009160,-0.015025,1.0,-1.0
88.1,0.037409,0.034591,0.033976,1.0,-1.0
88.2,-0.042271,-0.068118,-0.068971,1.0,-1.0
88.3,0.061110,0.050336,0.043073,1.0,-1.0
88.4,-0.034092,-0.018364,-0.017042,1.0,-1.0
88.5,0.030516,0.065400,0.073018,1.0,-1.0
88.6,-0.055019,-0.047281,-0.045605,1.0,-1.0
88.7,0.014464,-0.010933,-0.015830,1.0,-1.0
88.8,-0.022370,-0.015598,-0.027167,1.0,-1.0
88.9,-0.019149,-0.012619,-0.012124,1.0,-1.0
89.0,-0.038256,-0.042743,-0.055976,1.0,-1.0
89.1,0.041371,0.030372,0.040456,1.0,-1.0
89.2,0.030035,0.017136,0.017111,1.0,-1.0
89.3,-0.044305,-0.052942,-0.049586,1.0,-1.0
89.4,0.040248,0.059488,0.059075,1.0,-1.0
89.5,0.042609,0.072679,0.073850,1.0,-1.0
89.6,0.118066,0.125205,0.139704,1.0,-1.0
89.7,0.008617,0.022526,0.022912,1.0,-1.0
89.8,-0.038894,-0.028762,-0.027473,1.0,-1.0
89.9,0.014021,-0.013727,-0.017725,1.0,-1.0
90.0,0.051780,0.066067,0.075869,1.0,-1.0
90.1,-0.083418,-0.063857,-0.075185,1.0,-1.0
90.2,-0.027583,-0.025238,-0.024213,1.0,-1.0
90.3,-0.183933,-0.192603,-0.188172,1.0,-1.0
90.4,0.124133,0.146364,0.141832,1.0,-1.0
90.5,0.026432,0.038057,0.047176,1.0,-1.0
90.6,0.033347,0.065750,0.069499,1.0,-1.0
90.7,-0.028148,-0.064906,-0.071112,1.0,-1.0
90.8,0.049183,0.052315,0.049401,1.0,-1.0
90.9,0.021211,0.031141,0.027342,1.0,-1.0
91.0,0.020025,0.003887,0.000592,1.0,-1.0
91.1,-0.158075,-0.176491,-0.178476,1.0,-1.0
91.2,-0.002415,-0.016292,-0.025641,1.0,-1.0
91.3,-0.033560,-0.027135,-0.015413,1.0,-1.0
91.4,0.043200,0.038526,0.036114,1.0,-1.0
91.5,-0.023177,-0.034917,-0.023900,1.0,-1.0
91.6,-0.019196,-0.020485,-0.017655,1.0,-1.0
91.7,0.050985,0.058844,0.065866,1.0,-1.0
91.8,0.016371,0.012756,0.006993,1.0,-1.0
91.9,0.032553,0.028403,0.021380,1.0,-1.0
92.0,0.002762,0.038572,0.012330,1.0,-1.0
92.1,0.009891,-0.003497,-0.004449,1.0,-1.0
92.2,-0.002175,-0.012080,-0.024466,1.0,-1.0
92.3,0.044841,0.020106,0.020374,1.0,-1.0
92.4,-0.048430,-0.032413,-0.037489,1.0,-1.0
92.5,0.054922,0.069638,0.061120,1.0,-1.0
92.6,-0.044642,-0.032603,-0.013699,1.0,-1.0
92.7,-0.036940,-0.039154,-0.037517,1.0,-1.0
92.8,-0.074757,-0.090449,-0.092983,1.0,-1.0
92.9,-0.006928,-0.024130,-0.012555,1.0,-1.0
93.0,-0.011226,-0.033558,-0.038735,1.0,-1.0
93.1,0.050206,0.051672,0.061328,1.0,-1.0
93.2,-0.038767,-0.051979,-0.050464,1.0,-1.0
93.3,0.120772,0.121912,0.135137,1.0,-1.0
93.4,0.016279,0.021002,0.029045,1.0,-1.0
93.5,0.101118,0.110948,0.115856,1.0,-1.0
93.6,-0.040021,-0.020150,-0.023027,1.0,-1.0
93.7,-0.068154,-0.085117,-0.073038,1.0,-1.0
93.8,-0.050857,-0.033351,-0.032868,1.0,-1.0
93.9,0.008135,-0.009746,-0.013694,1.0,-1.0
94.0,-0.077785,-0.076901,-0.071143,1.0,-1.0
94.1,0.053553,0.039094,0.034584,1.0,-1.0
94.2,-0.059486,-0.053317,-0.049238,1.0,-1.0
94.3,0.106079,0.078059,0.075973,1.0,-1.0
94.4,0.034283,0.011740,0.017447,1.0,-1.0
94.5,-0.012733,0.001811,0.007469,1.0,-1.0
94.6,-0.023134,-0.005647,-0.003733,1.0,-1.0
94.7,-0.017427,-0.035557,-0.034524,1.0,-1.0
94.8,0.053003,0.064483,0.070607,1.0,-1.0
94.9,-0.011723,-0.021545,-0.014586,1.0,-1.0
95.0,0.001627,0.015213,0.009347,1.0,-1.0
95.1,-0.050698,-0.071157,-0.061303,1.0,-1.0
95.2,0.079719,0.066037,0.067439,1.0,-1.0
95.3,0.000218,-0.002611,0.000749,1.0,-1.0
95.4,0.028696,0.032642,0.033880,1.0,-1.0
95.5,-0.129763,-0.134808,-0.137218,1.0,-1.0
95.6,0.017446,0.029566,0.028177,1.0,-1.0
95.7,0.017075,0.022022,0.030614,1.0,-1.0
95.8,0.054988,0.065090,0.064470,1.0,-1.0
95.9,-0.107953,-0.133030,-0.124402,1.0,-1.0
96.0,-0.017343,-0.027590,-0.027817,1.0,-1.0
96.1,-0.052119,-0.043137,-0.059429,1.0,-1.0
96.2,0.012566,0.012869,0.008308,1.0,-1.0
96.3,0.005910,0.016681,0.009342,1.0,-1.0
96.4,-0.041714,-0.046838,-0.049756,1.0,-1.0
96.5,0.022380,-0.011520,-0.013232,1.0,-1.0
96.6,0.059598,0.080930,0.074023,1.0,-1.0
96.7,0.031914,0.032120,0.039118,1.0,-1.0
96.8,0.055465,0.050623,0.054686,1.0,-1.0
96.9,0.015635,-0.019689,-0.025946,1.0,-1.0
97.0,0.070186,0.071111,0.066886,1.0,-1.0
97.1,-0.019733,-0.011687,-0.014674,1.0,-1.0
97.2,-0.006796,0.009350,0.004835,1.0,-1.0
97.3,-0.068871,-0.090656,-0.088831,1.0,-1.0
97.4,-0.005540,-0.031012,-0.025569,1.0,-1.0
97.5,-0.025485,-0.034908,-0.038535,1.0,-1.0
97.6,-0.067032,-0.087846,-0.096560,1.0,-1.0
97.7,0.009327,0.003674,0.014124,1.0,-1.0
97.8,0.069373,0.054044,0.041589,1.0,-1.0
97.9,0.090822,0.084071,0.083055,1.0,-1.0
98.0,-0.058717,-0.061581,-0.050765,1.0,-1.0
98.1,0.020367,0.002099,0.007217,1.0,-1.0
98.2,0.009064,0.013010,0.011867,1.0,-1.0
98.3,0.098155,0.105716,0.104883,1.0,-1.0
98.4,-0.064358,-0.039020,-0.029529,1.0,-1.0
98.5,-0.038382,-0.026231,-0.029901,1.0,-1.0
98.6,-0.092607,-0.070903,-0.080962,1.0,-1.0
98.7,0.101110,0.089728,0.078488,1.0,-1.0
98.8,-0.065910,-0.058067,-0.058691,1.0,-1.0
98.9,-0.028551,-0.031354,-0.043502,1.0,-1.0
99.0,-0.167654,-0.174000,-0.159888,1.0,-1.0
99.1,0.091733,0.092321,0.095250,1.0,-1.0
99.2,0.071879,0.082797,0.070404,1.0,-1.0
99.3,0.023889,0.027431,0.017494,1.0,-1.0
99.4,-0.015605,-0.024925,-0.020401,1.0,-1.0
99.5,0.016848,0.009558,0.020568,1.0,-1.0
99.6,0.011568,0.017362,0.008226,1.0,-1.0
99.7,0.051650,0.058050,0.059154,1.0,-1.0
99.8,-0.152817,-0.171261,-0.160125,1.0,-1.0
99.9,0.009373,0.011921,0.025380,1.0,-1.0
100.0,0.024173,0.038473,0.039809,1.0,-1.0
100.1,0.039112,0.043651,0.046751,1.0,-1.0
100.2,0.057837,0.100896,0.094932,1.0,-1.0
100.3,0.006774,0.002805,0.007310,1.0,-1.0
100.4,0.023148,0.025532,0.014897,1.0,-1.0
100.5,0.028566,0.058078,0.053284,1.0,-1.0
100.6,0.006233,0.021042,0.023581,1.0,-1.0
100.7,-0.093832,-0.087709,-0.077528,1.0,-1.0
100.8,-0.016185,-0.011935,-0.009254,1.0,-1.0
100.9,-0.049160,-0.062647,-0.065225,1.0,-1.0
101.0,0.084120,0.100638,0.096966,1.0,-1.0
101.1,-0.065086,-0.049837,-0.041950,1.0,-1.0
101.2,0.016403,0.010532,0.002848,1.0,-1.0
101.3,-0.025760,-0.043696,-0.044602,1.0,-1.0
101.4,0.058310,0.049984,0.050812,1.0,-1.0
101.5,-0.043630,-0.067467,-0.064199,1.0,-1.0
101.6,0.051797,0.025494,0.029576,1.0,-1.0
101.7,-0.030013,-0.040931,-0.043337,1.0,-1.0
101.8,0.084838,0.078981,0.068978,1.0,-1.0
101.9,-0.042520,-0.037756,-0.036790,1.0,-1.0
102.0,0.005173,-0.000283,0.008313,1.0,-1.0
102.1,0.024614,0.018573,0.026234,1.0,-1.0
102.2,0.014500,0.009631,0.003147,1.0,-1.0
102.3,-0.014125,-0.000597,0.006173,1.0,-1.0
102.4,-0.107670,-0.130230,-0.130538,1.0,-1.0
102.5,-0.038852,-0.035041,-0.034875,1.0,-1.0
102.6,0.045731,0.060735,0.071852,1.0,-1.0
102.7,0.050471,0.053637,0.050961,1.0,-1.0
102.8,0.008963,0.009283,0.006366,1.0,-1.0
102.9,0.012003,-0.037958,-0.029515,1.0,-1.0
103.0,0.029777,0.014319,0.010822,1.0,-1.0
103.1,0.074180,0.060984,0.057101,1.0,-1.0
103.2,-0.105318,-0.089802,-0.090547,1.0,-1.0
103.3,-0.065896,-0.047991,-0.050396,1.0,-1.0
103.4,-0.059183,-0.087191,-0.073499,1.0,-1.0
103.5,0.072643,0.055817,0.061421,1.0,-1.0
103.6,-0.027109,-0.038619,-0.041104,1.0,-1.0
103.7,0.068892,0.052150,0.051801,1.0,-1.0
103.8,-0.080208,-0.089637,-0.086861,1.0,-1.0
103.9,0.119015,0.127986,0.124952,1.0,-1.0
104.0,-0.041012,-0.033454,-0.027866,1.0,-1.0
104.1,0.028488,0.026203,0.017408,1.0,-1.0
104.2,-0.108625,-0.137036,-0.133547,1.0,-1.0
104.3,-0.017880,-0.004635,-0.004171,1.0,-1.0
104.4,-0.005340,0.007466,0.003613,1.0,-1.0
104.5,0.127566,0.124734,0.122797,1.0,-1.0
104.6,-0.066859,-0.052749,-0.046783,1.0,-1.0
104.7,0.009957,0.008132,0.008793,1.0,-1.0
104.8,-0.057013,-0.073960,-0.073540,1.0,-1.0
104.9,0.043454,0.043428,0.051109,1.0,-1.0
105.0,0.042902,0.041676,0.035741,1.0,-1.0
105.1,-0.043967,-0.049497,-0.035598,1.0,-1.0
105.2,0.030395,0.018316,0.006234,1.0,-1.0
105.3,0.065710,0.076834,0.085053,1.0,-1.0
105.4,0.044933,0.024625,0.022709,1.0,-1.0
105.5,0.038715,0.043489,0.046297,1.0,-1.0
105.6,-0.057723,-0.087338,-0.087662,1.0,-1.0
105.7,0.042165,0.046625,0.051618,1.0,-1.0
105.8,-0.041857,-0.049426,-0.042994,1.0,-1.0
105.9,-0.093662,-0.085491,-0.094890,1.0,-1.0
106.0,-0.059512,-0.084465,-0.090282,1.0,-1.0
106.1,-0.008771,0.003541,-0.008360,1.0,-1.0
106.2,0.036971,0.072085,0.081716,1.0,-1.0
106.3,-0.010870,-0.008997,-0.013454,1.0,-1.0
106.4,-0.014678,-0.044669,-0.044834,1.0,-1.0
106.5,0.036473,0.035585,0.037303,1.0,-1.0
106.6,0.114251,0.089276,0.084974,1.0,-1.0
106.7,-0.060369,-0.088279,-0.089285,1.0,-1.0
106.8,0.010266,0.004616,0.000312,1.0,-1.0
106.9,-0.075709,-0.075167,-0.074198,1.0,-1.0
107.0,0.028802,0.045989,0.050293,1.0,-1.0
107.1,-0.064174,-0.063397,-0.067814,1.0,-1.0
107.2,0.022673,0.002113,-0.008183,1.0,-1.0
107.3,-0.049260,-0.034124,-0.034607,1.0,-1.0
107.4,0.156462,0.134715,0.135297,1.0,-1.0
107.5,-0.035183,-0.035918,-0.027633,1.0,-1.0
107.6,0.035038,0.017660,0.025799,1.0,-1.0
107.7,-0.100535,-0.101351,-0.101233,1.0,-1.0
107.8,0.015664,0.012113,-0.005490,1.0,-1.0
107.9,0.051240,0.048343,0.048607,1.0,-1.0
108.0,-0.008899,0.010206,0.010937,1.0,-1.0
108.1,-0.048924,-0.080961,-0.078677,1.0,-1.0
108.2,-0.023967,-0.007554,-0.023659,1.0,-1.0
108.3,0.016255,-0.016220,-0.011866,1.0,-1.0
108.4,0.070623,0.084322,0.077656,1.0,-1.0
108.5,-0.011355,0.009692,-0.000714,1.0,-1.0
108.6,-0.021545,-0.034084,-0.034138,1.0,-1.0
108.7,0.029490,0.051484,0.054275,1.0,-1.0
108.8,0.032049,0.060019,0.057654,1.0,-1.0
108.9,0.090518,0.070848,0.071249,1.0,-1.0
109.0,-0.095442,-0.078142,-0.076196,1.0,-1.0
109.1,0.015557,0.026870,0.024627,1.0,-1.0
109.2,-0.073597,-0.067501,-0.083710,1.0,-1.0
109.3,-0.014046,-0.006846,-0.016936,1.0,-1.0
109.4,-0.094575,-0.082478,-0.089213,1.0,-1.0
109.5,-0.017063,-0.020294,-0.023356,1.0,-1.0
109.6,0.017427,0.014606,0.019992,1.0,-1.0
109.7,0.100063,0.071994,0.078835,1.0,-1.0
109.8,-0.067631,-0.057242,-0.048487,1.0,-1.0
109.9,0.091742,0.099275,0.095872,1.0,-1.0
110.0,0.024072,0.019886,0.030939,1.0,-1.0
110.1,0.115459,0.117169,0.116182,1.0,-1.0
110.2,-0.094065,-0.089632,-0.098386,1.0,-1.0
110.3,0.026197,0.022302,0.025203,1.0,-1.0
110.4,-0.056441,-0.060203,-0.055024,1.0,-1.0
110.5,0.044489,0.021074,0.018659,1.0,-1.0
110.6,-0.067298,-0.083829,-0.081710,1.0,-1.0
110.7,-0.048745,-0.041715,-0.044768,1.0,-1.0
110.8,0.002656,-0.006429,-0.007344,1.0,-1.0
110.9,0.009450,0.019033,0.027983,1.0,-1.0
111.0,-0.000115,-0.005452,-0.005618,1.0,-1.0
111.1,0.023949,0.026636,0.021764,1.0,-1.0
111.2,-0.011496,-0.018462,-0.013168,1.0,-1.0
111.3,0.071204,0.063190,0.055499,1.0,-1.0
111.4,0.040227,0.051489,0.044648,1.0,-1.0
111.5,-0.075391,-0.089688,-0.094184,1.0,-1.0
111.6,0.032445,0.027581,0.022700,1.0,-1.0
111.7,-0.052634,-0.060326,-0.063867,1.0,-1.0
111.8,0.014491,0.018829,0.011892,1.0,-1.0
111.9,-0.077229,-0.098871,-0.095374,1.0,-1.0
112.0,-0.034825,-0.044945,-0.050247,1.0,-1.0
112.1,-0.050231,-0.050999,-0.047020,1.0,-1.0
112.2,0.106096,0.110379,0.111552,1.0,-1.0
112.3,-0.006444,0.000374,-0.012490,1.0,-1.0
112.4,0.095771,0.081541,0.071307,1.0,-1.0
112.5,0.026380,0.015688,0.027115,1.0,-1.0
112.6,0.028842,0.035728,0.035524,1.0,-1.0
112.7,-0.019622,-0.043697,-0.048291,1.0,-1.0
112.8,-0.003502,0.010634,0.009978,1.0,-1.0
112.9,-0.129625,-0.146337,-0.148074,1.0,-1.0
113.0,-0.005204,-0.027516,-0.039660,1.0,-1.0
113.1,-0.022960,-0.006785,-0.013920,1.0,-1.0
113.2,0.069565,0.071513,0.067802,1.0,-1.0
113.3,-0.022968,-0.014360,-0.014086,1.0,-1.0
113.4,0.020927,0.032826,0.033260,1.0,-1.0
113.5,0.041772,0.038077,0.041067,1.0,-1.0
113.6,0.053774,0.028378,0.024150,1.0,-1.0
113.7,-0.016760,-0.044301,-0.036136,1.0,-1.0
113.8,-0.023452,-0.041384,-0.033763,1.0,-1.0
113.9,-0.046049,-0.031883,-0.026881,1.0,-1.0
114.0,0.069404,0.054782,0.049567,1.0,-1.0
114.1,-0.015819,-0.003069,-0.013170,1.0,-1.0
114.2,0.002544,0.004070,0.017021,1.0,-1.0
114.3,-0.059496,-0.066888,-0.055417,1.0,-1.0
114.4,-0.025036,-0.008469,-0.005796,1.0,-1.0
114.5,0.030457,0.007073,0.006285,1.0,-1.0
114.6,-0.040249,-0.031020,-0.040636,1.0,-1.0
114.7,0.000890,0.027680,0.028135,1.0,-1.0
114.8,-0.041019,-0.039628,-0.045007,1.0,-1.0
114.9,0.054920,0.070080,0.069202,1.0,-1.0
115.0,-0.002030,-0.024039,-0.030618,1.0,-1.0
115.1,0.068548,0.079787,0.089681,1.0,-1.0
115.2,-0.039342,-0.048201,-0.053236,1.0,-1.0
115.3,0.122988,0.143312,0.137298,1.0,-1.0
115.4,-0.128296,-0.108701,-0.112304,1.0,-1.0
115.5,0.002140,0.004673,0.013808,1.0,-1.0
115.6,-0.022204,-0.032034,-0.034305,1.0,-1.0
115.7,0.056098,0.053021,0.053784,1.0,-1.0
115.8,-0.014843,-0.010487,-0.005656,1.0,-1.0
115.9,0.018487,0.004487,0.007030,1.0,-1.0
116.0,-0.090107,-0.091453,-0.087754,1.0,-1.0
116.1,0.133753,0.153238,0.145075,1.0,-1.0
116.2,-0.003221,0.018062,0.019686,1.0,-1.0
116.3,-0.043024,-0.062693,-0.057707,1.0,-1.0
116.4,-0.074289,-0.059341,-0.057997,1.0,-1.0
116.5,-0.053751,-0.083107,-0.085867,1.0,-1.0
116.6,0.043589,0.064175,0.061253,1.0,-1.0
116.7,0.004022,-0.006752,-0.011082,1.0,-1.0
116.8,-0.019974,-0.006817,-0.013845,1.0,-1.0
116.9,0.035696,0.033570,0.033363,1.0,-1.0
117.0,0.083228,0.070079,0.060178,1.0,-1.0
117.1,0.008539,0.005857,0.014014,1.0,-1.0
117.2,-0.035752,-0.045857,-0.041684,1.0,-1.0
117.3,-0.076466,-0.068427,-0.077965,1.0,-1.0
117.4,0.093810,0.064200,0.080489,1.0,-1.0
117.5,-0.003501,-0.002225,-0.002389,1.0,-1.0
117.6,0.026272,0.039627,0.041768,1.0,-1.0
117.7,-0.094008,-0.053361,-0.052154,1.0,-1.0
117.8,0.028729,0.051864,0.050501,1.0,-1.0
117.9,0.002290,0.002527,0.014213,1.0,-1.0
118.0,0.026377,0.034085,0.044413,1.0,-1.0
118.1,-0.095527,-0.081365,-0.083101,1.0,-1.0
118.2,-0.008507,-0.006231,0.003116,1.0,-1.0
118.3,0.050847,0.089462,0.093264,1.0,-1.0
118.4,0.096292,0.107301,0.110604,1.0,-1.0
118.5,0.022056,0.007258,-0.003500,1.0,-1.0
118.6,0.028753,0.023032,0.019365,1.0,-1.0
118.7,-0.001597,-0.007339,-0.011084,1.0,-1.0
118.8,-0.005670,-0.016833,-0.020725,1.0,-1.0
118.9,-0.087874,-0.074360,-0.071259,1.0,-1.0
119.0,-0.068568,-0.099437,-0.105493,1.0,-1.0
119.1,-0.022223,-0.003170,-0.012190,1.0,-1.0
119.2,0.032093,0.027020,0.030376,1.0,-1.0
119.3,-0.003653,-0.006265,-0.004685,1.0,-1.0
119.4,-0.036701,-0.047631,-0.048762,1.0,-1.0
119.5,0.053984,0.023647,0.021710,1.0,-1.0
119.6,0.062603,0.065369,0.062794,1.0,-1.0
119.7,0.011704,0.035208,0.035156,1.0,-1.0
119.8,-0.033366,-0.041126,-0.048898,1.0,-1.0
119.9,-0.075521,-0.048408,-0.048270,1.0,-1.0
120.0,0.014778,0.010007,0.014104,1.0,-1.0
120.1,0.036776,0.030488,0.034156,1.0,-1.0
120.2,-0.064940,-0.032973,-0.034751,1.0,-1.0
120.3,0.024278,0.018590,0.006933,1.0,-1.0
120.4,-0.021174,-0.021069,-0.011189,1.0,-1.0
120.5,0.083683,0.060877,0.064614,1.0,-1.0
120.6,-0.081539,-0.108916,-0.107046,1.0,-1.0
120.7,0.042764,0.024821,0.023169,1.0,-1.0
120.8,-0.007591,-0.025321,-0.024042,1.0,-1.0
120.9,0.118269,0.119529,0.110543,1.0,-1.0
121.0,-0.007933,-0.023337,-0.031342,1.0,-1.0
121.1,0.005979,0.009105,0.006255,1.0,-1.0
121.2,-0.079759,-0.119926,-0.120765,1.0,-1.0
121.3,0.039950,0.051205,0.049177,1.0,-1.0
121.4,-0.020798,-0.021458,-0.010869,1.0,-1.0
121.5,0.025216,-0.000394,0.007318,1.0,-1.0
121.6,-0.133474,-0.123582,-0.136039,1.0,-1.0
121.7,-0.012677,-0.006887,-0.013304,1.0,-1.0
121.8,0.029470,0.022355,0.030885,1.0,-1.0
121.9,0.078259,0.078332,0.072526,1.0,-1.0
122.0,0.064039,0.041822,0.047033,1.0,-1.0
122.1,-0.047647,-0.038591,-0.041337,1.0,-1.0
122.2,0.034931,0.045819,0.049309,1.0,-1.0
122.3,0.009873,0.029387,0.045251,1.0,-1.0
122.4,-0.051932,-0.069389,-0.066281,1.0,-1.0
122.5,-0.022195,-0.033994,-0.027267,1.0,-1.0
122.6,-0.031912,-0.011660,-0.007577,1.0,-1.0
122.7,0.029049,0.005278,0.009526,1.0,-1.0
122.8,0.032902,0.022277,0.023561,1.0,-1.0
122.9,-0.057894,-0.062828,-0.060396,1.0,-1.0
123.0,0.018094,0.018365,0.003817,1.0,-1.0
123.1,0.008924,0.005327,0.006221,1.0,-1.0
123.2,0.083696,0.091548,0.082116,1.0,-1.0
123.3,-0.072889,-0.075808,-0.074380,1.0,-1.0
123.4,-0.028373,-0.008922,-0.009932,1.0,-1.0
123.5,-0.075169,-0.088910,-0.090710,1.0,-1.0
123.6,0.138296,0.123226,0.119989,1.0,-1.0
123.7,-0.073821,-0.063931,-0.067707,1.0,-1.0
123.8,0.046799,0.063383,0.065962,1.0,-1.0
123.9,-0.075407,-0.039482,-0.030561,1.0,-1.0
124.0,0.038825,0.048027,0.044723,1.0,-1.0
124.1,-0.038680,-0.044350,-0.048450,1.0,-1.0
124.2,0.026935,0.022586,0.025073,1.0,-1.0
124.3,0.000924,-0.009018,-0.003820,1.0,-1.0
124.4,0.099311,0.110239,0.111141,1.0,-1.0
124.5,-0.040998,-0.040155,-0.049636,1.0,-1.0
124.6,-0.009288,-0.034170,-0.033507,1.0,-1.0
124.7,-0.034192,-0.047264,-0.046779,1.0,-1.0
124.8,0.021213,0.011849,0.022668,1.0,-1.0
124.9,0.058772,0.055481,0.057996,1.0,-1.0
125.0,-0.137170,-0.152731,-0.159592,1.0,-1.0
125.1,-0.059975,-0.072706,-0.072700,1.0,-1.0
125.2,-0.056349,-0.038370,-0.036895,1.0,-1.0
125.3,0.139951,0.166614,0.163761,1.0,-1.0
125.4,0.104929,0.078177,0.080380,1.0,-1.0
125.5,-0.025345,-0.027721,-0.021435,1.0,-1.0
125.6,-0.014311,-0.016791,-0.016176,1.0,-1.0
125.7,0.117502,0.109122,0.106173,1.0,-1.0
125.8,0.029645,0.038860,0.042456,1.0,-1.0
125.9,-0.002134,0.022143,0.027622,1.0,-1.0
126.0,-0.132983,-0.119988,-0.116614,1.0,-1.0
126.1,0.016559,0.024824,0.017837,1.0,-1.0
126.2,-0.007047,-0.002213,0.004405,1.0,-1.0
126.3,-0.009975,-0.010574,-0.016683,1.0,-1.0
126.4,-0.100510,-0.121674,-0.124661,1.0,-1.0
126.5,0.025501,0.007353,0.007355,1.0,-1.0
126.6,0.044587,0.041718,0.040907,1.0,-1.0
126.7,0.095718,0.108129,0.105184,1.0,-1.0
126.8,-0.117855,-0.133373,-0.132011,1.0,-1.0
126.9,-0.041196,-0.041902,-0.042692,1.0,-1.0
127.0,0.002742,-0.007415,-0.020694,1.0,-1.0
127.1,0.088143,0.088110,0.094958,1.0,-1.0
127.2,0.010974,0.000806,0.004938,1.0,-1.0
127.3,-0.015040,-0.009762,-0.022438,1.0,-1.0
127.4,-0.077987,-0.086499,-0.078912,1.0,-1.0
127.5,0.037064,0.044703,0.033368,1.0,-1.0
127.6,-0.033517,-0.011557,-0.007989,1.0,-1.0
127.7,-0.018689,-0.017792,-0.024490,1.0,-1.0
127.8,0.048478,0.077332,0.092001,1.0,-1.0
127.9,-0.031285,-0.044891,-0.041881,1.0,-1.0
128.0,0.039151,0.035209,0.032407,1.0,-1.0
128.1,-0.036388,-0.025567,-0.025964,1.0,-1.0
128.2,0.065712,0.024857,0.023616,1.0,-1.0
128.3,0.020414,-0.012276,-0.012212,1.0,-1.0
128.4,0.012039,0.053943,0.040281,1.0,-1.0
128.5,-0.088603,-0.051767,-0.044537,1.0,-1.0
128.6,-0.022750,-0.029180,-0.029514,1.0,-1.0
128.7,-0.033354,-0.027856,-0.027730,1.0,-1.0
128.8,0.139199,0.130737,0.124932,1.0,-1.0
128.9,-0.028638,-0.033097,-0.023444,1.0,-1.0
129.0,0.047058,0.008648,0.008695,1.0,-1.0
129.1,-0.049869,-0.042110,-0.035999,1.0,-1.0
129.2,0.107225,0.121254,0.126987,1.0,-1.0
129.3,-0.036397,-0.016151,-0.019872,1.0,-1.0
129.4,0.034658,0.025267,0.025237,1.0,-1.0
129.5,-0.087173,-0.100076,-0.093103,1.0,-1.0
129.6,0.048705,0.059053,0.057517,1.0,-1.0
129.7,-0.055058,-0.065562,-0.058804,1.0,-1.0
129.8,-0.024550,-0.038003,-0.032637,1.0,-1.0
129.9,-0.125932,-0.148500,-0.147853,1.0,-1.0
130.0,0.092473,0.071682,0.066028,1.0,-1.0
130.1,-0.015508,-0.001858,0.002373,1.0,-1.0
130.2,0.066450,0.050896,0.060114,1.0,-1.0
130.3,-0.084759,-0.083605,-0.089531,1.0,-1.0
130.4,0.016529,0.027901,0.031597,1.0,-1.0
130.5,0.105306,0.132077,0.127784,1.0,-1.0
130.6,0.089449,0.098998,0.095807,1.0,-1.0
130.7,-0.007610,-0.000631,0.001255,1.0,-1.0
130.8,-0.098553,-0.106274,-0.104156,1.0,-1.0
130.9,-0.055362,-0.063119,-0.057736,1.0,-1.0
131.0,-0.003340,-0.006739,-0.009689,1.0,-1.0
131.1,0.011514,0.000110,0.003842,1.0,-1.0
131.2,-0.041286,-0.026671,-0.032931,1.0,-1.0
131.3,-0.045519,-0.068034,-0.065440,1.0,-1.0
131.4,-0.015879,-0.016627,-0.010695,1.0,-1.0
131.5,0.109831,0.119252,0.121693,1.0,-1.0
131.6,0.016871,0.019148,0.013455,1.0,-1.0
131.7,0.093016,0.078510,0.080127,1.0,-1.0
131.8,-0.069798,-0.073220,-0.069067,1.0,-1.0
131.9,0.029717,-0.001097,0.000280,1.0,-1.0
132.0,-0.090871,-0.072997,-0.082627,1.0,-1.0
132.1,-0.053282,-0.057082,-0.045206,1.0,-1.0
132.2,-0.075173,-0.081714,-0.077015,1.0,-1.0
132.3,0.094450,0.076711,0.091823,1.0,-1.0
132.4,-0.004774,-0.001174,-0.006850,1.0,-1.0
132.5,0.063513,0.079231,0.080193,1.0,-1.0
132.6,-0.022407,0.016326,0.017404,1.0,-1.0
132.7,0.062819,0.073031,0.071575,1.0,-1.0
132.8,0.020867,0.017144,0.011146,1.0,-1.0
132.9,0.010761,0.022101,0.026210,1.0,-1.0
133.0,-0.060025,-0.041205,-0.038587,1.0,-1.0
133.1,0.024312,0.023300,0.023731,1.0,-1.0
133.2,0.006832,0.000372,0.005742,1.0,-1.0
133.3,-0.022132,-0.018588,-0.028592,1.0,-1.0
133.4,0.011840,-0.001787,0.002397,1.0,-1.0
133.5,-0.045063,-0.047871,-0.043418,1.0,-1.0
133.6,0.110317,0.099669,0.109511,1.0,-1.0
133.7,-0.085282,-0.087315,-0.089401,1.0,-1.0
133.8,-0.066060,-0.074108,-0.079600,1.0,-1.0
133.9,-0.022481,-0.036863,-0.038754,1.0,-1.0
134.0,0.133806,0.136251,0.139369,1.0,-1.0
134.1,0.054714,0.024812,0.031079,1.0,-1.0
134.2,0.023201,0.031539,0.038383,1.0,-1.0
134.3,-0.131288,-0.118010,-0.128413,1.0,-1.0
134.4,0.074446,0.077484,0.078500,1.0,-1.0
134.5,-0.006686,-0.002327,0.003822,1.0,-1.0
134.6,-0.023731,-0.018489,-0.012789,1.0,-1.0
134.7,-0.138932,-0.148162,-0.143663,1.0,-1.0
134.8,0.000626,0.020214,0.013527,1.0,-1.0
134.9,-0.025331,-0.003133,-0.006167,1.0,-1.0
135.0,0.073702,0.049250,0.046999,1.0,-1.0
135.1,-0.014052,-0.004150,0.006109,1.0,-1.0
135.2,0.012674,0.019104,0.025033,1.0,-1.0
135.3,0.026227,0.030324,0.030333,1.0,-1.0
135.4,0.041722,0.052752,0.046431,1.0,-1.0
135.5,-0.101836,-0.116429,-0.121651,1.0,-1.0
135.6,-0.021805,-0.045399,-0.053621,1.0,-1.0
135.7,-0.018846,-0.018599,-0.021687,1.0,-1.0
135.8,0.112961,0.117819,0.127481,1.0,-1.0
135.9,-0.017089,-0.030556,-0.035544,1.0,-1.0
136.0,0.041688,0.062740,0.044458,1.0,-1.0
136.1,-0.015302,-0.028051,-0.025272,1.0,-1.0
136.2,0.088434,0.087190,0.085420,1.0,-1.0
136.3,0.012381,0.005690,-0.000661,1.0,-1.0
136.4,-0.014259,-0.008444,-0.015040,1.0,-1.0
136.5,-0.020074,-0.029579,-0.019585,1.0,-1.0
136.6,-0.051820,-0.055435,-0.057935,1.0,-1.0
136.7,-0.011808,0.002101,-0.006756,1.0,-1.0
136.8,-0.010647,-0.008411,-0.004421,1.0,-1.0
136.9,0.030690,0.052610,0.056817,1.0,-1.0
137.0,-0.019240,0.002305,0.007114,1.0,-1.0
137.1,-0.012477,-0.006812,-0.012957,1.0,-1.0
137.2,-0.101804,-0.133104,-0.124557,1.0,-1.0
137.3,0.058478,0.034485,0.018016,1.0,-1.0
137.4,0.006342,0.001862,-0.011386,1.0,-1.0
137.5,0.143758,0.132641,0.139033,1.0,-1.0
137.6,0.003881,-0.006998,-0.019037,1.0,-1.0
137.7,-0.012250,-0.028965,-0.019867,1.0,-1.0
137.8,-0.047765,-0.043018,-0.042387,1.0,-1.0
137.9,0.072268,0.072158,0.067919,1.0,-1.0
138.0,-0.083334,-0.110676,-0.117124,1.0,-1.0
138.1,-0.053098,-0.059271,-0.061719,1.0,-1.0
138.2,-0.075523,-0.062006,-0.057959,1.0,-1.0
138.3,-0.029652,-0.022388,-0.029506,1.0,-1.0
138.4,0.035692,0.041038,0.049987,1.0,-1.0
138.5,0.003688,-0.013302,-0.006347,1.0,-1.0
138.6,-0.006444,-0.028509,-0.020409,1.0,-1.0
138.7,0.074721,0.072699,0.068205,1.0,-1.0
138.8,0.026412,0.016413,0.026078,1.0,-1.0
138.9,0.045895,0.046378,0.037905,1.0,-1.0
139.0,-0.019609,-0.027576,-0.022917,1.0,-1.0
139.1,-0.008165,-0.016533,-0.013417,1.0,-1.0
139.2,0.077091,0.105430,0.117281,1.0,-1.0
139.3,-0.019289,-0.013188,-0.010189,1.0,-1.0
139.4,-0.010250,-0.009487,-0.015227,1.0,-1.0
139.5,-0.119322,-0.136480,-0.129447,1.0,-1.0
139.6,-0.013295,-0.008514,-0.013579,1.0,-1.0
139.7,0.007749,0.049666,0.047033,1.0,-1.0
139.8,0.023894,0.040376,0.024014,1.0,-1.0
139.9,-0.054944,-0.048842,-0.048640,1.0,-1.0
140.0,0.034181,0.041900,0.045130,1.0,-1.0
140.1,-0.048883,-0.047362,-0.046266,1.0,-1.0
140.2,0.124091,0.108077,0.107250,1.0,-1.0
140.3,-0.035382,-0.042069,-0.040496,1.0,-1.0
140.4,0.088208,0.085632,0.096837,1.0,-1.0
140.5,-0.116841,-0.116338,-0.116691,1.0,-1.0
140.6,0.049380,0.014697,0.023490,1.0,-1.0
140.7,-0.035128,-0.039309,-0.039619,1.0,-1.0
140.8,0.029049,0.043093,0.042572,1.0,-1.0
140.9,-0.044223,-0.057827,-0.059954,1.0,-1.0
141.0,0.064336,0.070554,0.069317,1.0,-1.0
141.1,-0.004231,-0.013867,-0.006644,1.0,-1.0
141.2,0.042346,0.047997,0.043868,1.0,-1.0
141.3,-0.022874,-0.000490,0.001830,1.0,-1.0
141.4,0.025230,0.017289,0.018719,1.0,-1.0
141.5,0.019158,0.015521,0.011902,1.0,-1.0
141.6,-0.029639,-0.015667,-0.025115,1.0,-1.0
141.7,-0.070700,-0.041846,-0.031693,1.0,-1.0
141.8,-0.027672,-0.024220,-0.029284,1.0,-1.0
141.9,0.052355,0.068402,0.069528,1.0,-1.0
142.0,-0.005703,0.000844,-0.007236,1.0,-1.0
142.1,0.001663,-0.010359,-0.014937,1.0,-1.0
142.2,-0.024663,-0.017347,-0.015237,1.0,-1.0
142.3,0.044361,0.025942,0.022185,1.0,-1.0
142.4,-0.036041,-0.006230,0.006654,1.0,-1.0
142.5,-0.025777,-0.054852,-0.048162,1.0,-1.0
142.6,-0.002790,-0.025461,-0.029915,1.0,-1.0
142.7,0.082995,0.062399,0.069763,1.0,-1.0
142.8,0.011649,-0.013585,-0.017836,1.0,-1.0
142.9,-0.085877,-0.084693,-0.076963,1.0,-1.0
143.0,-0.101763,-0.113820,-0.113001,1.0,-1.0
143.1,0.090842,0.089229,0.083141,1.0,-1.0
143.2,-0.002856,-0.002622,0.002149,1.0,-1.0
143.3,-0.013708,-0.002612,-0.001089,1.0,-1.0
143.4,-0.096545,-0.092199,-0.097279,1.0,-1.0
143.5,0.064776,0.076872,0.085438,1.0,-1.0
143.6,0.110075,0.094947,0.098812,1.0,-1.0
143.7,0.066001,0.064353,0.056063,1.0,-1.0
143.8,-0.012400,-0.010651,-0.020379,1.0,-1.0
143.9,-0.037999,-0.057813,-0.043464,1.0,-1.0
144.0,0.010013,-0.023447,-0.026244,1.0,-1.0
144.1,-0.021481,-0.043896,-0.043060,1.0,-1.0
144.2,-0.065454,-0.068926,-0.056196,1.0,-1.0
144.3,-0.002514,-0.038080,-0.046115,1.0,-1.0
144.4,0.018667,0.020569,0.016800,1.0,-1.0
144.5,0.054039,0.037135,0.038178,1.0,-1.0
144.6,0.041699,0.043009,0.038094,1.0,-1.0
144.7,-0.019136,-0.033651,-0.035196,1.0,-1.0
144.8,0.104803,0.086753,0.097108,1.0,-1.0
144.9,-0.053622,-0.061423,-0.055902,1.0,-1.0
145.0,-0.001225,-0.001959,0.002798,1.0,-1.0
145.1,-0.143295,-0.151687,-0.142643,1.0,-1.0
145.2,-0.034137,-0.021403,-0.019098,1.0,-1.0
145.3,-0.028769,-0.021249,-0.008565,1.0,-1.0
145.4,0.063375,0.056086,0.047524,1.0,-1.0
145.5,-0.072938,-0.069149,-0.069462,1.0,-1.0
145.6,0.079737,0.079886,0.078298,1.0,-1.0
145.7,-0.064421,-0.091130,-0.092843,1.0,-1.0
145.8,0.151949,0.171923,0.168820,1.0,-1.0
145.9,-0.056986,-0.058303,-0.068684,1.0,-1.0
146.0,0.034990,0.047904,0.048540,1.0,-1.0
146.1,-0.069079,-0.071317,-0.072871,1.0,-1.0
146.2,0.117676,0.110843,0.107649,1.0,-1.0
146.3,-0.084441,-0.115945,-0.111119,1.0,-1.0
146.4,0.042256,0.043575,0.045692,1.0,-1.0
146.5,-0.051687,-0.046559,-0.048446,1.0,-1.0
146.6,0.079388,0.089816,0.080691,1.0,-1.0
146.7,-0.059484,-0.050868,-0.040792,1.0,-1.0
146.8,-0.073114,-0.086354,-0.082663,1.0,-1.0
146.9,-0.044891,-0.048727,-0.049045,1.0,-1.0
147.0,0.086145,0.068377,0.065311,1.0,-1.0
147.1,0.048445,0.062763,0.063725,1.0,-1.0
147.2,0.027402,0.031120,0.037084,1.0,-1.0
147.3,-0.028186,-0.041457,-0.035042,1.0,-1.0
147.4,0.041026,0.068662,0.060962,1.0,-1.0
147.5,0.029266,0.017926,0.015191,1.0,-1.0
147.6,-0.041278,-0.061461,-0.057063,1.0,-1.0
147.7,-0.035611,-0.033077,-0.024913,1.0,-1.0
147.8,-0.119533,-0.112242,-0.123594,1.0,-1.0
147.9,0.057752,0.065634,0.067097,1.0,-1.0
148.0,-0.033260,-0.032336,-0.034314,1.0,-1.0
148.1,0.017621,-0.002853,-0.015728,1.0,-1.0
148.2,0.010601,0.039065,0.050357,1.0,-1.0
148.3,0.038968,0.046165,0.043833,1.0,-1.0
148.4,0.054438,0.044103,0.040965,1.0,-1.0
148.5,0.016413,0.026970,0.006259,1.0,-1.0
148.6,-0.085912,-0.072869,-0.074598,1.0,-1.0
148.7,0.024550,0.027070,0.037027,1.0,-1.0
148.8,-0.047254,-0.051438,-0.052690,1.0,-1.0
148.9,0.057541,0.062331,0.059712,1.0,-1.0
149.0,-0.026771,-0.005883,0.003029,1.0,-1.0
149.1,-0.046501,-0.043259,-0.042585,1.0,-1.0
149.2,0.003105,-0.004557,-0.003909,1.0,-1.0
149.3,0.106439,0.102580,0.106362,1.0,-1.0
149.4,0.037011,0.040827,0.038480,1.0,-1.0
149.5,-0.009566,-0.014501,-0.015115,1.0,-1.0
149.6,-0.030477,-0.051634,-0.049330,1.0,-1.0
149.7,0.031514,0.025585,0.022852,1.0,-1.0
149.8,0.075957,0.073155,0.071788,1.0,-1.0
149.9,-0.060489,-0.049172,-0.051713,1.0,-1.0
150.0,-0.048309,-0.038572,-0.030349,1.0,-1.0
150.1,-0.030622,-0.014825,-0.005942,1.0,-1.0
150.2,-0.020961,-0.036116,-0.040229,1.0,-1.0
150.3,-0.098606,-0.082071,-0.089183,1.0,-1.0
150.4,0.000219,0.010136,0.006391,1.0,-1.0
150.5,-0.014252,-0.003515,-0.003202,1.0,-1.0
150.6,0.113651,0.118764,0.107293,1.0,-1.0
150.7,-0.053537,-0.054105,-0.065786,1.0,-1.0
150.8,0.056816,0.077257,0.077710,1.0,-1.0
150.9,-0.008416,0.006860,0.013179,1.0,-1.0
151.0,0.115631,0.115645,0.123720,1.0,-1.0
151.1,-0.038192,-0.060308,-0.058316,1.0,-1.0
151.2,-0.057355,-0.063392,-0.063417,1.0,-1.0
151.3,-0.105380,-0.113073,-0.112600,1.0,-1.0
151.4,0.076610,0.079968,0.080734,1.0,-1.0
151.5,-0.019671,-0.036093,-0.048767,1.0,-1.0
151.6,0.048770,0.047064,0.038355,1.0,-1.0
151.7,-0.096092,-0.122486,-0.107558,1.0,-1.0
151.8,0.114903,0.127249,0.123890,1.0,-1.0
151.9,-0.019853,-0.029763,-0.027950,1.0,-1.0
152.0,0.036047,0.063816,0.061591,1.0,-1.0
152.1,-0.102119,-0.088008,-0.083306,1.0,-1.0
152.2,0.095311,0.095862,0.098454,1.0,-1.0
152.3,0.049438,0.035674,0.055107,1.0,-1.0
152.4,0.077850,0.075248,0.076222,1.0,-1.0
152.5,-0.153026,-0.158982,-0.161757,1.0,-1.0
152.6,0.004522,-0.004109,0.005096,1.0,-1.0
152.7,-0.031811,-0.032783,-0.038391,1.0,-1.0
152.8,0.086797,0.091517,0.096745,1.0,-1.0
152.9,-0.100331,-0.079816,-0.079874,1.0,-1.0
153.0,-0.076296,-0.070948,-0.074100,1.0,-1.0
153.1,-0.000102,0.004177,0.012876,1.0,-1.0
153.2,0.142875,0.145781,0.137573,1.0,-1.0
153.3,0.082778,0.063674,0.063272,1.0,-1.0
153.4,-0.088635,-0.078654,-0.076453,1.0,-1.0
153.5,-0.004683,-0.015596,-0.023542,1.0,-1.0
153.6,-0.058526,-0.069139,-0.068333,1.0,-1.0
153.7,0.046813,0.030570,0.027219,1.0,-1.0
153.8,-0.114436,-0.104460,-0.106885,1.0,-1.0
153.9,0.018511,0.018387,0.031774,1.0,-1.0
154.0,-0.020388,0.012935,0.015914,1.0,-1.0
154.1,0.134457,0.130104,0.116261,1.0,-1.0
154.2,-0.041860,-0.014516,-0.024369,1.0,-1.0
154.3,0.074522,0.072540,0.075437,1.0,-1.0
154.4,-0.019218,-0.036188,-0.049560,1.0,-1.0
154.5,0.081389,0.067300,0.064598,1.0,-1.0
154.6,-0.054911,-0.067177,-0.069551,1.0,-1.0
154.7,-0.032995,-0.011914,-0.018369,1.0,-1.0
154.8,-0.037482,-0.034177,-0.029111,1.0,-1.0
154.9,0.018499,0.013910,0.017435,1.0,-1.0
155.0,0.005451,0.009110,0.008452,1.0,-1.0
155.1,-0.021684,-0.015643,-0.021948,1.0,-1.0
155.2,-0.019353,-0.035987,-0.050161,1.0,-1.0
155.3,-0.002568,-0.032524,-0.025186,1.0,-1.0
155.4,0.029858,0.047017,0.051781,1.0,-1.0
155.5,-0.046090,-0.050153,-0.042873,1.0,-1.0
155.6,0.011827,0.020984,0.028885,1.0,-1.0
155.7,0.023176,0.004702,0.004351,1.0,-1.0
155.8,0.007112,-0.003833,-0.015738,1.0,-1.0
155.9,-0.007115,-0.004171,-0.010787,1.0,-1.0
156.0,-0.050868,-0.044831,-0.045412,1.0,-1.0
156.1,-0.055973,-0.057674,-0.062886,1.0,-1.0
156.2,0.097675,0.074168,0.075772,1.0,-1.0
156.3,-0.057572,-0.065834,-0.056147,1.0,-1.0
156.4,0.015176,0.027635,0.031216,1.0,-1.0
156.5,-0.101837,-0.106982,-0.099133,1.0,-1.0
156.6,0.110709,0.097602,0.102766,1.0,-1.0
156.7,0.092490,0.072017,0.076302,1.0,-1.0
156.8,0.104433,0.099859,0.088145,1.0,-1.0
156.9,-0.087600,-0.069758,-0.076804,1.0,-1.0
157.0,0.025924,0.045160,0.048362,1.0,-1.0
157.1,-0.065910,-0.103734,-0.111685,1.0,-1.0
157.2,0.064179,0.034489,0.047496,1.0,-1.0
157.3,-0.125404,-0.106542,-0.102946,1.0,-1.0
157.4,0.012561,0.011754,0.009717,1.0,-1.0
157.5,-0.029912,-0.058464,-0.059631,1.0,-1.0
157.6,0.100738,0.095854,0.088436,1.0,-1.0
157.7,-0.009426,-0.023661,-0.031915,1.0,-1.0
157.8,0.020991,0.015354,0.008538,1.0,-1.0
157.9,-0.024992,-0.041220,-0.029872,1.0,-1.0
158.0,0.084866,0.081577,0.070696,1.0,-1.0
158.1,-0.020136,-0.011470,-0.008341,1.0,-1.0
158.2,-0.071693,-0.068994,-0.063661,1.0,-1.0
158.3,-0.067027,-0.075327,-0.084007,1.0,-1.0
158.4,0.021181,0.018995,0.023104,1.0,-1.0
158.5,0.031867,0.010737,0.018734,1.0,-1.0
158.6,-0.006334,-0.008831,-0.010220,1.0,-1.0
158.7,-0.099691,-0.101474,-0.104455,1.0,-1.0
158.8,-0.004891,-0.019023,-0.017505,1.0,-1.0
158.9,-0.007116,-0.004854,0.005153,1.0,-1.0
159.0,0.032981,0.046237,0.050524,1.0,-1.0
159.1,0.025464,0.037043,0.019834,1.0,-1.0
159.2,-0.044665,-0.054984,-0.051143,1.0,-1.0
159.3,0.091379,0.065275,0.066461,1.0,-1.0
159.4,-0.031612,-0.042401,-0.045144,1.0,-1.0
159.5,0.051769,0.076878,0.083114,1.0,-1.0
159.6,0.013367,0.010999,0.006166,1.0,-1.0
159.7,0.012220,0.007665,0.017544,1.0,-1.0
159.8,0.016638,0.036908,0.033722,1.0,-1.0
159.9,-0.050879,-0.041609,-0.038787,1.0,-1.0
160.0,-0.107415,-0.130477,-0.117277,1.0,-1.0
160.1,0.116702,0.118526,0.102045,1.0,-1.0
160.2,0.018933,-0.001307,-0.007268,1.0,-1.0
160.3,0.024451,0.011368,0.013761,1.0,-1.0
160.4,-0.065110,-0.065867,-0.062237,1.0,-1.0
160.5,0.011020,0.033541,0.032260,1.0,-1.0
160.6,0.072812,0.097514,0.103852,1.0,-1.0
160.7,-0.003344,-0.020563,-0.018141,1.0,-1.0
160.8,-0.075034,-0.077216,-0.076102,1.0,-1.0
160.9,-0.077532,-0.059250,-0.061352,1.0,-1.0
161.0,0.028882,0.020805,0.011788,1.0,-1.0
161.1,0.027467,0.038627,0.035685,1.0,-1.0
161.2,0.015973,0.014154,0.014454,1.0,-1.0
161.3,-0.042074,-0.052423,-0.049879,1.0,-1.0
161.4,0.041082,0.041926,0.034379,1.0,-1.0
161.5,0.052340,0.042342,0.040373,1.0,-1.0
161.6,-0.005238,-0.010187,-0.019885,1.0,-1.0
161.7,-0.075105,-0.080368,-0.080286,1.0,-1.0
161.8,0.019197,0.015682,0.010442,1.0,-1.0
161.9,0.031323,0.034733,0.038734,1.0,-1.0
162.0,0.121142,0.117482,0.123037,1.0,-1.0
162.1,-0.152326,-0.137040,-0.126540,1.0,-1.0
162.2,0.000922,0.006115,0.014246,1.0,-1.0
162.3,-0.074547,-0.073683,-0.066309,1.0,-1.0
162.4,0.089609,0.075602,0.077910,1.0,-1.0
162.5,-0.068074,-0.069981,-0.062594,1.0,-1.0
162.6,0.071151,0.047613,0.040491,1.0,-1.0
162.7,-0.042544,-0.060192,-0.062760,1.0,-1.0
162.8,0.117432,0.117155,0.119699,1.0,-1.0
162.9,-0.049178,-0.062062,-0.057861,1.0,-1.0
163.0,0.082332,0.076950,0.075256,1.0,-1.0
163.1,-0.096275,-0.075199,-0.072710,1.0,-1.0
163.2,0.030427,0.026011,0.021565,1.0,-1.0
163.3,-0.095791,-0.096653,-0.093230,1.0,-1.0
163.4,-0.039101,-0.043078,-0.048044,1.0,-1.0
163.5,-0.013722,-0.005159,-0.008867,1.0,-1.0
163.6,0.029724,0.016500,0.024014,1.0,-1.0
163.7,0.024533,0.042737,0.038247,1.0,-1.0
163.8,0.002233,-0.010871,-0.010791,1.0,-1.0
163.9,-0.005248,0.020433,0.029337,1.0,-1.0
164.0,0.039737,0.045150,0.044861,1.0,-1.0
164.1,0.013688,0.042667,0.045297,1.0,-1.0
164.2,-0.011180,-0.048017,-0.046198,1.0,-1.0
164.3,-0.025754,0.000012,-0.008154,1.0,-1.0
164.4,0.005363,-0.017055,-0.007889,1.0,-1.0
164.5,-0.015173,0.003952,-0.009249,1.0,-1.0
164.6,-0.000266,-0.010938,-0.008413,1.0,-1.0
164.7,-0.000277,-0.019458,-0.024547,1.0,-1.0
164.8,0.039523,0.020556,0.035719,1.0,-1.0
164.9,0.086803,0.115343,0.114741,1.0,-1.0
165.0,-0.008593,0.010113,0.021248,1.0,-1.0
165.1,0.026234,0.034161,0.031983,1.0,-1.0
165.2,-0.038842,-0.043112,-0.044178,1.0,-1.0
165.3,0.030344,0.015384,0.014781,1.0,-1.0
165.4,0.068444,0.085217,0.087083,1.0,-1.0
165.5,-0.000480,0.010358,0.003930,1.0,-1.0
165.6,-0.132903,-0.138264,-0.138743,1.0,-1.0
165.7,-0.006163,0.007180,0.009497,1.0,-1.0
165.8,-0.064283,-0.071505,-0.066612,1.0,-1.0
165.9,0.038167,0.046947,0.045715,1.0,-1.0
166.0,-0.099879,-0.089332,-0.097990,1.0,-1.0
166.1,-0.060581,-0.074878,-0.074619,1.0,-1.0
166.2,0.031397,0.026133,0.030522,1.0,-1.0
166.3,0.102467,0.107809,0.109164,1.0,-1.0
166.4,0.100073,0.116830,0.130654,1.0,-1.0
166.5,0.009579,0.007817,-0.001824,1.0,-1.0
166.6,-0.005198,-0.034664,-0.033801,1.0,-1.0
166.7,-0.050330,-0.068052,-0.073564,1.0,-1.0
166.8,-0.015080,-0.007242,0.013689,1.0,-1.0
166.9,-0.117704,-0.117284,-0.122332,1.0,-1.0
167.0,0.006771,0.003860,0.003621,1.0,-1.0
167.1,-0.053546,-0.036547,-0.037353,1.0,-1.0
167.2,0.057267,0.065479,0.069364,1.0,-1.0
167.3,-0.005084,-0.023521,-0.035018,1.0,-1.0
167.4,0.074426,0.076786,0.083877,1.0,-1.0
167.5,-0.027945,-0.028274,-0.027967,1.0,-1.0
167.6,0.125556,0.114681,0.127564,1.0,-1.0
167.7,-0.063418,-0.030035,-0.025886,1.0,-1.0
167.8,0.082934,0.075082,0.068808,1.0,-1.0
167.9,-0.054949,-0.063351,-0.064594,1.0,-1.0
168.0,0.044863,0.033463,0.036457,1.0,-1.0
168.1,-0.066281,-0.079286,-0.082306,1.0,-1.0
168.2,0.068604,0.054927,0.057300,1.0,-1.0
168.3,-0.066558,-0.096464,-0.097456,1.0,-1.0
168.4,0.060487,0.036265,0.044231,1.0,-1.0
168.5,-0.052006,-0.030842,-0.032671,1.0,-1.0
168.6,0.031630,0.003937,-0.000813,1.0,-1.0
168.7,-0.103066,-0.106816,-0.105787,1.0,-1.0
168.8,0.122863,0.116035,0.110131,1.0,-1.0
168.9,-0.036960,-0.045803,-0.051556,1.0,-1.0
169.0,0.018649,0.009926,0.004492,1.0,-1.0
169.1,-0.106725,-0.111486,-0.114332,1.0,-1.0
169.2,-0.003714,-0.017610,-0.023013,1.0,-1.0
169.3,0.022929,0.003220,0.007212,1.0,-1.0
169.4,0.033608,0.049164,0.044861,1.0,-1.0
169.5,-0.079749,-0.074952,-0.067547,1.0,-1.0
169.6,-0.042472,-0.022087,-0.017075,1.0,-1.0
169.7,0.090049,0.106057,0.103148,1.0,-1.0
169.8,0.077590,0.073737,0.070500,1.0,-1.0
169.9,0.039702,0.052283,0.050807,1.0,-1.0
170.0,-0.046894,-0.049793,-0.045453,1.0,-1.0
170.1,0.011367,-0.015613,-0.024383,1.0,-1.0
170.2,0.022082,0.005805,0.013166,1.0,-1.0
170.3,-0.028006,-0.038400,-0.039466,1.0,-1.0
170.4,-0.136940,-0.133783,-0.129777,1.0,-1.0
170.5,0.054528,0.055237,0.066159,1.0,-1.0
170.6,-0.026530,-0.024017,-0.022747,1.0,-1.0
170.7,0.118925,0.115103,0.114350,1.0,-1.0
170.8,-0.113990,-0.100935,-0.103211,1.0,-1.0
170.9,0.012778,-0.007717,-0.012935,1.0,-1.0
171.0,0.039116,0.043008,0.038651,1.0,-1.0
171.1,-0.001643,-0.022553,-0.032971,1.0,-1.0
171.2,-0.045484,-0.037218,-0.044344,1.0,-1.0
171.3,0.043615,0.064537,0.062373,1.0,-1.0
171.4,-0.023000,-0.027911,-0.031888,1.0,-1.0
171.5,0.097575,0.091008,0.100668,1.0,-1.0
171.6,-0.021630,-0.011896,-0.003602,1.0,-1.0
171.7,-0.033455,-0.013488,-0.015717,1.0,-1.0
171.8,-0.009155,-0.000494,-0.004414,1.0,-1.0
171.9,-0.054996,-0.047824,-0.058064,1.0,-1.0
172.0,-0.031366,-0.068505,-0.063794,1.0,-1.0
172.1,-0.027677,-0.058197,-0.059059,1.0,-1.0
172.2,0.057157,0.059096,0.060289,1.0,-1.0
172.3,0.086049,0.065007,0.059394,1.0,-1.0
172.4,0.066453,0.036733,0.052651,1.0,-1.0
172.5,-0.060882,-0.052643,-0.047358,1.0,-1.0
172.6,-0.001819,-0.017127,-0.026545,1.0,-1.0
172.7,0.003235,0.025680,0.027503,1.0,-1.0
172.8,0.063055,0.037891,0.039674,1.0,-1.0
172.9,-0.073709,-0.070677,-0.068668,1.0,-1.0
173.0,-0.046959,-0.053849,-0.065069,1.0,-1.0
173.1,-0.017909,-0.032950,-0.035595,1.0,-1.0
173.2,0.079682,0.070949,0.068420,1.0,-1.0
173.3,0.010862,0.012556,0.003434,1.0,-1.0
173.4,0.070456,0.078308,0.076065,1.0,-1.0
173.5,-0.108507,-0.102046,-0.110810,1.0,-1.0
173.6,0.114861,0.144843,0.136316,1.0,-1.0
173.7,-0.078874,-0.061403,-0.055493,1.0,-1.0
173.8,0.020912,0.034639,0.036407,1.0,-1.0
173.9,-0.114054,-0.149142,-0.149578,1.0,-1.0
174.0,-0.000212,-0.028514,-0.029896,1.0,-1.0
174.1,-0.023402,-0.024102,-0.017227,1.0,-1.0
174.2,0.019832,0.035453,0.032080,1.0,-1.0
174.3,-0.138750,-0.157599,-0.170572,1.0,-1.0
174.4,0.090414,0.086737,0.088235,1.0,-1.0
174.5,-0.006652,0.015601,0.023795,1.0,-1.0
174.6,0.085381,0.104062,0.115046,1.0,-1.0
174.7,-0.064612,-0.054150,-0.058665,1.0,-1.0
174.8,0.006879,0.025746,0.028067,1.0,-1.0
174.9,0.056151,0.028753,0.026913,1.0,-1.0
175.0,0.093724,0.098107,0.088649,1.0,-1.0
175.1,0.005500,0.012470,-0.002799,1.0,-1.0
175.2,-0.019888,-0.042267,-0.041905,1.0,-1.0
175.3,-0.068238,-0.087599,-0.086199,1.0,-1.0
175.4,-0.001787,-0.010016,-0.022109,1.0,-1.0
175.5,0.001959,0.013496,0.008138,1.0,-1.0
175.6,-0.055425,-0.052682,-0.060009,1.0,-1.0
175.7,-0.007109,0.003929,0.006951,1.0,-1.0
175.8,0.037302,0.032170,0.019252,1.0,-1.0
175.9,0.110420,0.108182,0.095604,1.0,-1.0
176.0,0.013510,0.010384,0.017423,1.0,-1.0
176.1,0.026307,0.036061,0.048187,1.0,-1.0
176.2,-0.055986,-0.035592,-0.046296,1.0,-1.0
176.3,0.053359,0.055369,0.056140,1.0,-1.0
176.4,-0.095938,-0.103953,-0.099136,1.0,-1.0
176.5,-0.015298,0.004071,0.000852,1.0,-1.0
176.6,-0.075219,-0.084515,-0.085812,1.0,-1.0
176.7,0.064717,0.072046,0.078065,1.0,-1.0
176.8,-0.001492,-0.001177,0.002552,1.0,-1.0
176.9,0.038471,0.037211,0.041303,1.0,-1.0
177.0,-0.039528,-0.063352,-0.074239,1.0,-1.0
177.1,0.035292,0.037870,0.040234,1.0,-1.0
177.2,-0.015560,0.006232,-0.001676,1.0,-1.0
177.3,0.020894,0.036988,0.041553,1.0,-1.0
177.4,-0.062333,-0.090666,-0.092847,1.0,-1.0
177.5,-0.004317,-0.023264,-0.034090,1.0,-1.0
177.6,0.006507,0.000529,-0.005445,1.0,-1.0
177.7,-0.034300,-0.030612,-0.040605,1.0,-1.0
177.8,-0.050885,-0.040642,-0.051398,1.0,-1.0
177.9,0.029131,0.047124,0.056521,1.0,-1.0
178.0,0.090634,0.090158,0.080558,1.0,-1.0
178.1,0.002020,-0.002162,0.006112,1.0,-1.0
178.2,-0.005008,-0.014764,-0.008559,1.0,-1.0
178.3,-0.074287,-0.059989,-0.065752,1.0,-1.0
178.4,0.136876,0.148226,0.152504,1.0,-1.0
178.5,0.079320,0.063023,0.073450,1.0,-1.0
178.6,-0.014533,-0.017618,-0.008265,1.0,-1.0
178.7,-0.104860,-0.147185,-0.145163,1.0,-1.0
178.8,-0.001533,-0.008055,-0.008404,1.0,-1.0
178.9,-0.031697,-0.015059,-0.006139,1.0,-1.0
179.0,0.085409,0.070949,0.064950,1.0,-1.0
179.1,-0.239450,-0.257458,-0.258303,1.0,-1.0
179.2,0.053446,0.033567,0.022192,1.0,-1.0
179.3,-0.034971,-0.020244,-0.020600,1.0,-1.0
179.4,0.147350,0.155147,0.167019,1.0,-1.0
179.5,-0.032907,-0.006685,-0.003579,1.0,-1.0
179.6,0.018612,0.035659,0.042723,1.0,-1.0
179.7,0.009701,-0.032007,-0.038876,1.0,-1.0
179.8,0.106686,0.107089,0.116264,1.0,-1.0
179.9,-0.091089,-0.114693,-0.103376,1.0,-1.0
180.0,0.002537,0.021847,0.020410,1.0,-1.0
180.1,-0.050008,-0.033510,-0.033938,1.0,-1.0
180.2,0.077342,0.067762,0.055896,1.0,-1.0
180.3,-0.003735,0.005638,0.007037,1.0,-1.0
180.4,-0.043974,-0.051234,-0.051845,1.0,-1.0
180.5,-0.000492,-0.010712,-0.007440,1.0,-1.0
180.6,0.003013,-0.020950,-0.016070,1.0,-1.0
180.7,0.035766,0.046900,0.049897,1.0,-1.0
180.8,-0.018649,-0.030123,-0.020986,1.0,-1.0
180.9,-0.043120,-0.020402,-0.001596,1.0,-1.0
181.0,0.043666,0.031398,0.042394,1.0,-1.0
181.1,0.012699,0.018862,0.013166,1.0,-1.0
181.2,-0.003958,-0.007413,-0.001303,1.0,-1.0
181.3,-0.018022,-0.019523,-0.028614,1.0,-1.0
181.4,0.008872,0.028688,0.021834,1.0,-1.0
181.5,-0.020328,-0.015708,-0.016815,1.0,-1.0
181.6,0.054012,0.044536,0.027870,1.0,-1.0
181.7,-0.052839,-0.028449,-0.025894,1.0,-1.0
181.8,0.012113,-0.020625,-0.033179,1.0,-1.0
181.9,0.055574,0.034291,0.026121,1.0,-1.0
182.0,-0.073530,-0.093809,-0.103898,1.0,-1.0
182.1,0.045046,0.063285,0.078290,1.0,-1.0
182.2,-0.132909,-0.109008,-0.103702,1.0,-1.0
182.3,0.020753,-0.000354,0.003887,1.0,-1.0
182.4,0.024590,0.014299,0.014335,1.0,-1.0
182.5,-0.032957,-0.021600,-0.023644,1.0,-1.0
182.6,-0.047853,-0.032862,-0.032745,1.0,-1.0
182.7,0.044246,0.035951,0.031003,1.0,-1.0
182.8,0.015271,0.001571,-0.004971,1.0,-1.0
182.9,0.134704,0.118254,0.113777,1.0,-1.0
183.0,-0.067784,-0.053536,-0.057271,1.0,-1.0
183.1,0.023567,0.018008,0.013541,1.0,-1.0
183.2,0.073954,0.084736,0.069021,1.0,-1.0
183.3,-0.018614,-0.017251,-0.007157,1.0,-1.0
183.4,0.005463,0.022305,0.017796,1.0,-1.0
183.5,-0.084287,-0.077831,-0.071419,1.0,-1.0
183.6,0.030286,0.055732,0.048911,1.0,-1.0
183.7,-0.003148,-0.013708,-0.004892,1.0,-1.0
183.8,0.045311,0.076311,0.072652,1.0,-1.0
183.9,-0.097836,-0.094560,-0.098549,1.0,-1.0
184.0,0.013444,-0.015717,-0.012202,1.0,-1.0
184.1,-0.035970,-0.027875,-0.029502,1.0,-1.0
184.2,0.065680,0.058790,0.059376,1.0,-1.0
184.3,-0.054065,-0.042762,-0.044756,1.0,-1.0
184.4,0.057089,0.076313,0.067165,1.0,-1.0
184.5,-0.005979,-0.014693,-0.019215,1.0,-1.0
184.6,0.122195,0.162435,0.162992,1.0,-1.0
184.7,-0.052840,-0.056063,-0.048154,1.0,-1.0
184.8,0.003392,0.020398,0.016971,1.0,-1.0
184.9,-0.142638,-0.159146,-0.159306,1.0,-1.0
185.0,0.032678,0.047190,0.055158,1.0,-1.0
185.1,-0.111268,-0.086616,-0.085838,1.0,-1.0
185.2,0.036349,0.030160,0.014206,1.0,-1.0
185.3,-0.050252,-0.006657,-0.001452,1.0,-1.0
185.4,0.081695,0.086976,0.092063,1.0,-1.0
185.5,0.089016,0.099875,0.110292,1.0,-1.0
185.6,0.130592,0.131707,0.136883,1.0,-1.0
185.7,-0.056778,-0.048637,-0.046059,1.0,-1.0
185.8,0.015278,-0.000579,-0.003713,1.0,-1.0
185.9,-0.076445,-0.075316,-0.071901,1.0,-1.0
186.0,-0.014726,-0.015340,-0.001017,1.0,-1.0
186.1,-0.062957,-0.081493,-0.094245,1.0,-1.0
186.2,-0.056018,-0.063043,-0.040463,1.0,-1.0
186.3,0.066983,0.039500,0.036799,1.0,-1.0
186.4,0.002751,0.009069,0.011133,1.0,-1.0
186.5,0.008555,0.018893,0.008544,1.0,-1.0
186.6,0.030429,0.053294,0.053971,1.0,-1.0
186.7,0.064502,0.072795,0.076645,1.0,-1.0
186.8,-0.013074,-0.010693,-0.017006,1.0,-1.0
186.9,-0.010787,0.008452,0.002140,1.0,-1.0
187.0,-0.076769,-0.068015,-0.074347,1.0,-1.0
187.1,0.075446,0.080454,0.073407,1.0,-1.0
187.2,0.011437,0.032471,0.027344,1.0,-1.0
187.3,-0.054362,-0.068266,-0.072787,1.0,-1.0
187.4,-0.062649,-0.053071,-0.047420,1.0,-1.0
187.5,-0.006692,-0.021909,-0.028918,1.0,-1.0
187.6,-0.007427,-0.003953,-0.011275,1.0,-1.0
187.7,0.057674,0.031333,0.028539,1.0,-1.0
187.8,-0.105097,-0.114913,-0.122320,1.0,-1.0
187.9,0.033441,-0.002343,-0.007503,1.0,-1.0
188.0,0.086252,0.073077,0.071379,1.0,-1.0
188.1,0.101045,0.089461,0.085468,1.0,-1.0
188.2,-0.022985,-0.015013,-0.009439,1.0,-1.0
188.3,-0.048108,-0.059653,-0.059495,1.0,-1.0
188.4,-0.037319,-0.048421,-0.051773,1.0,-1.0
188.5,0.061685,0.041676,0.043496,1.0,-1.0
188.6,-0.035635,-0.015966,-0.018424,1.0,-1.0
188.7,-0.049225,-0.038384,-0.047370,1.0,-1.0
188.8,-0.027561,-0.037727,-0.032975,1.0,-1.0
188.9,0.052383,0.043613,0.038339,1.0,-1.0
189.0,0.117284,0.109382,0.097573,1.0,-1.0
189.1,-0.008907,-0.001609,-0.004744,1.0,-1.0
189.2,-0.018446,-0.014718,-0.000440,1.0,-1.0
189.3,-0.064578,-0.065896,-0.078130,1.0,-1.0
189.4,0.026823,0.030261,0.022931,1.0,-1.0
189.5,-0.054167,-0.036944,-0.046171,1.0,-1.0
189.6,-0.001313,0.003956,0.006327,1.0,-1.0
189.7,-0.082621,-0.108219,-0.104308,1.0,-1.0
189.8,0.050501,-0.000996,0.000030,1.0,-1.0
189.9,-0.042303,-0.044694,-0.042707,1.0,-1.0
190.0,0.031763,0.027026,0.022675,1.0,-1.0
190.1,0.024985,0.046828,0.040184,1.0,-1.0
190.2,0.102476,0.093381,0.087599,1.0,-1.0
190.3,-0.060961,-0.043399,-0.042704,1.0,-1.0
190.4,0.014397,0.006506,0.003766,1.0,-1.0
190.5,-0.061326,-0.077809,-0.079599,1.0,-1.0
190.6,0.135825,0.126849,0.125956,1.0,-1.0
190.7,-0.104615,-0.108301,-0.109171,1.0,-1.0
190.8,0.008538,0.019601,0.011509,1.0,-1.0
190.9,-0.100200,-0.108700,-0.108217,1.0,-1.0
191.0,0.040487,0.033591,0.028734,1.0,-1.0
191.1,-0.002700,-0.029256,-0.032212,1.0,-1.0
191.2,-0.008575,0.018896,0.023151,1.0,-1.0
191.3,-0.043319,-0.039340,-0.039695,1.0,-1.0
191.4,0.139580,0.129251,0.125466,1.0,-1.0
191.5,0.013856,0.019534,0.024570,1.0,-1.0
191.6,0.055117,0.080154,0.085700,1.0,-1.0
191.7,-0.045143,-0.046592,-0.047007,1.0,-1.0
191.8,-0.016718,-0.006464,-0.011466,1.0,-1.0
191.9,0.059338,0.043025,0.036939,1.0,-1.0
192.0,-0.053949,-0.060176,-0.076554,1.0,-1.0
192.1,-0.033288,-0.033876,-0.026624,1.0,-1.0
192.2,-0.095970,-0.090023,-0.080474,1.0,-1.0
192.3,0.034492,0.035084,0.024924,1.0,-1.0
192.4,0.018818,-0.002832,-0.006329,1.0,-1.0
192.5,0.071050,0.080519,0.081809,1.0,-1.0
192.6,-0.082994,-0.096710,-0.098824,1.0,-1.0
192.7,0.036789,0.021102,0.019487,1.0,-1.0
192.8,-0.028384,-0.031047,-0.029514,1.0,-1.0
192.9,0.082666,0.078347,0.068130,1.0,-1.0
193.0,-0.010310,0.001521,-0.000868,1.0,-1.0
193.1,-0.035318,-0.032150,-0.030690,1.0,-1.0
193.2,-0.035983,-0.017284,-0.018207,1.0,-1.0
193.3,0.099808,0.122149,0.125712,1.0,-1.0
193.4,-0.072103,-0.057738,-0.056361,1.0,-1.0
193.5,0.034901,0.045067,0.036037,1.0,-1.0
193.6,-0.055779,-0.062231,-0.064405,1.0,-1.0
193.7,0.025824,0.030496,0.023114,1.0,-1.0
193.8,0.030590,0.033838,0.041658,1.0,-1.0
193.9,-0.025486,-0.031142,-0.022667,1.0,-1.0
194.0,-0.003184,-0.060524,-0.057681,1.0,-1.0
194.1,0.038385,0.028688,0.029254,1.0,-1.0
194.2,0.010304,0.004456,0.009702,1.0,-1.0
194.3,0.029916,0.030666,0.015506,1.0,-1.0
194.4,-0.089823,-0.090018,-0.084996,1.0,-1.0
194.5,0.006430,0.021538,0.027086,1.0,-1.0
194.6,-0.032919,-0.042552,-0.039331,1.0,-1.0
194.7,-0.037916,-0.050386,-0.053089,1.0,-1.0
194.8,0.013691,0.000507,0.006667,1.0,-1.0
194.9,-0.019433,-0.022475,-0.020551,1.0,-1.0
195.0,0.068147,0.042661,0.035859,1.0,-1.0
195.1,-0.011054,-0.008561,-0.009382,1.0,-1.0
195.2,0.024065,0.041192,0.046801,1.0,-1.0
195.3,-0.013325,-0.004888,-0.005012,1.0,-1.0
195.4,0.087477,0.088837,0.094600,1.0,-1.0
195.5,-0.083129,-0.091917,-0.100716,1.0,-1.0
195.6,-0.004769,-0.021581,-0.027315,1.0,-1.0
195.7,-0.108395,-0.091373,-0.088170,1.0,-1.0
195.8,0.104476,0.103967,0.103013,1.0,-1.0
195.9,0.014508,-0.002198,-0.001731,1.0,-1.0
196.0,0.086468,0.086021,0.065447,1.0,-1.0
196.1,-0.123605,-0.113522,-0.123261,1.0,-1.0
196.2,0.028777,0.050552,0.049138,1.0,-1.0
196.3,-0.020822,-0.013630,-0.007179,1.0,-1.0
196.4,0.157899,0.165927,0.173023,1.0,-1.0
196.5,-0.103811,-0.112993,-0.111683,1.0,-1.0
196.6,0.004822,0.011454,-0.000098,1.0,-1.0
196.7,0.018089,0.001950,0.014817,1.0,-1.0
196.8,0.063249,0.054819,0.059979,1.0,-1.0
196.9,-0.037205,-0.056859,-0.068179,1.0,-1.0
197.0,-0.073534,-0.050140,-0.055011,1.0,-1.0
197.1,-0.056003,-0.037698,-0.044822,1.0,-1.0
197.2,0.090054,0.083906,0.092436,1.0,-1.0
197.3,-0.038842,-0.021567,-0.024924,1.0,-1.0
197.4,-0.031572,-0.042128,-0.038997,1.0,-1.0
197.5,0.012480,-0.004972,-0.001697,1.0,-1.0
197.6,0.082667,0.095392,0.087224,1.0,-1.0
197.7,0.080189,0.077082,0.078071,1.0,-1.0
197.8,-0.067472,-0.069874,-0.080883,1.0,-1.0
197.9,-0.087436,-0.072775,-0.081308,1.0,-1.0
198.0,-0.031629,-0.029173,-0.027777,1.0,-1.0
198.1,0.008061,0.009152,0.008097,1.0,-1.0
198.2,-0.055316,-0.028113,-0.021241,1.0,-1.0
198.3,-0.041468,-0.038959,-0.040660,1.0,-1.0
198.4,-0.016457,-0.025769,-0.022767,1.0,-1.0
198.5,0.117588,0.132006,0.134279,1.0,-1.0
198.6,0.009551,0.004310,0.002208,1.0,-1.0
198.7,0.051657,0.060727,0.062235,1.0,-1.0
198.8,0.032510,0.029405,0.022743,1.0,-1.0
198.9,0.086313,0.085445,0.081226,1.0,-1.0
199.0,-0.106248,-0.107816,-0.096937,1.0,-1.0
199.1,-0.019445,-0.002841,0.003307,1.0,-1.0
199.2,-0.097072,-0.084561,-0.072974,1.0,-1.0
199.3,0.100544,0.098933,0.096851,1.0,-1.0
199.4,-0.042610,-0.056392,-0.064126,1.0,-1.0
199.5,-0.012037,0.007902,0.013873,1.0,-1.0
199.6,-0.007049,-0.001912,-0.003036,1.0,-1.0
199.7,0.037563,0.024810,0.027907,1.0,-1.0
199.8,0.054452,0.048035,0.043004,1.0,-1.0
199.9,-0.009849,-0.018400,-0.015580,1.0,-1.0
200.0,-0.058508,-0.060612,-0.057899,1.0,-1.0
