log10_x,pi_100,pi_1000,pi_10000,zero_line
1.0,0.013959,0.013924,0.013875,0.0
1.2,0.033145,0.032770,0.032877,0.0
1.4,-0.002055,-0.003863,-0.004459,0.0
1.6,0.027755,0.029547,0.029458,0.0
1.8,0.000204,-0.000243,-0.000183,0.0
2.0,0.040117,0.038756,0.038700,0.0
2.2,0.005629,0.007413,0.007091,0.0
2.4,0.006917,0.004185,0.002577,0.0
2.6,-0.001401,-0.003585,-0.003170,0.0
2.8,-0.006208,-0.006974,-0.006118,0.0
3.0,0.010444,0.006713,0.007002,0.0
3.2,-0.009192,-0.013825,-0.013951,0.0
3.4,0.002289,0.001604,0.001397,0.0
3.6,-0.017620,-0.014059,-0.014410,0.0
3.8,-0.016502,-0.015760,-0.014602,0.0
4.0,-0.027744,-0.027396,-0.026066,0.0
4.2,-0.032953,-0.033324,-0.032557,0.0
4.4,-0.005844,-0.004585,-0.004482,0.0
4.6,-0.005583,-0.003544,-0.002166,0.0
4.8,-0.004548,-0.005223,-0.004776,0.0
5.0,-0.014208,-0.017909,-0.017872,0.0
5.2,-0.018208,-0.017994,-0.017323,0.0
5.4,-0.010628,-0.007385,-0.007875,0.0
5.6,-0.004549,0.000232,0.000623,0.0
5.8,-0.004495,0.001340,0.001682,0.0
6.0,0.028595,0.028784,0.029744,0.0
6.2,0.007053,0.007159,0.005785,0.0
6.4,0.028015,0.027317,0.027908,0.0
6.6,0.005321,0.003173,0.002578,0.0
6.8,0.012121,0.008408,0.008154,0.0
7.0,0.030793,0.034880,0.035122,0.0
7.2,0.017423,0.019004,0.020069,0.0
7.4,0.008568,0.003255,0.001310,0.0
7.6,-0.024919,-0.024825,-0.026222,0.0
7.8,0.024726,0.024987,0.023733,0.0
8.0,0.019956,0.017548,0.016234,0.0
8.2,0.019523,0.019295,0.018202,0.0
8.4,-0.013703,-0.017212,-0.016443,0.0
8.6,-0.004283,-0.006369,-0.005863,0.0
8.8,-0.016183,-0.017812,-0.016113,0.0
9.0,-0.004891,-0.006264,-0.005134,0.0
9.2,-0.018889,-0.021767,-0.022156,0.0
9.4,0.005862,0.006749,0.007864,0.0
9.6,-0.021869,-0.022935,-0.022473,0.0
9.8,-0.028587,-0.032218,-0.032658,0.0
10.0,-0.040714,-0.040857,-0.040452,0.0
10.2,-0.026619,-0.028191,-0.028982,0.0
10.4,-0.003611,-0.002006,-0.002773,0.0
10.6,0.000647,-0.003682,-0.002744,0.0
10.8,0.005097,0.001360,0.002685,0.0
11.0,-0.022935,-0.023859,-0.023636,0.0
11.2,0.002678,0.004898,0.002646,0.0
11.4,0.009751,0.004231,0.003409,0.0
11.6,0.028486,0.026374,0.025449,0.0
11.8,0.016512,0.018605,0.019399,0.0
12.0,0.006931,0.004917,0.005569,0.0
12.2,0.004470,0.005764,0.004728,0.0
12.4,0.003192,0.005301,0.004392,0.0
12.6,0.002684,0.004681,0.005246,0.0
12.8,0.019975,0.012119,0.012847,0.0
13.0,0.013811,0.012610,0.012028,0.0
13.2,0.010244,0.007748,0.007536,0.0
13.4,0.003893,0.004204,0.003162,0.0
13.6,0.002545,0.001493,0.001947,0.0
13.8,0.000960,0.001874,0.002452,0.0
14.0,-0.007799,-0.007707,-0.006071,0.0
14.2,0.000011,-0.001176,-0.000688,0.0
14.4,-0.019784,-0.022688,-0.021973,0.0
14.6,-0.022269,-0.022320,-0.022932,0.0
14.8,-0.027686,-0.023953,-0.023938,0.0
15.0,0.001130,-0.003318,-0.003384,0.0
15.2,0.002284,0.005930,0.007005,0.0
15.4,-0.032319,-0.030880,-0.031566,0.0
15.6,-0.027010,-0.025991,-0.025091,0.0
15.8,-0.042760,-0.043961,-0.042972,0.0
16.0,-0.002392,0.001082,0.001151,0.0
16.2,-0.012092,-0.015565,-0.015067,0.0
16.4,0.012203,0.011871,0.011271,0.0
16.6,0.003636,0.003311,0.003107,0.0
16.8,0.005556,0.004578,0.003986,0.0
17.0,-0.003160,-0.003352,-0.003710,0.0
17.2,-0.010816,-0.008240,-0.006999,0.0
17.4,0.019784,0.023940,0.022521,0.0
17.6,0.018156,0.017519,0.016945,0.0
17.8,0.020753,0.020650,0.020712,0.0
18.0,-0.000339,-0.002023,-0.002595,0.0
18.2,0.012452,0.008839,0.009210,0.0
18.4,0.012727,0.011387,0.012064,0.0
18.6,0.041949,0.045938,0.046398,0.0
18.8,-0.008046,-0.008392,-0.007849,0.0
19.0,0.026035,0.027144,0.026448,0.0
19.2,-0.001648,-0.002752,-0.004571,0.0
19.4,0.015625,0.017807,0.017696,0.0
19.6,-0.027302,-0.023500,-0.022210,0.0
19.8,-0.018662,-0.012250,-0.011743,0.0
20.0,-0.011139,-0.007282,-0.006959,0.0
20.2,-0.008127,-0.009475,-0.009004,0.0
20.4,-0.016610,-0.015999,-0.014689,0.0
20.6,-0.045409,-0.045076,-0.043262,0.0
20.8,-0.014590,-0.008512,-0.008549,0.0
21.0,-0.020246,-0.019498,-0.018396,0.0
21.2,-0.005428,-0.005000,-0.004121,0.0
21.4,-0.017392,-0.017048,-0.017895,0.0
21.6,-0.019740,-0.016154,-0.015443,0.0
21.8,-0.009166,-0.005559,-0.005104,0.0
22.0,-0.005477,-0.006195,-0.006111,0.0
22.2,-0.006881,-0.007366,-0.008853,0.0
22.4,0.001248,-0.003972,-0.004295,0.0
22.6,0.014340,0.014864,0.014926,0.0
22.8,0.007639,0.002684,0.003154,0.0
23.0,0.012653,0.015001,0.015078,0.0
23.2,0.001661,0.002052,0.000854,0.0
23.4,0.032813,0.037631,0.037029,0.0
23.6,0.023433,0.027001,0.027846,0.0
23.8,0.028152,0.025688,0.024740,0.0
24.0,-0.002332,-0.002879,-0.003926,0.0
24.2,0.007635,0.006892,0.006047,0.0
24.4,0.004016,0.004339,0.004443,0.0
24.6,-0.002167,-0.002311,-0.001099,0.0
24.8,0.013457,0.016588,0.016081,0.0
25.0,-0.004116,-0.005919,-0.004589,0.0
25.2,0.015435,0.020033,0.018796,0.0
25.4,-0.021456,-0.024991,-0.024608,0.0
25.6,-0.011419,-0.009484,-0.010314,0.0
25.8,-0.033472,-0.039123,-0.039060,0.0
26.0,-0.010635,-0.010778,-0.010294,0.0
26.2,-0.026958,-0.025805,-0.025615,0.0
26.4,-0.008668,-0.007812,-0.007848,0.0
26.6,-0.020055,-0.021418,-0.020794,0.0
26.8,-0.028658,-0.029917,-0.029572,0.0
27.0,-0.010356,-0.010791,-0.011854,0.0
27.2,-0.005419,-0.008693,-0.009634,0.0
27.4,-0.017757,-0.021369,-0.020301,0.0
27.6,-0.014006,-0.020040,-0.020475,0.0
27.8,-0.001239,-0.001299,-0.000476,0.0
28.0,-0.013899,-0.012877,-0.013282,0.0
28.2,0.021039,0.019739,0.019615,0.0
28.4,-0.008119,-0.008066,-0.008693,0.0
28.6,0.030956,0.035623,0.034951,0.0
28.8,0.006782,0.006684,0.007184,0.0
29.0,0.013306,0.009256,0.008852,0.0
29.2,-0.003762,-0.006590,-0.006937,0.0
29.4,0.000618,0.000330,0.000378,0.0
29.6,0.019948,0.022294,0.021752,0.0
29.8,0.019607,0.019984,0.019273,0.0
30.0,0.028987,0.028976,0.027848,0.0
30.2,-0.021689,-0.022589,-0.022223,0.0
30.4,-0.012795,-0.012750,-0.013018,0.0
30.6,0.013732,0.012156,0.013642,0.0
30.8,-0.000462,0.001156,0.001599,0.0
31.0,-0.009101,-0.011081,-0.012040,0.0
31.2,-0.018664,-0.021696,-0.021990,0.0
31.4,-0.031140,-0.032356,-0.033622,0.0
31.6,-0.009936,-0.005546,-0.005016,0.0
31.8,-0.037058,-0.039496,-0.038060,0.0
32.0,-0.024097,-0.027360,-0.028082,0.0
32.2,-0.000250,-0.000360,0.000474,0.0
32.4,-0.008607,-0.007607,-0.006969,0.0
32.6,-0.029104,-0.032650,-0.032504,0.0
32.8,-0.047225,-0.048324,-0.048162,0.0
33.0,-0.008974,-0.006449,-0.007269,0.0
33.2,0.002461,-0.000822,0.000109,0.0
33.4,0.030426,0.034142,0.033294,0.0
33.6,-0.011578,-0.011788,-0.010323,0.0
33.8,-0.015733,-0.009643,-0.009317,0.0
34.0,0.025921,0.027635,0.029184,0.0
34.2,0.008701,0.006789,0.005758,0.0
34.4,0.025035,0.026880,0.026758,0.0
34.6,0.001686,0.001521,0.002523,0.0
34.8,0.004429,0.005580,0.005451,0.0
35.0,0.014033,0.018372,0.017590,0.0
35.2,0.015063,0.015575,0.015422,0.0
35.4,0.003275,0.005314,0.004105,0.0
35.6,0.032375,0.032305,0.032577,0.0
35.8,0.003545,0.000077,-0.001028,0.0
36.0,-0.011900,-0.016596,-0.017278,0.0
36.2,-0.039222,-0.043037,-0.041716,0.0
36.4,-0.014059,-0.017546,-0.017904,0.0
36.6,-0.014502,-0.018314,-0.020223,0.0
36.8,0.010039,0.011028,0.011473,0.0
37.0,-0.028738,-0.029677,-0.029609,0.0
37.2,-0.026117,-0.024508,-0.023390,0.0
37.4,-0.012705,-0.011854,-0.011954,0.0
37.6,-0.035405,-0.036676,-0.037161,0.0
37.8,-0.002712,-0.004093,-0.004163,0.0
38.0,-0.019237,-0.020855,-0.021796,0.0
38.2,-0.001539,-0.006247,-0.006333,0.0
38.4,-0.020379,-0.018519,-0.019022,0.0
38.6,-0.004209,-0.001055,-0.001490,0.0
38.8,-0.030694,-0.029062,-0.028595,0.0
39.0,0.001053,0.004097,0.003174,0.0
39.2,0.008089,0.011676,0.013380,0.0
39.4,0.012884,0.013633,0.013694,0.0
39.6,0.013671,0.016099,0.016287,0.0
39.8,0.015761,0.014852,0.013777,0.0
40.0,0.003320,0.001307,0.001280,0.0
40.2,0.032568,0.034912,0.034777,0.0
40.4,0.018093,0.016380,0.016551,0.0
40.6,0.011638,0.007182,0.008481,0.0
40.8,0.012593,0.014932,0.015325,0.0
41.0,-0.013105,-0.010134,-0.011200,0.0
41.2,0.022286,0.023630,0.021771,0.0
41.4,0.005190,0.006418,0.006844,0.0
41.6,-0.013412,-0.014302,-0.013234,0.0
41.8,-0.000750,-0.000655,-0.001535,0.0
42.0,-0.009390,-0.010306,-0.011669,0.0
42.2,-0.007941,-0.008901,-0.008322,0.0
42.4,-0.036660,-0.035734,-0.035583,0.0
42.6,-0.005887,-0.005923,-0.005362,0.0
42.8,-0.022779,-0.018806,-0.018809,0.0
43.0,-0.007784,-0.004957,-0.004565,0.0
43.2,-0.042392,-0.039004,-0.038675,0.0
43.4,-0.036302,-0.034224,-0.033382,0.0
43.6,-0.019851,-0.020579,-0.020482,0.0
43.8,0.004110,0.005719,0.004523,0.0
44.0,-0.004542,-0.008858,-0.008832,0.0
44.2,-0.008917,-0.010194,-0.011324,0.0
44.4,-0.022805,-0.029229,-0.031241,0.0
44.6,-0.007556,-0.006624,-0.007510,0.0
44.8,0.006534,0.003178,0.005107,0.0
45.0,-0.016904,-0.016726,-0.016854,0.0
45.2,0.027518,0.026394,0.026773,0.0
45.4,0.019112,0.017450,0.016735,0.0
45.6,0.041527,0.042460,0.042711,0.0
45.8,-0.015023,-0.017718,-0.016797,0.0
46.0,0.016250,0.016021,0.016492,0.0
46.2,0.004117,0.005243,0.005438,0.0
46.4,0.027549,0.028607,0.029271,0.0
46.6,-0.004167,-0.006398,-0.007967,0.0
46.8,-0.002099,-0.001478,-0.004199,0.0
47.0,0.016303,0.015301,0.015991,0.0
47.2,0.007358,0.005523,0.004989,0.0
47.4,-0.003921,-0.002284,-0.002839,0.0
47.6,-0.015222,-0.011563,-0.011588,0.0
47.8,-0.013145,-0.007760,-0.007799,0.0
48.0,-0.018987,-0.021651,-0.023094,0.0
48.2,-0.023905,-0.020770,-0.019633,0.0
48.4,-0.046699,-0.040735,-0.040795,0.0
48.6,-0.028698,-0.030317,-0.031806,0.0
48.8,-0.014110,-0.016465,-0.016690,0.0
49.0,-0.012184,-0.016142,-0.017180,0.0
49.2,-0.026375,-0.023554,-0.022998,0.0
49.4,-0.022578,-0.019439,-0.020385,0.0
49.6,-0.013285,-0.019383,-0.019035,0.0
49.8,0.001520,0.003435,0.003744,0.0
50.0,0.006608,0.002939,0.003119,0.0
50.2,-0.014566,-0.015459,-0.014971,0.0
50.4,0.026509,0.026685,0.026480,0.0
50.6,-0.010798,-0.015187,-0.014297,0.0
50.8,0.011212,0.009788,0.010285,0.0
51.0,-0.012762,-0.014496,-0.016116,0.0
51.2,0.015687,0.015628,0.013340,0.0
51.4,0.026151,0.030005,0.030427,0.0
51.6,0.012374,0.012271,0.012199,0.0
51.8,0.005491,0.003370,0.002263,0.0
52.0,-0.012850,-0.013828,-0.013650,0.0
52.2,0.024337,0.031837,0.032031,0.0
52.4,0.005394,0.008895,0.009359,0.0
52.6,0.022877,0.019566,0.018659,0.0
52.8,-0.007061,-0.008109,-0.008511,0.0
53.0,-0.020780,-0.019990,-0.018771,0.0
53.2,-0.022504,-0.024765,-0.024268,0.0
53.4,-0.008700,-0.007247,-0.007836,0.0
53.6,-0.020471,-0.019495,-0.018605,0.0
53.8,-0.011342,-0.017052,-0.016822,0.0
54.0,-0.023711,-0.027223,-0.027587,0.0
54.2,-0.020939,-0.020955,-0.023309,0.0
54.4,-0.011962,-0.007394,-0.007044,0.0
54.6,-0.032055,-0.030733,-0.031739,0.0
54.8,-0.004477,-0.007387,-0.007819,0.0
55.0,-0.013366,-0.014230,-0.014654,0.0
55.2,0.003538,0.001774,0.000964,0.0
55.4,-0.041343,-0.040261,-0.039563,0.0
55.6,0.002889,0.000691,0.000319,0.0
55.8,-0.009837,-0.010236,-0.011541,0.0
56.0,0.042714,0.040753,0.040772,0.0
56.2,0.016656,0.017637,0.016954,0.0
56.4,-0.014557,-0.010886,-0.010508,0.0
56.6,0.000762,-0.000021,0.000091,0.0
56.8,0.010781,0.008775,0.009059,0.0
57.0,0.024416,0.027515,0.026209,0.0
57.2,0.025741,0.025865,0.025990,0.0
57.4,0.020696,0.021421,0.021752,0.0
57.6,0.011228,0.010705,0.010276,0.0
57.8,0.010087,0.007920,0.007893,0.0
58.0,-0.020911,-0.019362,-0.018898,0.0
58.2,-0.002806,-0.004990,-0.006393,0.0
58.4,0.011757,0.012027,0.012148,0.0
58.6,0.009922,0.007262,0.007660,0.0
58.8,-0.032978,-0.030742,-0.030201,0.0
59.0,-0.026916,-0.026271,-0.025557,0.0
59.2,-0.019205,-0.017629,-0.018115,0.0
59.4,-0.011090,-0.015100,-0.014514,0.0
59.6,-0.005353,-0.008757,-0.008305,0.0
59.8,-0.046167,-0.046978,-0.047242,0.0
60.0,-0.016115,-0.017548,-0.018915,0.0
60.2,-0.013920,-0.016183,-0.015414,0.0
60.4,-0.010972,-0.011243,-0.011667,0.0
60.6,-0.017609,-0.018077,-0.018679,0.0
60.8,-0.013773,-0.012141,-0.012529,0.0
61.0,0.005338,0.012636,0.013227,0.0
61.2,0.001411,0.002633,0.001317,0.0
61.4,-0.003995,-0.004339,-0.005277,0.0
61.6,-0.017208,-0.021032,-0.020917,0.0
61.8,0.030034,0.030478,0.030674,0.0
62.0,0.019309,0.020850,0.020482,0.0
62.2,0.017360,0.014832,0.015535,0.0
62.4,0.008976,0.010601,0.009581,0.0
62.6,0.026941,0.026688,0.025741,0.0
62.8,-0.001729,0.002430,0.002423,0.0
63.0,0.037576,0.036650,0.034885,0.0
63.2,-0.000897,-0.005686,-0.006709,0.0
63.4,0.020677,0.016961,0.017271,0.0
63.6,-0.016458,-0.017648,-0.015813,0.0
63.8,-0.009154,-0.012425,-0.012285,0.0
64.0,-0.001254,-0.000999,-0.001687,0.0
64.2,-0.006325,-0.004337,-0.004811,0.0
64.4,0.001982,0.003960,0.003705,0.0
64.6,-0.019285,-0.015615,-0.016665,0.0
64.8,-0.009868,-0.010230,-0.008751,0.0
65.0,-0.059061,-0.057171,-0.057188,0.0
65.2,-0.026993,-0.027932,-0.028234,0.0
65.4,-0.023294,-0.021172,-0.020729,0.0
65.6,-0.009994,-0.012189,-0.011477,0.0
65.8,-0.007767,-0.005589,-0.006060,0.0
66.0,-0.013511,-0.009640,-0.011047,0.0
66.2,-0.024529,-0.022388,-0.023411,0.0
66.4,0.001165,-0.000085,-0.001123,0.0
66.6,-0.007026,-0.002216,-0.002141,0.0
66.8,0.006439,0.006698,0.006668,0.0
67.0,-0.015502,-0.017788,-0.017117,0.0
67.2,-0.004532,-0.002356,-0.002338,0.0
67.4,0.013526,0.007456,0.006710,0.0
67.6,0.014366,0.013616,0.011250,0.0
67.8,0.012071,0.015437,0.014838,0.0
68.0,0.004450,0.002420,0.002975,0.0
68.2,0.035360,0.037162,0.037932,0.0
68.4,0.005212,0.001453,0.001554,0.0
68.6,0.002647,0.002319,0.002064,0.0
68.8,0.029481,0.029321,0.029439,0.0
69.0,0.003801,0.003311,0.003357,0.0
69.2,0.027254,0.033515,0.033387,0.0
69.4,-0.018278,-0.017210,-0.015811,0.0
69.6,-0.007773,-0.012320,-0.012294,0.0
69.8,-0.008882,-0.010639,-0.009307,0.0
70.0,-0.009028,-0.010090,-0.009899,0.0
70.2,-0.033113,-0.033618,-0.034472,0.0
70.4,-0.006821,-0.005916,-0.006095,0.0
70.6,-0.016404,-0.019416,-0.020064,0.0
70.8,-0.005681,-0.002731,-0.003256,0.0
71.0,-0.035474,-0.039170,-0.039807,0.0
71.2,-0.026410,-0.028171,-0.028208,0.0
71.4,-0.015340,-0.016534,-0.017814,0.0
71.6,0.000889,-0.001664,-0.002428,0.0
71.8,-0.010203,-0.009394,-0.010310,0.0
72.0,-0.032494,-0.034452,-0.035462,0.0
72.2,0.001962,-0.001077,-0.002992,0.0
72.4,-0.016237,-0.020101,-0.019330,0.0
72.6,0.024229,0.023645,0.024630,0.0
72.8,-0.004424,-0.005877,-0.004425,0.0
73.0,0.024996,0.025952,0.025070,0.0
73.2,0.017312,0.018713,0.019240,0.0
73.4,0.025385,0.026354,0.026056,0.0
73.6,-0.013155,-0.013978,-0.014066,0.0
73.8,0.007361,0.008238,0.009317,0.0
74.0,0.033470,0.033156,0.031856,0.0
74.2,0.027487,0.027619,0.028744,0.0
74.4,0.014667,0.015100,0.013090,0.0
74.6,-0.014533,-0.016157,-0.016665,0.0
74.8,0.002397,0.001950,0.002248,0.0
75.0,-0.004686,-0.006044,-0.007309,0.0
75.2,0.004917,0.002982,0.002105,0.0
75.4,-0.016953,-0.017732,-0.017882,0.0
75.6,-0.001798,-0.001700,-0.000069,0.0
75.8,-0.028616,-0.030434,-0.031309,0.0
76.0,-0.007892,-0.006122,-0.005995,0.0
76.2,-0.014140,-0.020068,-0.020234,0.0
76.4,-0.003680,-0.004154,-0.003983,0.0
76.6,-0.001192,-0.001020,-0.000663,0.0
76.8,-0.029850,-0.029323,-0.028836,0.0
77.0,-0.025007,-0.020231,-0.019879,0.0
77.2,-0.041700,-0.044846,-0.044440,0.0
77.4,0.003740,0.006701,0.006042,0.0
77.6,-0.009116,-0.010560,-0.010028,0.0
77.8,0.011147,0.008292,0.010500,0.0
78.0,-0.004164,-0.005698,-0.004726,0.0
78.2,0.000347,0.001572,0.000638,0.0
78.4,0.015291,0.014234,0.014242,0.0
78.6,0.011512,0.013174,0.014177,0.0
78.8,0.041899,0.043307,0.043309,0.0
79.0,0.021919,0.021166,0.021826,0.0
79.2,0.016288,0.012982,0.012928,0.0
79.4,0.000747,-0.005085,-0.005795,0.0
79.6,0.015783,0.015553,0.015501,0.0
79.8,-0.002175,-0.001531,-0.002027,0.0
80.0,0.017534,0.015074,0.015119,0.0
80.2,-0.009166,-0.007576,-0.007801,0.0
80.4,0.012503,0.016807,0.017084,0.0
80.6,-0.021421,-0.021677,-0.020051,0.0
80.8,-0.008641,-0.006649,-0.005273,0.0
81.0,-0.004345,-0.004593,-0.006680,0.0
81.2,-0.004106,-0.000421,0.001401,0.0
81.4,0.003636,0.004472,0.004764,0.0
81.6,-0.041709,-0.039876,-0.039025,0.0
81.8,-0.013800,-0.010949,-0.010342,0.0
82.0,-0.035741,-0.037751,-0.037822,0.0
82.2,0.008029,0.005406,0.004486,0.0
82.4,-0.026306,-0.028159,-0.027962,0.0
82.6,-0.011955,-0.011973,-0.010800,0.0
82.8,-0.028693,-0.028997,-0.028350,0.0
83.0,0.002879,0.003333,0.003340,0.0
83.2,-0.016761,-0.015235,-0.017668,0.0
83.4,-0.001928,-0.004212,-0.003149,0.0
83.6,0.006633,0.006407,0.007062,0.0
83.8,0.017240,0.017361,0.016348,0.0
84.0,-0.000821,-0.002165,-0.001564,0.0
84.2,-0.010669,-0.011370,-0.008408,0.0
84.4,0.008927,0.006248,0.006474,0.0
84.6,0.038388,0.037987,0.037668,0.0
84.8,0.038768,0.039294,0.040212,0.0
85.0,0.010165,0.010650,0.010885,0.0
85.2,0.011487,0.013176,0.013216,0.0
85.4,0.000326,0.002310,0.003536,0.0
85.6,0.013102,0.011988,0.012569,0.0
85.8,-0.001369,-0.001846,-0.000467,0.0
86.0,0.006260,0.007317,0.007548,0.0
86.2,0.018297,0.019348,0.018132,0.0
86.4,-0.015428,-0.016276,-0.017488,0.0
86.6,-0.003369,-0.004168,-0.003680,0.0
86.8,-0.039326,-0.036249,-0.036865,0.0
87.0,-0.003620,-0.003378,-0.003725,0.0
87.2,-0.025906,-0.026064,-0.026163,0.0
87.4,-0.017942,-0.017428,-0.017104,0.0
87.6,-0.034523,-0.034978,-0.036500,0.0
87.8,-0.025853,-0.029936,-0.028879,0.0
88.0,-0.004368,-0.006725,-0.007400,0.0
88.2,-0.013579,-0.017854,-0.017938,0.0
88.4,-0.011226,-0.008747,-0.008645,0.0
88.6,-0.015945,-0.014461,-0.014143,0.0
88.8,-0.005218,-0.003996,-0.005531,0.0
89.0,-0.011306,-0.011950,-0.013574,0.0
89.2,0.008772,0.006266,0.006299,0.0
89.4,0.009305,0.012351,0.012323,0.0
89.6,0.038127,0.039346,0.041137,0.0
89.8,-0.005718,-0.004124,-0.004022,0.0
90.0,0.019593,0.021794,0.022947,0.0
90.2,-0.005548,-0.005257,-0.005104,0.0
90.4,0.036648,0.040248,0.039719,0.0
90.6,0.014379,0.020074,0.020467,0.0
90.8,0.018692,0.019402,0.018986,0.0
91.0,0.011504,0.008774,0.008357,0.0
91.2,0.000409,-0.001899,-0.003061,0.0
91.4,0.014220,0.013328,0.012970,0.0
91.6,-0.007832,-0.008103,-0.007647,0.0
91.8,0.006202,0.005956,0.005286,0.0
92.0,-0.004375,0.001424,-0.001854,0.0
92.2,-0.002372,-0.004392,-0.005918,0.0
92.4,-0.018163,-0.015422,-0.016081,0.0
92.6,-0.016296,-0.014532,-0.012064,0.0
92.8,-0.027355,-0.029942,-0.030233,0.0
93.0,-0.008078,-0.011799,-0.012477,0.0
93.2,-0.016155,-0.018575,-0.018293,0.0
93.4,-0.001592,-0.000986,-0.000035,0.0
93.6,-0.016560,-0.013297,-0.013679,0.0
93.8,-0.020848,-0.017842,-0.017802,0.0
94.0,-0.021280,-0.021340,-0.020663,0.0
94.2,-0.017717,-0.016676,-0.016226,0.0
94.4,0.012123,0.008630,0.009359,0.0
94.6,-0.007878,-0.004856,-0.004590,0.0
94.8,0.017756,0.019939,0.020685,0.0
95.0,0.000982,0.003191,0.002525,0.0
95.2,0.025102,0.022966,0.023109,0.0
95.4,0.012211,0.012722,0.012879,0.0
95.6,0.009217,0.011445,0.011234,0.0
95.8,0.023494,0.025036,0.024847,0.0
96.0,0.002071,0.000060,-0.000005,0.0
96.2,0.009837,0.010117,0.009589,0.0
96.4,-0.008765,-0.009692,-0.010139,0.0
96.6,0.021969,0.025490,0.024648,0.0
96.8,0.017291,0.016417,0.016958,0.0
97.0,0.021278,0.021523,0.020891,0.0
97.2,-0.007425,-0.004679,-0.005234,0.0
97.4,-0.003776,-0.007921,-0.007226,0.0
97.6,-0.019295,-0.022573,-0.023665,0.0
97.8,0.013491,0.010680,0.009090,0.0
98.0,-0.018986,-0.019222,-0.017882,0.0
98.2,-0.003163,-0.002720,-0.002831,0.0
98.4,-0.020609,-0.016415,-0.015203,0.0
98.6,-0.031130,-0.027393,-0.028671,0.0
98.8,-0.022307,-0.020802,-0.020817,0.0
99.0,-0.049266,-0.050294,-0.048440,0.0
99.2,0.018698,0.020155,0.018586,0.0
99.4,-0.009876,-0.011290,-0.010702,0.0
99.6,0.001820,0.002690,0.001574,0.0
99.8,-0.043161,-0.046121,-0.044699,0.0
100.0,0.006883,0.009189,0.009392,0.0
100.2,0.015154,0.022304,0.021613,0.0
100.4,0.011039,0.011181,0.009876,0.0
100.6,0.004871,0.007137,0.007419,0.0
100.8,-0.001215,-0.000624,-0.000357,0.0
101.0,0.025493,0.028043,0.027580,0.0
101.2,0.008337,0.007189,0.006178,0.0
101.4,0.022012,0.020429,0.020498,0.0
101.6,0.019747,0.015229,0.015654,0.0
101.8,0.029889,0.028878,0.027584,0.0
102.0,0.004023,0.003172,0.004206,0.0
102.2,0.007048,0.006542,0.005622,0.0
102.4,-0.024967,-0.028880,-0.028963,0.0
102.6,0.017993,0.020432,0.021936,0.0
102.8,0.004201,0.004078,0.003613,0.0
103.0,0.006523,0.004000,0.003549,0.0
103.2,-0.028854,-0.026183,-0.026330,0.0
103.4,-0.022491,-0.027185,-0.025443,0.0
103.6,-0.008654,-0.010323,-0.010604,0.0
103.8,-0.025648,-0.027183,-0.026866,0.0
104.0,-0.010129,-0.008514,-0.007903,0.0
104.2,-0.035962,-0.040674,-0.040198,0.0
104.4,-0.007133,-0.005063,-0.005568,0.0
104.6,-0.026834,-0.024267,-0.023507,0.0
104.8,-0.017872,-0.020580,-0.020615,0.0
105.0,0.006264,0.005939,0.005205,0.0
105.2,0.005601,0.003546,0.001989,0.0
105.4,0.010605,0.007089,0.006892,0.0
105.6,-0.015352,-0.020063,-0.020076,0.0
105.8,-0.009086,-0.010370,-0.009544,0.0
106.0,-0.013514,-0.017994,-0.018832,0.0
106.2,0.016448,0.022338,0.023452,0.0
106.4,0.004053,-0.000949,-0.000958,0.0
106.6,0.036627,0.032413,0.031796,0.0
106.8,0.003604,0.002724,0.002143,0.0
107.0,0.016668,0.019448,0.019892,0.0
107.2,0.009384,0.005651,0.004288,0.0
107.4,0.046704,0.042999,0.043027,0.0
107.6,0.011794,0.009155,0.010187,0.0
107.8,0.009251,0.008583,0.006398,0.0
108.0,0.000531,0.003869,0.003969,0.0
108.2,-0.006147,-0.003391,-0.005494,0.0
108.4,0.016954,0.019217,0.018451,0.0
108.6,-0.010808,-0.012969,-0.012876,0.0
108.8,0.009966,0.014714,0.014394,0.0
109.0,-0.028031,-0.025623,-0.025322,0.0
109.2,-0.020761,-0.019891,-0.021899,0.0
109.4,-0.034439,-0.032910,-0.033715,0.0
109.6,-0.002070,-0.002428,-0.001761,0.0
109.8,-0.018869,-0.016940,-0.015916,0.0
110.0,0.002670,0.001858,0.003309,0.0
110.2,-0.029048,-0.028149,-0.029357,0.0
110.4,-0.021289,-0.022288,-0.021572,0.0
110.6,-0.019647,-0.022164,-0.021882,0.0
110.8,-0.002205,-0.003991,-0.004109,0.0
111.0,-0.001304,-0.002100,-0.002125,0.0
111.2,-0.003314,-0.004299,-0.003723,0.0
111.4,0.015110,0.017151,0.016317,0.0
111.6,0.008328,0.007665,0.007103,0.0
111.8,0.009948,0.010807,0.009922,0.0
112.0,-0.007064,-0.008937,-0.009602,0.0
112.2,0.035884,0.036780,0.036895,0.0
112.4,0.030450,0.028007,0.026654,0.0
112.6,0.014749,0.015724,0.015666,0.0
112.8,0.003453,0.005853,0.005758,0.0
113.0,0.002305,-0.001359,-0.002835,0.0
113.2,0.025861,0.026111,0.025629,0.0
113.4,0.007971,0.010099,0.010082,0.0
113.6,0.018174,0.013912,0.013366,0.0
113.8,-0.008365,-0.011202,-0.010248,0.0
114.0,0.018629,0.016422,0.015806,0.0
114.2,-0.003870,-0.003863,-0.002165,0.0
114.4,-0.009848,-0.006793,-0.006513,0.0
114.6,-0.016235,-0.014651,-0.015760,0.0
114.8,-0.011681,-0.011449,-0.012087,0.0
115.0,-0.006092,-0.009789,-0.010635,0.0
115.2,-0.015680,-0.017023,-0.017599,0.0
115.4,-0.038227,-0.035382,-0.035860,0.0
115.6,-0.012519,-0.014517,-0.014737,0.0
115.8,-0.005417,-0.004950,-0.004341,0.0
116.0,-0.026608,-0.026969,-0.026532,0.0
116.2,-0.002655,0.001018,0.001280,0.0
116.4,-0.024583,-0.021728,-0.021545,0.0
116.6,0.012951,0.016459,0.016076,0.0
116.8,-0.008424,-0.006163,-0.007092,0.0
117.0,0.025500,0.023442,0.022192,0.0
117.2,-0.004918,-0.006816,-0.006227,0.0
117.4,0.029795,0.024818,0.026836,0.0
117.6,0.011466,0.013582,0.013777,0.0
117.8,0.009341,0.013299,0.013186,0.0
118.0,0.014205,0.015696,0.017013,0.0
118.2,0.004071,0.004805,0.005959,0.0
118.4,0.034828,0.036675,0.037092,0.0
118.6,0.013898,0.012789,0.012371,0.0
118.8,0.005510,0.003526,0.003092,0.0
119.0,-0.015855,-0.020940,-0.021739,0.0
119.2,0.010687,0.009507,0.009917,0.0
119.4,-0.007903,-0.009984,-0.010125,0.0
119.6,0.017806,0.018464,0.018101,0.0
119.8,-0.010653,-0.012067,-0.013152,0.0
120.0,-0.000206,-0.000524,-0.000066,0.0
120.2,-0.021751,-0.016737,-0.017103,0.0
120.4,-0.010546,-0.010686,-0.009392,0.0
120.6,-0.024504,-0.029430,-0.029198,0.0
120.8,-0.009486,-0.012322,-0.012218,0.0
121.0,-0.004880,-0.007589,-0.008564,0.0
121.2,-0.028768,-0.035346,-0.035505,0.0
121.4,-0.007904,-0.008189,-0.006806,0.0
121.6,-0.040796,-0.039212,-0.040824,0.0
121.8,0.007421,0.006385,0.007437,0.0
122.0,0.015052,0.011641,0.012309,0.0
122.2,0.009588,0.011243,0.011564,0.0
122.4,-0.013721,-0.016696,-0.016253,0.0
122.6,-0.009012,-0.006182,-0.005585,0.0
122.8,0.014137,0.012015,0.012085,0.0
123.0,0.011041,0.011189,0.009359,0.0
123.2,0.029353,0.030413,0.029208,0.0
123.4,-0.002231,0.000992,0.000886,0.0
123.6,0.040679,0.037982,0.037514,0.0
123.8,0.016325,0.019193,0.019493,0.0
124.0,0.016645,0.018035,0.017649,0.0
124.2,0.009852,0.009583,0.009859,0.0
124.4,0.033596,0.035019,0.035162,0.0
124.6,0.001582,-0.002764,-0.002706,0.0
124.8,0.007633,0.006025,0.007325,0.0
125.0,-0.035932,-0.038560,-0.039354,0.0
125.2,-0.015119,-0.012238,-0.011964,0.0
125.4,0.026045,0.021751,0.022020,0.0
125.6,-0.005523,-0.005638,-0.005616,0.0
125.8,0.003757,0.005200,0.005716,0.0
126.0,-0.043189,-0.040757,-0.040353,0.0
126.2,-0.004570,-0.003686,-0.003007,0.0
126.4,-0.033239,-0.036889,-0.037292,0.0
126.6,0.007461,0.007188,0.007013,0.0
126.8,-0.035343,-0.037962,-0.037883,0.0
127.0,-0.001410,-0.002975,-0.004654,0.0
127.2,-0.002401,-0.003951,-0.003344,0.0
127.4,-0.023438,-0.024902,-0.023935,0.0
127.6,-0.011038,-0.007443,-0.007056,0.0
127.8,0.011974,0.016645,0.018497,0.0
128.0,0.014510,0.013622,0.013223,0.0
128.2,0.017139,0.010566,0.010370,0.0
128.4,0.005754,0.012599,0.010848,0.0
128.6,-0.003523,-0.005164,-0.005181,0.0
128.8,0.042373,0.040856,0.040099,0.0
129.0,0.018215,0.012327,0.012315,0.0
129.2,0.035908,0.037988,0.038618,0.0
129.4,0.011052,0.009476,0.009420,0.0
129.6,0.018219,0.019791,0.019541,0.0
129.8,-0.002522,-0.004842,-0.004042,0.0
130.0,0.025804,0.022379,0.021712,0.0
130.2,0.020829,0.018227,0.019312,0.0
130.4,0.006042,0.007852,0.008267,0.0
130.6,0.026458,0.027970,0.027552,0.0
130.8,-0.029329,-0.030536,-0.030327,0.0
131.0,-0.002886,-0.003139,-0.003417,0.0
131.2,-0.017196,-0.014875,-0.015692,0.0
131.4,-0.004139,-0.004268,-0.003411,0.0
131.6,-0.001273,-0.000714,-0.001508,0.0
131.8,-0.020715,-0.021576,-0.020937,0.0
132.0,-0.030737,-0.027627,-0.028830,0.0
132.2,-0.025277,-0.026195,-0.025772,0.0
132.4,-0.006385,-0.005868,-0.006525,0.0
132.6,-0.009712,-0.003470,-0.003379,0.0
132.8,0.002564,0.002115,0.001356,0.0
133.0,-0.019378,-0.016676,-0.016394,0.0
133.2,0.000151,-0.001107,-0.000420,0.0
133.4,0.000407,-0.002142,-0.001556,0.0
133.6,0.029668,0.027947,0.029220,0.0
133.8,-0.014444,-0.015456,-0.016134,0.0
134.0,0.042268,0.042634,0.043046,0.0
134.2,0.008543,0.010142,0.011031,0.0
134.4,0.025677,0.026038,0.026190,0.0
134.6,-0.001634,-0.000764,0.000058,0.0
134.8,0.006788,0.009896,0.009007,0.0
135.0,0.027998,0.024294,0.023998,0.0
135.2,0.011244,0.011753,0.012493,0.0
135.4,0.016387,0.018046,0.017158,0.0
135.6,-0.005638,-0.009816,-0.010836,0.0
135.8,0.032776,0.034240,0.035476,0.0
136.0,0.009418,0.013031,0.010673,0.0
136.2,0.023978,0.023552,0.023364,0.0
136.4,-0.008262,-0.007283,-0.008011,0.0
136.6,-0.013113,-0.013880,-0.014250,0.0
136.8,-0.006903,-0.006603,-0.006028,0.0
137.0,-0.009952,-0.006553,-0.005994,0.0
137.2,-0.033130,-0.038166,-0.037114,0.0
137.4,-0.003573,-0.004549,-0.006282,0.0
137.6,-0.003340,-0.005093,-0.006505,0.0
137.8,-0.016125,-0.015000,-0.014970,0.0
138.0,-0.025586,-0.029904,-0.030783,0.0
138.2,-0.028713,-0.026750,-0.026316,0.0
138.4,0.008807,0.009835,0.011037,0.0
138.6,-0.003592,-0.007543,-0.006579,0.0
138.8,0.009134,0.007140,0.008438,0.0
139.0,-0.007427,-0.008765,-0.008222,0.0
139.2,0.022952,0.027755,0.029296,0.0
139.4,-0.000217,0.000133,-0.000534,0.0
139.6,0.001146,0.001949,0.001296,0.0
139.8,0.011681,0.014806,0.012742,0.0
140.0,0.014044,0.015139,0.015444,0.0
140.2,0.041998,0.039583,0.039468,0.0
140.4,0.023291,0.022879,0.024294,0.0
140.6,0.017447,0.011844,0.012964,0.0
140.8,0.010354,0.012566,0.012544,0.0
141.0,0.025263,0.026387,0.026180,0.0
141.2,0.014415,0.015592,0.015136,0.0
141.4,0.010843,0.009678,0.009855,0.0
141.6,-0.010387,-0.008092,-0.009298,0.0
141.8,-0.005017,-0.004293,-0.004859,0.0
142.0,-0.003353,-0.002327,-0.003380,0.0
142.2,-0.007197,-0.006592,-0.006333,0.0
142.4,-0.010989,-0.006138,-0.004579,0.0
142.6,-0.005556,-0.009450,-0.009928,0.0
142.8,-0.002259,-0.006417,-0.007011,0.0
143.0,-0.035270,-0.037009,-0.036934,0.0
143.2,-0.004964,-0.005115,-0.004516,0.0
143.4,-0.032237,-0.031167,-0.031842,0.0
143.6,0.026328,0.024094,0.024484,0.0
143.8,-0.011196,-0.010930,-0.012118,0.0
144.0,-0.000998,-0.006438,-0.006791,0.0
144.2,-0.020513,-0.021200,-0.019549,0.0
144.4,0.003492,0.003534,0.003071,0.0
144.6,0.012921,0.013196,0.012624,0.0
144.8,0.028074,0.025033,0.026323,0.0
145.0,0.005786,0.005496,0.006080,0.0
145.2,-0.006599,-0.004611,-0.004348,0.0
145.4,0.020976,0.020329,0.019223,0.0
145.6,0.022982,0.023018,0.022868,0.0
145.8,0.045374,0.048815,0.048457,0.0
146.0,0.015697,0.018034,0.018102,0.0
146.2,0.036874,0.035399,0.034977,0.0
146.4,0.012938,0.012853,0.013223,0.0
146.6,0.024096,0.025543,0.024438,0.0
146.8,-0.017302,-0.019544,-0.019020,0.0
147.0,0.024429,0.021257,0.020822,0.0
147.2,0.010335,0.011040,0.011845,0.0
147.4,0.010087,0.014769,0.013820,0.0
147.6,-0.011022,-0.014640,-0.014031,0.0
147.8,-0.036007,-0.034899,-0.036324,0.0
148.0,-0.008178,-0.008079,-0.008411,0.0
148.2,-0.004016,0.000476,0.001912,0.0
148.4,0.010276,0.008211,0.007795,0.0
148.6,-0.031839,-0.029761,-0.029950,0.0
148.8,-0.016205,-0.017059,-0.017290,0.0
149.0,-0.014001,-0.010429,-0.009247,0.0
149.2,-0.004683,-0.005805,-0.005733,0.0
149.4,0.004243,0.005015,0.004751,0.0
149.6,-0.010614,-0.013666,-0.013326,0.0
149.8,0.018397,0.017927,0.017757,0.0
150.0,-0.013382,-0.011669,-0.010589,0.0
150.2,-0.006191,-0.008587,-0.009138,0.0
150.4,0.000270,0.001757,0.001410,0.0
150.6,0.038041,0.038781,0.037293,0.0
150.8,0.020151,0.023623,0.023670,0.0
151.0,0.035310,0.035333,0.036361,0.0
151.2,-0.012556,-0.013692,-0.013635,0.0
151.4,0.026166,0.026655,0.026654,0.0
151.6,0.017504,0.017066,0.015974,0.0
151.8,0.036253,0.038388,0.037978,0.0
152.0,0.013768,0.018463,0.018144,0.0
152.2,0.026041,0.026187,0.026443,0.0
152.4,0.023566,0.022874,0.022977,0.0
152.6,-0.002107,-0.003495,-0.002355,0.0
152.8,0.023653,0.024454,0.025092,0.0
153.0,-0.020528,-0.019763,-0.020212,0.0
153.2,0.036936,0.037377,0.036438,0.0
153.4,-0.025975,-0.024218,-0.023981,0.0
153.6,-0.020334,-0.022008,-0.021878,0.0
153.8,-0.036124,-0.034467,-0.034684,0.0
154.0,-0.007594,-0.002183,-0.001742,0.0
154.2,-0.013174,-0.008686,-0.009892,0.0
154.4,-0.008716,-0.011260,-0.012893,0.0
154.6,-0.019661,-0.021537,-0.021831,0.0
154.8,-0.015958,-0.015413,-0.014783,0.0
155.0,-0.002588,-0.002233,-0.002303,0.0
155.2,-0.007950,-0.010888,-0.012610,0.0
155.4,0.007867,0.010578,0.011179,0.0
155.6,0.001386,0.003267,0.004289,0.0
155.8,0.007374,0.005582,0.004073,0.0
156.0,-0.013011,-0.012052,-0.012150,0.0
156.2,0.029037,0.024940,0.025108,0.0
156.4,0.006217,0.008408,0.008936,0.0
156.6,0.035862,0.033697,0.034327,0.0
156.8,0.032286,0.031648,0.030103,0.0
157.0,0.011463,0.014507,0.014901,0.0
157.2,0.021806,0.016768,0.018427,0.0
157.4,0.005894,0.006094,0.005934,0.0
157.6,0.033298,0.032412,0.031492,0.0
157.8,0.010046,0.009088,0.008230,0.0
158.0,0.027495,0.027136,0.025727,0.0
158.2,-0.016808,-0.016719,-0.016102,0.0
158.4,0.005749,0.005605,0.006130,0.0
158.6,-0.005353,-0.005338,-0.005522,0.0
158.8,-0.003155,-0.005565,-0.005429,0.0
159.0,0.003965,0.006186,0.006744,0.0
159.2,-0.013199,-0.014965,-0.014521,0.0
159.4,-0.011463,-0.012991,-0.013316,0.0
159.6,-0.003497,-0.003826,-0.004458,0.0
159.8,-0.006220,-0.002930,-0.003318,0.0
160.0,-0.033947,-0.037443,-0.035884,0.0
160.2,0.002769,-0.000623,-0.001374,0.0
160.4,-0.021203,-0.021171,-0.020784,0.0
160.6,0.016227,0.020027,0.020853,0.0
160.8,-0.026051,-0.026434,-0.026353,0.0
161.0,0.008499,0.007389,0.006261,0.0
161.2,0.002423,0.001708,0.001697,0.0
161.4,0.015386,0.015487,0.014569,0.0
161.6,0.000900,0.000323,-0.000850,0.0
161.8,0.009557,0.008964,0.008324,0.0
162.0,0.035854,0.035430,0.036180,0.0
162.2,0.003667,0.004581,0.005598,0.0
162.4,0.030092,0.027939,0.028188,0.0
162.6,0.020802,0.016882,0.015976,0.0
162.8,0.040296,0.039766,0.040190,0.0
163.0,0.025414,0.024572,0.024446,0.0
163.2,0.012116,0.011531,0.010971,0.0
163.4,-0.010172,-0.010803,-0.011357,0.0
163.6,0.013576,0.011392,0.012349,0.0
163.8,0.002684,0.000162,0.000183,0.0
164.0,0.012331,0.013307,0.013375,0.0
164.2,-0.007750,-0.013656,-0.013434,0.0
164.4,-0.002128,-0.005945,-0.004749,0.0
164.6,-0.003677,-0.005549,-0.005280,0.0
164.8,0.002302,-0.001126,0.000752,0.0
165.0,-0.007056,-0.003857,-0.002399,0.0
165.2,-0.016660,-0.016955,-0.017086,0.0
165.4,0.015207,0.017867,0.018093,0.0
165.6,-0.041479,-0.042136,-0.042223,0.0
165.8,-0.020461,-0.021611,-0.020956,0.0
166.0,-0.031060,-0.029331,-0.030502,0.0
166.2,0.007559,0.006689,0.007265,0.0
166.4,0.023604,0.026329,0.028092,0.0
166.6,-0.002754,-0.007708,-0.007604,0.0
166.8,-0.003054,-0.001722,0.000888,0.0
167.0,0.001071,0.000631,0.000598,0.0
167.2,0.019476,0.021139,0.021631,0.0
167.4,0.020686,0.021396,0.022326,0.0
167.6,0.037734,0.035869,0.037419,0.0
167.8,0.023886,0.022148,0.021410,0.0
168.0,0.020170,0.018421,0.018788,0.0
168.2,0.018849,0.016665,0.016932,0.0
168.4,0.021369,0.017535,0.018468,0.0
168.6,0.012657,0.008383,0.007826,0.0
168.8,0.037919,0.036934,0.036047,0.0
169.0,0.007406,0.005912,0.005193,0.0
169.2,0.001589,-0.000635,-0.001333,0.0
169.4,0.007687,0.010297,0.009675,0.0
169.6,-0.010412,-0.006959,-0.006303,0.0
169.8,0.022575,0.021623,0.021142,0.0
170.0,-0.016023,-0.016531,-0.015960,0.0
170.2,0.004428,0.001830,0.002767,0.0
170.4,-0.043364,-0.042834,-0.042228,0.0
170.6,-0.010818,-0.010291,-0.010075,0.0
170.8,-0.035775,-0.033949,-0.034303,0.0
171.0,0.007845,0.008358,0.007809,0.0
171.2,-0.015293,-0.013935,-0.014794,0.0
171.4,-0.010255,-0.011083,-0.011633,0.0
171.6,-0.010853,-0.009177,-0.008046,0.0
171.8,-0.008951,-0.007631,-0.008035,0.0
172.0,-0.008549,-0.014760,-0.014156,0.0
172.2,0.012334,0.012652,0.012791,0.0
172.4,0.020161,0.015406,0.017519,0.0
172.6,0.002840,0.000443,-0.000830,0.0
172.8,0.018106,0.013839,0.014138,0.0
173.0,-0.010861,-0.011860,-0.013345,0.0
173.2,0.029353,0.028258,0.027913,0.0
173.4,0.023700,0.025061,0.024869,0.0
173.6,0.038419,0.043295,0.042181,0.0
173.8,0.008493,0.010520,0.010661,0.0
174.0,0.006819,0.002367,0.002261,0.0
174.2,0.010432,0.012929,0.012615,0.0
174.4,0.025845,0.025231,0.025476,0.0
174.6,0.027613,0.030573,0.031953,0.0
174.8,0.002104,0.005204,0.005475,0.0
175.0,0.026884,0.027493,0.026229,0.0
175.2,-0.010009,-0.013346,-0.013337,0.0
175.4,-0.002695,-0.003999,-0.005543,0.0
175.6,-0.019376,-0.018954,-0.019866,0.0
175.8,0.007374,0.006640,0.005015,0.0
176.0,-0.000309,-0.000781,0.000115,0.0
176.2,-0.020409,-0.017193,-0.018543,0.0
176.4,-0.032516,-0.033982,-0.033446,0.0
176.6,-0.024969,-0.026668,-0.026815,0.0
176.8,-0.000946,-0.001053,-0.000643,0.0
177.0,-0.012845,-0.016735,-0.018073,0.0
177.2,-0.006337,-0.002747,-0.003782,0.0
177.4,-0.020856,-0.025461,-0.025669,0.0
177.6,0.003115,0.001925,0.001077,0.0
177.8,-0.015979,-0.014460,-0.015845,0.0
178.0,0.025367,0.025338,0.024052,0.0
178.2,-0.000200,-0.001781,-0.000949,0.0
178.4,0.041693,0.043589,0.044153,0.0
178.6,0.000975,0.000398,0.001494,0.0
178.8,0.004367,0.003221,0.003254,0.0
179.0,0.023109,0.020866,0.020095,0.0
179.2,0.019246,0.016161,0.014735,0.0
179.4,0.047112,0.048568,0.050002,0.0
179.6,0.009325,0.011982,0.012973,0.0
179.8,0.032146,0.031690,0.032824,0.0
180.0,0.000664,0.003900,0.003757,0.0
180.2,0.025190,0.023541,0.022066,0.0
180.4,-0.009643,-0.010856,-0.010948,0.0
180.6,0.003620,-0.000709,-0.000135,0.0
180.8,-0.005860,-0.007680,-0.006560,0.0
181.0,0.009674,0.007553,0.008907,0.0
181.2,-0.006980,-0.007449,-0.006691,0.0
181.4,-0.004439,-0.001267,-0.002132,0.0
181.6,0.004729,0.002788,0.000752,0.0
181.8,-0.001394,-0.006760,-0.008371,0.0
182.0,-0.020048,-0.023358,-0.024652,0.0
182.2,-0.039179,-0.035191,-0.034438,0.0
182.4,-0.001490,-0.003174,-0.003099,0.0
182.6,-0.021095,-0.018696,-0.018724,0.0
182.8,0.004461,0.002183,0.001346,0.0
183.0,-0.020017,-0.017736,-0.018224,0.0
183.2,0.019355,0.021004,0.018998,0.0
183.4,-0.000332,0.002552,0.002059,0.0
183.6,0.009199,0.013292,0.012508,0.0
183.8,0.013026,0.018088,0.017666,0.0
184.0,0.006073,0.001276,0.001752,0.0
184.2,0.024411,0.023367,0.023454,0.0
184.4,0.017660,0.020592,0.019410,0.0
184.6,0.038383,0.044982,0.045011,0.0
184.8,0.004445,0.007127,0.006691,0.0
185.0,0.015678,0.018089,0.019102,0.0
185.2,0.012789,0.011612,0.009609,0.0
185.4,0.028150,0.029016,0.029675,0.0
185.6,0.034378,0.034942,0.035584,0.0
185.8,0.008538,0.005663,0.005263,0.0
186.0,-0.004930,-0.005124,-0.003264,0.0
186.2,-0.012504,-0.013708,-0.010793,0.0
186.4,-0.000103,0.000859,0.001035,0.0
186.6,0.004969,0.008370,0.008452,0.0
186.8,-0.004168,-0.003756,-0.004640,0.0
187.0,-0.025325,-0.023691,-0.024509,0.0
187.2,-0.000248,0.003111,0.002569,0.0
187.4,-0.026903,-0.025293,-0.024655,0.0
187.6,-0.006214,-0.005338,-0.006216,0.0
187.8,-0.034796,-0.036218,-0.037147,0.0
188.0,0.019514,0.017491,0.017300,0.0
188.2,-0.010431,-0.008851,-0.008132,0.0
188.4,-0.012157,-0.013731,-0.014199,0.0
188.6,-0.013630,-0.010168,-0.010460,0.0
188.8,-0.008316,-0.009964,-0.009383,0.0
189.0,0.031633,0.030525,0.029027,0.0
189.2,-0.002422,-0.001969,-0.000041,0.0
189.4,0.009612,0.010491,0.009546,0.0
189.6,0.000935,0.001430,0.001769,0.0
189.8,0.020786,0.012764,0.012853,0.0
190.0,0.013515,0.012687,0.012109,0.0
190.2,0.033273,0.031622,0.030828,0.0
190.4,0.009492,0.008227,0.007981,0.0
190.6,0.041723,0.039889,0.039777,0.0
190.8,0.005425,0.007143,0.006140,0.0
191.0,0.013109,0.012050,0.011399,0.0
191.2,-0.000246,0.004722,0.005301,0.0
191.4,0.038616,0.036617,0.036116,0.0
191.6,0.019578,0.023714,0.024380,0.0
191.8,-0.006465,-0.004765,-0.005367,0.0
192.0,-0.014841,-0.015800,-0.017950,0.0
192.2,-0.030680,-0.029233,-0.027993,0.0
192.4,0.004916,0.001502,0.000953,0.0
192.6,-0.025847,-0.027833,-0.028095,0.0
192.8,-0.010708,-0.011562,-0.011304,0.0
193.0,-0.010737,-0.008602,-0.009018,0.0
193.2,-0.014807,-0.011716,-0.011847,0.0
193.4,-0.023433,-0.021245,-0.020985,0.0
193.6,-0.020195,-0.021425,-0.021727,0.0
193.8,0.004832,0.005470,0.006416,0.0
194.0,-0.002080,-0.011353,-0.010995,0.0
194.2,0.002352,0.001456,0.002103,0.0
194.4,-0.026090,-0.026150,-0.025517,0.0
194.6,-0.008127,-0.009702,-0.009309,0.0
194.8,0.004309,0.002035,0.002756,0.0
195.0,0.026079,0.021804,0.020874,0.0
195.2,0.009792,0.012463,0.013114,0.0
195.4,0.028071,0.028134,0.028837,0.0
195.6,0.000341,-0.002515,-0.003377,0.0
195.8,0.032603,0.032587,0.032464,0.0
196.0,0.026153,0.026331,0.023690,0.0
196.2,0.016053,0.019719,0.019631,0.0
196.4,0.044016,0.045078,0.046014,0.0
196.6,0.003466,0.004513,0.003047,0.0
196.8,0.019432,0.018045,0.018675,0.0
197.0,-0.019503,-0.015698,-0.016278,0.0
197.2,0.026143,0.025163,0.026217,0.0
197.4,-0.008849,-0.010599,-0.010307,0.0
197.6,0.021329,0.023044,0.022078,0.0
197.8,-0.022013,-0.022475,-0.023883,0.0
198.0,-0.013490,-0.013303,-0.013089,0.0
198.2,-0.021082,-0.016653,-0.015716,0.0
198.4,-0.008580,-0.010423,-0.010015,0.0
198.6,-0.000856,-0.001952,-0.002211,0.0
198.8,0.002304,0.001803,0.000937,0.0
199.0,-0.032666,-0.033128,-0.031622,0.0
199.2,-0.032138,-0.029919,-0.028415,0.0
199.4,-0.013521,-0.015979,-0.016948,0.0
199.6,-0.006946,-0.006459,-0.006636,0.0
199.8,0.014078,0.013159,0.012442,0.0
200.0,-0.016025,-0.016141,-0.015780,0.0
200.2,0.018667,0.019465,0.020701,0.0
200.4,0.002174,0.002288,0.002259,0.0
200.6,0.020490,0.021580,0.022325,0.0
200.8,0.009239,0.008917,0.008032,0.0
201.0,0.026092,0.026422,0.026658,0.0
201.2,0.025427,0.027830,0.027656,0.0
201.4,-0.005414,-0.002140,-0.001720,0.0
201.6,0.024260,0.024364,0.024512,0.0
201.8,0.003594,0.003415,0.001386,0.0
202.0,0.043162,0.042999,0.043872,0.0
202.2,0.013452,0.011463,0.012109,0.0
202.4,0.008397,0.008767,0.009625,0.0
202.6,-0.009619,-0.008143,-0.006935,0.0
202.8,0.005831,0.008529,0.009768,0.0
203.0,0.003563,0.006660,0.006705,0.0
203.2,-0.006109,-0.005321,-0.006355,0.0
203.4,-0.001743,-0.004335,-0.002962,0.0
203.6,0.003171,0.007185,0.008015,0.0
203.8,0.007250,0.004656,0.005816,0.0
204.0,-0.030481,-0.034019,-0.034835,0.0
204.2,-0.023969,-0.020061,-0.020421,0.0
204.4,-0.017578,-0.015360,-0.016214,0.0
204.6,0.010377,0.010196,0.009651,0.0
204.8,-0.034048,-0.037552,-0.038940,0.0
205.0,-0.008202,-0.007115,-0.007025,0.0
205.2,-0.021441,-0.019630,-0.019965,0.0
205.4,0.010488,0.009026,0.011064,0.0
205.6,-0.002754,-0.002500,-0.002213,0.0
205.8,-0.009609,-0.010899,-0.010750,0.0
206.0,0.021117,0.019131,0.019005,0.0
206.2,0.011727,0.017256,0.017812,0.0
206.4,0.029363,0.028577,0.027801,0.0
206.6,-0.014516,-0.016312,-0.016401,0.0
206.8,0.019049,0.021653,0.020621,0.0
207.0,0.019479,0.020880,0.020249,0.0
207.2,0.042567,0.046579,0.046356,0.0
207.4,0.002696,-0.001524,-0.001886,0.0
207.6,0.014828,0.013254,0.013642,0.0
207.8,-0.000487,0.000644,0.000066,0.0
208.0,0.023642,0.024196,0.024750,0.0
208.2,0.001951,0.000219,-0.000437,0.0
208.4,0.000381,0.001725,0.001662,0.0
208.6,0.002135,0.004831,0.004957,0.0
208.8,-0.013715,-0.014249,-0.015338,0.0
209.0,-0.012044,-0.013337,-0.013754,0.0
209.2,-0.026602,-0.032376,-0.033032,0.0
209.4,-0.009868,-0.007046,-0.006901,0.0
209.6,-0.026339,-0.022199,-0.022984,0.0
209.8,-0.011939,-0.010414,-0.010908,0.0
210.0,-0.029529,-0.028503,-0.028951,0.0
210.2,-0.016458,-0.014702,-0.014306,0.0
210.4,-0.006736,-0.009002,-0.008561,0.0
210.6,0.007397,0.007854,0.007946,0.0
210.8,0.000205,0.001976,0.002788,0.0
211.0,-0.015751,-0.016114,-0.017026,0.0
211.2,-0.007860,-0.007774,-0.007719,0.0
211.4,-0.011316,-0.012156,-0.012451,0.0
211.6,0.019869,0.018709,0.018711,0.0
211.8,0.019290,0.020328,0.022996,0.0
212.0,0.023926,0.028537,0.028333,0.0
212.2,0.016037,0.017099,0.019229,0.0
212.4,0.018538,0.016839,0.014755,0.0
212.6,0.010541,0.008516,0.007972,0.0
212.8,0.016502,0.015593,0.016005,0.0
213.0,0.007206,0.003408,0.003496,0.0
213.2,0.018206,0.017220,0.016746,0.0
213.4,0.021232,0.020073,0.019944,0.0
213.6,-0.002039,-0.001957,-0.002527,0.0
213.8,-0.005503,-0.000611,-0.000869,0.0
214.0,-0.015539,-0.019882,-0.018498,0.0
214.2,0.031914,0.031478,0.031053,0.0
214.4,-0.013052,-0.014591,-0.013612,0.0
214.6,0.003124,-0.002480,-0.001194,0.0
214.8,-0.049380,-0.049368,-0.049476,0.0
215.0,-0.005503,-0.006872,-0.006911,0.0
215.2,-0.009106,-0.006460,-0.006763,0.0
215.4,-0.027246,-0.030078,-0.028751,0.0
215.6,-0.015022,-0.015893,-0.014842,0.0
215.8,-0.013345,-0.012802,-0.012843,0.0
216.0,-0.012103,-0.010257,-0.008718,0.0
216.2,-0.030531,-0.032747,-0.032620,0.0
216.4,-0.011345,-0.012667,-0.011965,0.0
216.6,-0.000203,-0.004325,-0.004354,0.0
216.8,0.027541,0.026675,0.027714,0.0
217.0,0.004878,0.005376,0.005905,0.0
217.2,-0.002398,-0.004866,-0.006038,0.0
217.4,-0.014997,-0.014560,-0.012854,0.0
217.6,0.041762,0.042619,0.041907,0.0
217.8,0.017359,0.017177,0.016601,0.0
218.0,0.029287,0.024062,0.024122,0.0
218.2,-0.009106,-0.009044,-0.009755,0.0
218.4,0.007754,0.005023,0.004684,0.0
218.6,0.036668,0.038327,0.038569,0.0
218.8,0.003627,0.005113,0.004314,0.0
219.0,0.021173,0.018960,0.018313,0.0
219.2,0.018821,0.017995,0.017678,0.0
219.4,0.012920,0.012509,0.013928,0.0
219.6,-0.021919,-0.021892,-0.021290,0.0
219.8,-0.010176,-0.008357,-0.008393,0.0
220.0,-0.006382,-0.004444,-0.003413,0.0
220.2,0.014058,0.010544,0.011210,0.0
220.4,0.000819,0.001156,0.001651,0.0
220.6,-0.038433,-0.038850,-0.038197,0.0
220.8,-0.018923,-0.014294,-0.015702,0.0
221.0,-0.032915,-0.033939,-0.033420,0.0
221.2,-0.021221,-0.020120,-0.019532,0.0
221.4,-0.017625,-0.019004,-0.019608,0.0
221.6,-0.012113,-0.015824,-0.017624,0.0
221.8,-0.022540,-0.019327,-0.018411,0.0
222.0,0.006107,0.005498,0.005595,0.0
222.2,-0.015285,-0.021206,-0.021655,0.0
222.4,0.018007,0.016971,0.015904,0.0
222.6,0.019049,0.024779,0.024576,0.0
222.8,0.014608,0.014019,0.014090,0.0
223.0,-0.010947,-0.008092,-0.008441,0.0
223.2,-0.002365,-0.005272,-0.005259,0.0
223.4,0.017034,0.016567,0.016516,0.0
223.6,0.010754,0.008976,0.009879,0.0
223.8,0.045261,0.042843,0.042388,0.0
224.0,-0.014400,-0.009485,-0.010100,0.0
224.2,0.025812,0.021000,0.021297,0.0
224.4,-0.000165,-0.000309,0.000297,0.0
224.6,0.009935,0.010764,0.011250,0.0
224.8,0.009996,0.009211,0.009215,0.0
225.0,0.008233,0.007409,0.007748,0.0
225.2,-0.016884,-0.018630,-0.017575,0.0
225.4,0.002895,-0.002088,-0.002113,0.0
225.6,-0.021321,-0.022906,-0.022134,0.0
225.8,-0.022456,-0.017630,-0.017490,0.0
226.0,-0.017850,-0.014772,-0.013696,0.0
226.2,-0.018647,-0.016066,-0.015510,0.0
226.4,-0.004512,-0.004718,-0.003781,0.0
226.6,-0.018475,-0.014724,-0.014858,0.0
226.8,-0.012346,-0.014540,-0.015162,0.0
227.0,-0.046313,-0.044335,-0.042757,0.0
227.2,0.020102,0.016529,0.016620,0.0
227.4,-0.016257,-0.012312,-0.012867,0.0
227.6,-0.004989,-0.004718,-0.005570,0.0
227.8,-0.006622,-0.008521,-0.008030,0.0
228.0,-0.015389,-0.015355,-0.016281,0.0
228.2,0.020504,0.019999,0.021120,0.0
228.4,-0.003492,-0.004158,-0.004870,0.0
228.6,0.001486,0.003941,0.004247,0.0
228.8,0.008138,0.008390,0.007948,0.0
229.0,0.032236,0.025922,0.026639,0.0
229.2,0.009071,0.012946,0.013031,0.0
229.4,0.008233,0.007585,0.006732,0.0
229.6,0.012832,0.015299,0.015084,0.0
229.8,0.027222,0.027146,0.026832,0.0
230.0,0.017082,0.020779,0.020880,0.0
230.2,-0.008593,-0.008585,-0.007851,0.0
230.4,-0.023777,-0.028514,-0.026833,0.0
230.6,0.005661,0.010767,0.012248,0.0
230.8,0.010571,0.011206,0.010028,0.0
231.0,-0.023495,-0.018385,-0.019140,0.0
231.2,0.004656,0.006403,0.007137,0.0
231.4,-0.035071,-0.033878,-0.034365,0.0
231.6,-0.005248,-0.002137,-0.002773,0.0
231.8,-0.037087,-0.040009,-0.038731,0.0
232.0,-0.017831,-0.021850,-0.018745,0.0
232.2,-0.020655,-0.024958,-0.025237,0.0
232.4,0.007466,0.006437,0.005932,0.0
232.6,-0.014533,-0.016558,-0.016695,0.0
232.8,-0.029461,-0.028849,-0.029076,0.0
233.0,-0.007577,-0.007798,-0.009170,0.0
233.2,-0.027293,-0.028920,-0.028078,0.0
233.4,0.020178,0.025006,0.025620,0.0
233.6,-0.007980,-0.009107,-0.009277,0.0
233.8,0.005161,0.007017,0.006655,0.0
234.0,0.005935,0.001266,0.001345,0.0
234.2,0.023255,0.024481,0.024738,0.0
234.4,0.000162,0.002283,0.001511,0.0
234.6,0.031045,0.033504,0.032442,0.0
234.8,0.014758,0.017257,0.017233,0.0
235.0,0.033462,0.036612,0.036304,0.0
235.2,0.005235,0.002361,0.003255,0.0
235.4,0.008978,0.010547,0.009098,0.0
235.6,0.009628,0.012508,0.012244,0.0
235.8,0.014539,0.012099,0.011322,0.0
236.0,0.004860,0.005291,0.005945,0.0
236.2,-0.018798,-0.020220,-0.021378,0.0
236.4,0.001691,0.003141,0.002684,0.0
236.6,-0.033304,-0.032469,-0.033183,0.0
236.8,0.000617,0.001972,0.001510,0.0
237.0,-0.003787,-0.004946,-0.005836,0.0
237.2,-0.022746,-0.024840,-0.024225,0.0
237.4,-0.025595,-0.024697,-0.025016,0.0
237.6,-0.028845,-0.029252,-0.030622,0.0
237.8,-0.011426,-0.012070,-0.011325,0.0
238.0,-0.027317,-0.025500,-0.026257,0.0
238.2,-0.009662,-0.008757,-0.009476,0.0
238.4,-0.017954,-0.017771,-0.018648,0.0
238.6,0.005693,0.000700,0.000171,0.0
238.8,-0.024283,-0.024583,-0.022737,0.0
239.0,-0.012348,-0.012140,-0.012666,0.0
239.2,0.005222,0.004501,0.005772,0.0
239.4,0.032055,0.033368,0.033051,0.0
239.6,0.020467,0.020422,0.020035,0.0
239.8,0.014875,0.009969,0.010697,0.0
240.0,-0.021542,-0.025955,-0.027316,0.0
240.2,-0.006609,-0.009648,-0.009736,0.0
240.4,0.030258,0.029070,0.028332,0.0
240.6,0.020428,0.020309,0.019927,0.0
240.8,0.031839,0.027126,0.027504,0.0
241.0,-0.002843,-0.002856,-0.001896,0.0
241.2,0.023242,0.022566,0.023257,0.0
241.4,-0.003938,-0.000276,-0.000430,0.0
241.6,0.001956,-0.000567,-0.001716,0.0
241.8,-0.009238,-0.011012,-0.010902,0.0
242.0,0.006172,0.005112,0.004523,0.0
242.2,-0.019019,-0.017271,-0.017327,0.0
242.4,-0.037247,-0.035476,-0.035709,0.0
242.6,-0.015666,-0.014275,-0.013292,0.0
242.8,-0.004521,-0.003272,-0.003703,0.0
243.0,0.005716,0.006807,0.006908,0.0
243.2,-0.019879,-0.019658,-0.018747,0.0
243.4,-0.033506,-0.030212,-0.030316,0.0
243.6,-0.040072,-0.041049,-0.040837,0.0
243.8,-0.007033,-0.008131,-0.007922,0.0
244.0,-0.018182,-0.019233,-0.018914,0.0
244.2,0.000149,0.000093,-0.001038,0.0
244.4,-0.013534,-0.010834,-0.010542,0.0
244.6,0.003018,0.006497,0.005973,0.0
244.8,-0.013885,-0.014320,-0.014628,0.0
245.0,-0.001301,-0.002827,-0.003899,0.0
245.2,0.008018,0.006767,0.007609,0.0
245.4,0.024605,0.028531,0.028993,0.0
245.6,0.018321,0.022909,0.021722,0.0
245.8,-0.003973,-0.000557,-0.000088,0.0
246.0,0.017220,0.017741,0.016767,0.0
246.2,0.010608,0.011566,0.011686,0.0
246.4,0.021897,0.022805,0.021966,0.0
246.6,0.012202,0.016724,0.016250,0.0
246.8,0.002032,0.002990,0.003692,0.0
247.0,-0.002012,-0.000843,-0.002209,0.0
247.2,0.000092,-0.003229,-0.001985,0.0
247.4,-0.013945,-0.013044,-0.012817,0.0
247.6,-0.008387,-0.007552,-0.006613,0.0
247.8,-0.006268,-0.003614,-0.003624,0.0
248.0,-0.012447,-0.014987,-0.014826,0.0
248.2,-0.019932,-0.020000,-0.018759,0.0
248.4,-0.026296,-0.022679,-0.022181,0.0
248.6,-0.017377,-0.019397,-0.019209,0.0
248.8,-0.020073,-0.016139,-0.017238,0.0
249.0,-0.005965,-0.009440,-0.009354,0.0
249.2,-0.029704,-0.031739,-0.031269,0.0
249.4,-0.002852,-0.003688,-0.003647,0.0
249.6,-0.030130,-0.031775,-0.029882,0.0
249.8,-0.004526,-0.003253,-0.004007,0.0
250.0,0.002358,0.005360,0.005218,0.0
250.2,-0.010425,-0.010134,-0.011200,0.0
250.4,0.017883,0.018938,0.019658,0.0
250.6,-0.010706,-0.007770,-0.008420,0.0
250.8,0.023052,0.023748,0.023232,0.0
251.0,0.006316,0.007281,0.007816,0.0
251.2,0.035993,0.035284,0.039339,0.0
251.4,0.013500,0.013683,0.012491,0.0
251.6,0.025094,0.023407,0.023401,0.0
251.8,0.004193,0.001791,0.001639,0.0
252.0,-0.001077,-0.002626,-0.003547,0.0
252.2,-0.011065,-0.008666,-0.008024,0.0
252.4,0.013666,0.016155,0.016462,0.0
252.6,0.005216,0.011149,0.009488,0.0
252.8,0.015744,0.010030,0.011642,0.0
253.0,-0.014393,-0.013913,-0.015144,0.0
253.2,-0.017164,-0.014391,-0.015204,0.0
253.4,0.010580,0.006940,0.007562,0.0
253.6,-0.040765,-0.037043,-0.036404,0.0
253.8,-0.007635,-0.008965,-0.009011,0.0
254.0,-0.030210,-0.031797,-0.032456,0.0
254.2,-0.003341,-0.004290,-0.003763,0.0
254.4,-0.029485,-0.026951,-0.025994,0.0
254.6,-0.021150,-0.022523,-0.022707,0.0
254.8,-0.024518,-0.032173,-0.032597,0.0
255.0,-0.006606,-0.007876,-0.009651,0.0
255.2,-0.001856,-0.004926,-0.005140,0.0
255.4,-0.023291,-0.021825,-0.021108,0.0
255.6,0.003329,0.003714,0.003308,0.0
255.8,0.001408,0.002340,0.001109,0.0
256.0,0.021250,0.019574,0.019751,0.0
256.2,0.017707,0.015549,0.016359,0.0
256.4,0.004566,0.004208,0.003261,0.0
256.6,0.003523,0.002588,0.002987,0.0
256.8,0.023232,0.020617,0.019471,0.0
257.0,0.001972,0.002565,0.001310,0.0
257.2,0.003550,0.008638,0.008835,0.0
257.4,0.026317,0.025805,0.025970,0.0
257.6,0.019968,0.019114,0.021113,0.0
257.8,0.026082,0.025298,0.025580,0.0
258.0,-0.013016,-0.012012,-0.011767,0.0
258.2,0.007730,0.006339,0.008367,0.0
258.4,-0.006507,-0.005007,-0.003928,0.0
258.6,0.024951,0.025410,0.024013,0.0
258.8,-0.026805,-0.026151,-0.027610,0.0
259.0,-0.011808,-0.009363,-0.008125,0.0
259.2,-0.038132,-0.034046,-0.034458,0.0
259.4,-0.027188,-0.028153,-0.026670,0.0
259.6,-0.010533,-0.005430,-0.007095,0.0
259.8,-0.019749,-0.022140,-0.022628,0.0
260.0,-0.009754,-0.012416,-0.013320,0.0
260.2,-0.027275,-0.027756,-0.029430,0.0
260.4,-0.023409,-0.021420,-0.021417,0.0
260.6,-0.033737,-0.031754,-0.033013,0.0
260.8,-0.002821,-0.003742,-0.004120,0.0
261.0,-0.010746,-0.008079,-0.006768,0.0
261.2,0.018189,0.018249,0.018159,0.0
261.4,-0.002102,-0.002385,-0.002683,0.0
261.6,0.005968,0.006608,0.004806,0.0
261.8,-0.012446,-0.010238,-0.010886,0.0
262.0,0.018744,0.023090,0.023607,0.0
262.2,0.004535,0.005542,0.004803,0.0
262.4,0.024081,0.024098,0.023933,0.0
262.6,0.018495,0.018015,0.017858,0.0
262.8,-0.015630,-0.016568,-0.017020,0.0
263.0,0.030210,0.027962,0.028952,0.0
263.2,0.006464,0.006576,0.008003,0.0
263.4,0.035048,0.033429,0.032409,0.0
263.6,0.012649,0.012019,0.011730,0.0
263.8,-0.008894,-0.012767,-0.012546,0.0
264.0,-0.011045,-0.009654,-0.010897,0.0
264.2,-0.016662,-0.013936,-0.013773,0.0
264.4,0.000893,-0.000447,-0.001711,0.0
264.6,-0.004874,-0.003330,-0.004122,0.0
264.8,-0.013447,-0.012420,-0.011975,0.0
265.0,-0.040807,-0.037630,-0.036764,0.0
265.2,-0.037069,-0.040026,-0.040451,0.0
265.4,-0.018286,-0.020080,-0.019936,0.0
265.6,-0.009686,-0.009077,-0.009334,0.0
265.8,-0.004676,-0.006103,-0.007355,0.0
266.0,-0.005447,-0.003719,-0.004277,0.0
266.2,-0.040661,-0.035977,-0.036563,0.0
266.4,-0.011257,-0.012005,-0.011567,0.0
266.6,-0.011869,-0.010556,-0.009654,0.0
266.8,0.002222,0.002666,0.001936,0.0
267.0,0.014365,0.013347,0.013827,0.0
267.2,0.007051,0.009083,0.011237,0.0
267.4,0.011664,0.010355,0.010530,0.0
267.6,-0.006680,-0.003563,-0.004269,0.0
267.8,0.016482,0.014973,0.013804,0.0
268.0,0.014453,0.015666,0.016115,0.0
268.2,0.040475,0.039935,0.040204,0.0
268.4,-0.001671,0.004715,0.005463,0.0
268.6,-0.000477,-0.001447,-0.000523,0.0
268.8,0.009442,0.003631,0.002566,0.0
269.0,0.009668,0.006191,0.004429,0.0
269.2,0.000044,0.000764,0.000222,0.0
269.4,-0.004335,-0.008508,-0.008740,0.0
269.6,-0.002371,-0.005534,-0.005983,0.0
269.8,0.003747,0.001473,0.000815,0.0
270.0,-0.004527,-0.009258,-0.009022,0.0
270.2,-0.019555,-0.021578,-0.021716,0.0
270.4,-0.006956,-0.008489,-0.008349,0.0
270.6,-0.018441,-0.019393,-0.019186,0.0
270.8,-0.010663,-0.010647,-0.011015,0.0
271.0,-0.041196,-0.039222,-0.039664,0.0
271.2,-0.019221,-0.017486,-0.016796,0.0
271.4,-0.031364,-0.031381,-0.031395,0.0
271.6,0.017394,0.018126,0.018434,0.0
271.8,-0.013834,-0.013849,-0.014778,0.0
272.0,-0.003638,-0.006748,-0.004770,0.0
272.2,-0.013828,-0.009899,-0.009537,0.0
272.4,-0.000933,-0.002782,-0.003646,0.0
272.6,-0.004511,-0.005455,-0.006143,0.0
272.8,-0.003376,-0.001616,-0.003127,0.0
273.0,0.021444,0.019629,0.019897,0.0
273.2,0.024178,0.026703,0.027098,0.0
273.4,0.014891,0.013850,0.011899,0.0
273.6,0.005196,0.004530,0.003614,0.0
273.8,0.017539,0.017129,0.016383,0.0
274.0,0.027593,0.030162,0.030097,0.0
274.2,0.012414,0.009574,0.009460,0.0
274.4,0.000537,-0.003695,-0.003238,0.0
274.6,0.013679,0.014754,0.015095,0.0
274.8,0.007732,0.006207,0.006269,0.0
275.0,-0.003799,-0.003100,-0.002659,0.0
275.2,0.003530,0.004968,0.004569,0.0
275.4,-0.022642,-0.020471,-0.019949,0.0
275.6,-0.001753,-0.005805,-0.007085,0.0
275.8,-0.036498,-0.031934,-0.032554,0.0
276.0,-0.011638,-0.011425,-0.012113,0.0
276.2,-0.035690,-0.034553,-0.033361,0.0
276.4,-0.013816,-0.012244,-0.011729,0.0
276.6,-0.015050,-0.011779,-0.011055,0.0
276.8,-0.016743,-0.019858,-0.020725,0.0
277.0,-0.020464,-0.014816,-0.014796,0.0
277.2,-0.036449,-0.032809,-0.032898,0.0
277.4,0.003670,0.002470,0.002779,0.0
277.6,-0.010494,-0.009485,-0.010100,0.0
277.8,0.007559,0.005281,0.005213,0.0
278.0,-0.009962,-0.007682,-0.006982,0.0
278.2,0.006494,0.009728,0.009544,0.0
278.4,-0.008313,-0.008156,-0.008090,0.0
278.6,0.027284,0.027767,0.027803,0.0
278.8,0.005311,0.006542,0.007712,0.0
279.0,0.025224,0.020621,0.020686,0.0
279.2,0.009520,0.011059,0.010846,0.0
279.4,0.026978,0.029597,0.029077,0.0
279.6,0.004270,0.002876,0.003413,0.0
279.8,0.007180,0.008395,0.007460,0.0
280.0,0.008491,0.006979,0.007102,0.0
280.2,0.015071,0.019354,0.018949,0.0
280.4,0.033284,0.035545,0.035541,0.0
280.6,-0.022992,-0.021503,-0.021748,0.0
280.8,-0.019146,-0.019187,-0.020183,0.0
281.0,-0.034569,-0.033872,-0.034462,0.0
281.2,-0.012577,-0.007559,-0.008239,0.0
281.4,-0.013110,-0.013172,-0.014530,0.0
281.6,-0.017916,-0.018932,-0.017569,0.0
281.8,-0.007031,-0.004763,-0.003483,0.0
282.0,-0.014420,-0.017703,-0.018523,0.0
282.2,-0.015497,-0.013613,-0.014221,0.0
282.4,-0.037768,-0.041476,-0.041244,0.0
282.6,-0.009525,-0.014023,-0.014399,0.0
282.8,-0.014267,-0.014828,-0.016170,0.0
283.0,-0.018871,-0.019065,-0.018123,0.0
283.2,-0.026656,-0.029988,-0.030129,0.0
283.4,-0.016190,-0.017172,-0.017213,0.0
283.6,0.004236,0.004093,0.004379,0.0
283.8,0.026134,0.022436,0.021775,0.0
284.0,0.002132,0.002599,0.003155,0.0
284.2,-0.005176,-0.000125,0.000192,0.0
284.4,-0.002152,-0.005912,-0.006558,0.0
284.6,0.016000,0.021333,0.022932,0.0
284.8,0.034720,0.038343,0.038043,0.0
285.0,0.015191,0.015508,0.015658,0.0
285.2,0.039010,0.039526,0.039054,0.0
285.4,-0.011985,-0.008534,-0.007201,0.0
285.6,0.012661,0.009162,0.009032,0.0
285.8,-0.021499,-0.019468,-0.019715,0.0
286.0,0.015474,0.012098,0.011570,0.0
286.2,0.021367,0.024362,0.023411,0.0
286.4,-0.004052,-0.004499,-0.004362,0.0
286.6,-0.010655,-0.013638,-0.014637,0.0
286.8,-0.026130,-0.027154,-0.027561,0.0
287.0,-0.016118,-0.015459,-0.016465,0.0
287.2,-0.005153,-0.005865,-0.004247,0.0
287.4,-0.009153,-0.011560,-0.010421,0.0
287.6,-0.028910,-0.033771,-0.032452,0.0
287.8,-0.032255,-0.030734,-0.029545,0.0
288.0,-0.029352,-0.030221,-0.030533,0.0
288.2,-0.017752,-0.018218,-0.018852,0.0
288.4,-0.021185,-0.021896,-0.020085,0.0
288.6,0.008062,0.004551,0.006039,0.0
288.8,-0.011952,-0.014584,-0.014762,0.0
289.0,0.001356,0.004616,0.004874,0.0
289.2,-0.010631,-0.012833,-0.011460,0.0
289.4,-0.000273,-0.003878,-0.004415,0.0
289.6,0.031415,0.028765,0.028036,0.0
289.8,0.005425,0.009593,0.009411,0.0
290.0,0.021904,0.024085,0.024251,0.0
290.2,0.006870,0.003188,0.003082,0.0
290.4,0.011376,0.011709,0.010991,0.0
290.6,0.013043,0.011556,0.009916,0.0
290.8,0.032732,0.033588,0.033777,0.0
291.0,0.003958,0.004704,0.005055,0.0
291.2,-0.010313,-0.010168,-0.009909,0.0
291.4,-0.005715,-0.011925,-0.012629,0.0
291.6,0.001924,0.001367,0.002021,0.0
291.8,-0.003790,-0.002362,-0.002437,0.0
292.0,0.009759,0.005476,0.004051,0.0
292.2,-0.009375,-0.013222,-0.013533,0.0
292.4,-0.001457,-0.002887,-0.003415,0.0
292.6,-0.020567,-0.020764,-0.019511,0.0
292.8,-0.043036,-0.043677,-0.043227,0.0
293.0,-0.014882,-0.011995,-0.012331,0.0
293.2,-0.017267,-0.016188,-0.016673,0.0
293.4,-0.006123,-0.007033,-0.007192,0.0
293.6,-0.016811,-0.019415,-0.018856,0.0
293.8,-0.026094,-0.022370,-0.021536,0.0
294.0,-0.020565,-0.022053,-0.021209,0.0
294.2,-0.002046,-0.001190,0.000578,0.0
294.4,-0.001786,-0.000194,0.000095,0.0
294.6,-0.018664,-0.013359,-0.012373,0.0
294.8,0.017635,0.020762,0.021378,0.0
295.0,0.002493,0.001030,0.000420,0.0
295.2,0.016427,0.018305,0.016844,0.0
295.4,-0.007236,-0.010100,-0.009652,0.0
295.6,0.011475,0.012021,0.011579,0.0
295.8,0.024207,0.023814,0.022481,0.0
296.0,0.029240,0.031987,0.031877,0.0
296.2,-0.013676,-0.008002,-0.007321,0.0
296.4,0.008969,0.006818,0.006622,0.0
296.6,0.018923,0.022303,0.022375,0.0
296.8,0.032332,0.029015,0.027919,0.0
297.0,0.003459,0.001980,0.000557,0.0
297.2,-0.017744,-0.018035,-0.016749,0.0
297.4,-0.005855,-0.007863,-0.009656,0.0
297.6,-0.020375,-0.019623,-0.019451,0.0
297.8,0.001207,0.004397,0.005097,0.0
298.0,-0.050795,-0.047053,-0.045768,0.0
298.2,0.001371,0.001489,0.001835,0.0
298.4,-0.022941,-0.022922,-0.024086,0.0
298.6,-0.009689,-0.004700,-0.004765,0.0
298.8,-0.030291,-0.031820,-0.033027,0.0
299.0,-0.029452,-0.032033,-0.030916,0.0
299.2,-0.010839,-0.008535,-0.006379,0.0
299.4,-0.006082,-0.005630,-0.005731,0.0
299.6,-0.021798,-0.022748,-0.023837,0.0
299.8,-0.022458,-0.022031,-0.021516,0.0
300.0,-0.015104,-0.014793,-0.014148,0.0
300.2,-0.003105,-0.002994,-0.003429,0.0
300.4,0.008146,0.008085,0.010397,0.0
300.6,0.011809,0.009886,0.008797,0.0
300.8,0.011965,0.014017,0.014260,0.0
301.0,0.012627,0.010241,0.009097,0.0
301.2,0.017717,0.017646,0.018351,0.0
301.4,0.005060,0.004712,0.004971,0.0
301.6,0.009995,0.007287,0.007432,0.0
301.8,0.017782,0.018926,0.018337,0.0
302.0,0.007737,0.009057,0.008479,0.0
302.2,0.036529,0.038489,0.038596,0.0
302.4,-0.005267,-0.001603,-0.003008,0.0
302.6,0.013663,0.011690,0.012428,0.0
302.8,-0.011210,-0.011487,-0.013211,0.0
303.0,0.015645,0.016562,0.016554,0.0
303.2,-0.016581,-0.015440,-0.015351,0.0
303.4,-0.015904,-0.015961,-0.017214,0.0
303.6,-0.030439,-0.026639,-0.026652,0.0
303.8,-0.021820,-0.023348,-0.022809,0.0
304.0,-0.008034,-0.005198,-0.004054,0.0
304.2,-0.024868,-0.021644,-0.021847,0.0
304.4,-0.014938,-0.014221,-0.014308,0.0
304.6,-0.025448,-0.031202,-0.031489,0.0
304.8,-0.020633,-0.021290,-0.021025,0.0
305.0,-0.035182,-0.035152,-0.034273,0.0
305.2,-0.004253,-0.006108,-0.007221,0.0
305.4,-0.001759,0.001271,0.001255,0.0
305.6,0.023606,0.021411,0.020707,0.0
305.8,-0.014952,-0.016414,-0.016620,0.0
306.0,-0.016366,-0.014492,-0.015746,0.0
306.2,-0.003580,-0.001109,-0.001212,0.0
306.4,0.036631,0.034781,0.034532,0.0
306.6,0.026357,0.025585,0.024622,0.0
306.8,0.007159,0.015105,0.015671,0.0
307.0,0.001976,0.002397,0.002036,0.0
307.2,0.002183,0.002822,0.004464,0.0
307.4,0.020768,0.023121,0.021786,0.0
307.6,-0.000896,0.002166,0.003485,0.0
307.8,0.031491,0.033578,0.033434,0.0
308.0,0.021201,0.021674,0.022239,0.0
308.2,0.006948,0.007262,0.007800,0.0
308.4,-0.018653,-0.017367,-0.017124,0.0
308.6,-0.011917,-0.014388,-0.014701,0.0
308.8,0.015211,0.019351,0.018382,0.0
309.0,0.005939,0.004817,0.004129,0.0
309.2,-0.016546,-0.016774,-0.017156,0.0
309.4,-0.034608,-0.034832,-0.034197,0.0
309.6,-0.025996,-0.027371,-0.028639,0.0
309.8,-0.017732,-0.016045,-0.016180,0.0
310.0,-0.002533,-0.000728,-0.000100,0.0
310.2,-0.035901,-0.035233,-0.035991,0.0
310.4,-0.024796,-0.025283,-0.024989,0.0
310.6,-0.010459,-0.005985,-0.006447,0.0
310.8,0.009822,0.012189,0.013656,0.0
311.0,-0.010372,-0.008441,-0.008590,0.0
311.2,0.000580,-0.001702,-0.001671,0.0
311.4,0.010586,0.010084,0.010304,0.0
311.6,-0.006104,-0.006106,-0.005724,0.0
311.8,-0.001487,0.000381,-0.000144,0.0
312.0,-0.019073,-0.016514,-0.015273,0.0
312.2,0.028478,0.029580,0.029557,0.0
312.4,0.023238,0.025106,0.024993,0.0
312.6,0.028618,0.029526,0.029553,0.0
312.8,0.015981,0.017527,0.017048,0.0
313.0,0.003130,0.001626,0.002687,0.0
313.2,-0.004191,-0.006393,-0.007413,0.0
313.4,0.007786,0.003315,0.003146,0.0
313.6,0.019632,0.019203,0.019224,0.0
313.8,0.010178,0.013622,0.012542,0.0
314.0,0.000071,0.002983,0.002604,0.0
314.2,-0.005299,-0.002754,-0.004257,0.0
314.4,-0.026015,-0.024138,-0.025977,0.0
314.6,-0.016689,-0.018915,-0.020008,0.0
314.8,-0.007863,-0.010579,-0.010295,0.0
315.0,-0.025137,-0.023768,-0.023427,0.0
315.2,0.000921,-0.003590,-0.004744,0.0
315.4,-0.040907,-0.042351,-0.041618,0.0
315.6,-0.008973,-0.008745,-0.010040,0.0
315.8,-0.016753,-0.013278,-0.014165,0.0
316.0,-0.005395,-0.003320,-0.003490,0.0
316.2,-0.010657,-0.009006,-0.009076,0.0
316.4,-0.021281,-0.022282,-0.021748,0.0
316.6,-0.019697,-0.022949,-0.023702,0.0
316.8,-0.014442,-0.012418,-0.011321,0.0
317.0,0.015146,0.010399,0.008943,0.0
317.2,0.002100,-0.000273,-0.000118,0.0
317.4,0.017067,0.017678,0.018406,0.0
317.6,0.018434,0.020867,0.020075,0.0
317.8,0.018913,0.019628,0.019204,0.0
318.0,0.015332,0.018126,0.017987,0.0
318.2,0.015267,0.014678,0.014457,0.0
318.4,0.011939,0.011093,0.009987,0.0
318.6,0.036642,0.037498,0.039558,0.0
318.8,0.000365,-0.000365,0.000333,0.0
319.0,-0.003627,-0.008356,-0.008772,0.0
319.2,-0.005926,-0.003885,-0.003427,0.0
319.4,0.016463,0.017784,0.017430,0.0
319.6,0.007727,0.007537,0.006511,0.0
319.8,-0.016579,-0.017181,-0.016673,0.0
320.0,-0.019681,-0.020112,-0.018609,0.0
320.2,-0.027605,-0.025021,-0.026471,0.0
320.4,0.000421,0.004534,0.003701,0.0
320.6,-0.036745,-0.035554,-0.035511,0.0
320.8,-0.020489,-0.019205,-0.018266,0.0
321.0,0.009316,0.010781,0.010891,0.0
321.2,-0.008226,-0.011857,-0.010905,0.0
321.4,-0.003608,-0.001049,-0.001590,0.0
321.6,-0.044050,-0.043694,-0.044076,0.0
321.8,-0.019272,-0.016705,-0.016312,0.0
322.0,-0.005868,-0.009115,-0.011307,0.0
322.2,0.009722,0.011061,0.010915,0.0
322.4,-0.026091,-0.027906,-0.028980,0.0
322.6,0.012149,0.011389,0.012736,0.0
322.8,0.018021,0.018146,0.018131,0.0
323.0,0.025009,0.028102,0.028421,0.0
323.2,-0.000444,0.000926,0.000179,0.0
323.4,0.019996,0.022748,0.022996,0.0
323.6,0.009450,0.006312,0.005204,0.0
323.8,0.039436,0.043516,0.043551,0.0
324.0,0.003377,0.001229,0.001656,0.0
324.2,0.000999,-0.000505,-0.001439,0.0
324.4,0.035246,0.039675,0.038959,0.0
324.6,0.002628,0.001281,0.000875,0.0
324.8,0.027798,0.023373,0.024031,0.0
325.0,-0.010036,-0.015716,-0.016096,0.0
325.2,-0.008267,-0.009899,-0.009958,0.0
325.4,-0.001390,-0.004704,-0.005349,0.0
325.6,0.012510,0.014814,0.015133,0.0
325.8,-0.008750,-0.008357,-0.008846,0.0
326.0,-0.009392,-0.012122,-0.011697,0.0
326.2,-0.016161,-0.019716,-0.019478,0.0
326.4,-0.035062,-0.039923,-0.039855,0.0
326.6,-0.034942,-0.037067,-0.036787,0.0
326.8,-0.012640,-0.014080,-0.013073,0.0
327.0,-0.012817,-0.008199,-0.007887,0.0
327.2,0.000729,-0.002664,-0.002169,0.0
327.4,-0.007509,-0.002921,-0.002382,0.0
327.6,-0.028929,-0.024868,-0.026010,0.0
327.8,0.014189,0.015225,0.015902,0.0
328.0,-0.012603,-0.013253,-0.013068,0.0
328.2,0.016710,0.018413,0.018881,0.0
328.4,0.020806,0.022495,0.022559,0.0
328.6,-0.003031,-0.008897,-0.009109,0.0
328.8,0.003871,0.004611,0.004948,0.0
329.0,0.015049,0.018059,0.018691,0.0
329.2,0.038232,0.035944,0.035477,0.0
329.4,0.020125,0.020203,0.020861,0.0
329.6,0.027088,0.030038,0.028673,0.0
329.8,-0.013119,-0.017790,-0.017126,0.0
330.0,0.025869,0.028655,0.029477,0.0
330.2,0.005184,0.000388,0.000688,0.0
330.4,0.001615,0.001179,0.001549,0.0
330.6,0.011935,0.015887,0.016203,0.0
330.8,0.002248,-0.000335,-0.000731,0.0
331.0,-0.013603,-0.012264,-0.011585,0.0
331.2,-0.010049,-0.014450,-0.013395,0.0
331.4,-0.007610,-0.004535,-0.002968,0.0
331.6,-0.001828,0.002966,0.001835,0.0
331.8,0.009131,0.007824,0.007599,0.0
332.0,-0.036597,-0.033664,-0.033753,0.0
332.2,-0.036300,-0.031851,-0.030580,0.0
332.4,-0.035505,-0.036814,-0.035161,0.0
332.6,0.007119,0.008623,0.008835,0.0
332.8,-0.007583,-0.009946,-0.009311,0.0
333.0,0.012486,0.014850,0.014354,0.0
333.2,-0.028117,-0.029862,-0.031129,0.0
333.4,-0.001220,0.001284,-0.000409,0.0
333.6,0.001864,0.007648,0.005973,0.0
333.8,-0.018408,-0.019582,-0.020313,0.0
334.0,0.031543,0.028568,0.028696,0.0
334.2,0.023568,0.021662,0.021924,0.0
334.4,0.033871,0.028419,0.027798,0.0
334.6,-0.000400,0.001090,0.000055,0.0
334.8,0.012151,0.010001,0.009962,0.0
335.0,0.011895,0.011485,0.010560,0.0
335.2,0.029449,0.029763,0.029941,0.0
335.4,0.003110,0.006123,0.005340,0.0
335.6,0.003422,0.004300,0.004297,0.0
335.8,0.010509,0.011566,0.011168,0.0
336.0,0.001833,0.001774,0.001528,0.0
336.2,-0.011619,-0.013384,-0.012351,0.0
336.4,0.003254,0.003818,0.002643,0.0
336.6,-0.002150,-0.002054,-0.001967,0.0
336.8,-0.002342,-0.000387,0.001419,0.0
337.0,-0.006875,-0.003901,-0.004065,0.0
337.2,-0.038022,-0.036144,-0.035349,0.0
337.4,0.001356,0.003131,0.003607,0.0
337.6,0.002680,0.000558,-0.000370,0.0
337.8,-0.007524,-0.005098,-0.004484,0.0
338.0,-0.024682,-0.029553,-0.028872,0.0
338.2,-0.033331,-0.029576,-0.029330,0.0
338.4,-0.007171,-0.006632,-0.006188,0.0
338.6,-0.002260,-0.003860,-0.002884,0.0
338.8,0.002549,0.006097,0.006024,0.0
339.0,-0.013036,-0.017186,-0.017260,0.0
339.2,0.016120,0.018238,0.019571,0.0
339.4,-0.003802,-0.005750,-0.005399,0.0
339.6,0.015330,0.017607,0.017156,0.0
339.8,0.016545,0.018377,0.017457,0.0
340.0,0.035037,0.033580,0.034196,0.0
340.2,0.029996,0.030446,0.030623,0.0
340.4,0.020369,0.020814,0.020307,0.0
340.6,-0.001532,0.000000,0.000090,0.0
340.8,0.008750,0.008752,0.009309,0.0
341.0,0.020943,0.018610,0.018223,0.0
341.2,0.016829,0.017247,0.018013,0.0
341.4,0.023654,0.026825,0.027172,0.0
341.6,0.006974,0.011034,0.010445,0.0
341.8,0.007453,0.011550,0.011235,0.0
342.0,-0.010015,-0.005466,-0.005466,0.0
342.2,0.007915,0.008352,0.006854,0.0
342.4,-0.029199,-0.023923,-0.023437,0.0
342.6,-0.000506,-0.001587,-0.001922,0.0
342.8,-0.033777,-0.033944,-0.032958,0.0
343.0,-0.015293,-0.016669,-0.017609,0.0
343.2,-0.012048,-0.008437,-0.007362,0.0
343.4,-0.019875,-0.017379,-0.017992,0.0
343.6,-0.017747,-0.015728,-0.017208,0.0
343.8,-0.006777,-0.006489,-0.006716,0.0
344.0,0.000627,-0.000015,-0.001356,0.0
344.2,-0.003435,-0.003757,-0.001855,0.0
344.4,-0.008606,-0.009032,-0.009488,0.0
344.6,0.005875,0.006194,0.005977,0.0
344.8,0.025826,0.018478,0.018418,0.0
345.0,0.012404,0.012677,0.012596,0.0
345.2,0.008865,0.011219,0.008936,0.0
345.4,0.005592,0.011545,0.011430,0.0
345.6,0.022765,0.020196,0.021166,0.0
345.8,0.007455,0.010207,0.011515,0.0
346.0,0.021052,0.022305,0.021881,0.0
346.2,0.028418,0.023808,0.023426,0.0
346.4,0.023452,0.023756,0.025113,0.0
346.6,0.029902,0.029822,0.029159,0.0
346.8,-0.000337,-0.000915,-0.001311,0.0
347.0,0.013083,0.010689,0.010561,0.0
347.2,0.006333,0.010398,0.011080,0.0
347.4,0.019027,0.020277,0.019993,0.0
347.6,-0.003349,-0.009225,-0.009377,0.0
347.8,-0.021484,-0.030725,-0.030487,0.0
348.0,-0.008142,-0.008915,-0.009547,0.0
348.2,-0.013190,-0.014900,-0.014522,0.0
348.4,-0.009810,-0.012390,-0.013011,0.0
348.6,-0.024578,-0.023160,-0.023617,0.0
348.8,-0.005533,-0.006755,-0.005246,0.0
349.0,-0.013553,-0.007510,-0.006143,0.0
349.2,-0.026220,-0.025773,-0.024932,0.0
349.4,-0.031571,-0.030345,-0.030648,0.0
349.6,0.015318,0.015373,0.013993,0.0
349.8,0.008145,0.005718,0.004824,0.0
350.0,0.023528,0.022401,0.023536,0.0
350.2,-0.029235,-0.027530,-0.025756,0.0
350.4,0.012788,0.014455,0.013687,0.0
350.6,0.000045,-0.001009,-0.000778,0.0
350.8,0.020259,0.019268,0.019423,0.0
351.0,0.006817,0.008064,0.008124,0.0
351.2,0.003054,0.006869,0.007478,0.0
351.4,0.021299,0.018021,0.017961,0.0
351.6,0.012816,0.011500,0.010773,0.0
351.8,0.038451,0.033781,0.033467,0.0
352.0,0.014522,0.015447,0.014236,0.0
352.2,0.031191,0.034081,0.034550,0.0
352.4,0.006780,0.007336,0.008719,0.0
352.6,-0.004741,-0.005763,-0.005223,0.0
352.8,-0.003938,-0.003332,-0.002621,0.0
353.0,0.004969,0.008040,0.008520,0.0
353.2,0.008342,0.014625,0.015012,0.0
353.4,0.014168,0.012429,0.011243,0.0
353.6,-0.011753,-0.014361,-0.012981,0.0
353.8,-0.020042,-0.022201,-0.020841,0.0
354.0,-0.026240,-0.026216,-0.026453,0.0
354.2,-0.025760,-0.020930,-0.021267,0.0
354.4,0.003670,0.000265,0.000927,0.0
354.6,-0.013125,-0.011162,-0.011847,0.0
354.8,0.006002,0.002575,0.003745,0.0
355.0,-0.035095,-0.031266,-0.030725,0.0
355.2,-0.010482,-0.007002,-0.005720,0.0
355.4,-0.011162,-0.011866,-0.011960,0.0
355.6,0.007550,0.006868,0.008053,0.0
355.8,0.013918,0.014109,0.013933,0.0
356.0,-0.004349,0.000249,0.000844,0.0
356.2,0.027553,0.026729,0.026709,0.0
356.4,0.006662,0.006469,0.006553,0.0
356.6,0.029985,0.027200,0.027790,0.0
356.8,0.025819,0.026104,0.026330,0.0
357.0,0.037659,0.040084,0.039247,0.0
357.2,0.001838,0.001008,0.000449,0.0
357.4,0.006868,0.008840,0.008343,0.0
357.6,0.006249,0.005145,0.004763,0.0
357.8,0.023769,0.026357,0.026670,0.0
358.0,0.022301,0.020148,0.020298,0.0
358.2,0.009864,0.012254,0.010879,0.0
358.4,0.004901,0.005174,0.005471,0.0
358.6,-0.014073,-0.011527,-0.011794,0.0
358.8,-0.003326,-0.004584,-0.005034,0.0
359.0,-0.014563,-0.014446,-0.014450,0.0
359.2,0.009065,0.007581,0.007720,0.0
359.4,-0.027197,-0.021693,-0.022779,0.0
359.6,0.004713,0.003755,0.003219,0.0
359.8,-0.042836,-0.047594,-0.047556,0.0
360.0,-0.011093,-0.013034,-0.012908,0.0
360.2,0.006188,0.004719,0.005953,0.0
360.4,0.010501,0.010654,0.011846,0.0
360.6,0.000462,-0.002253,-0.001706,0.0
360.8,-0.019801,-0.018208,-0.017426,0.0
361.0,-0.001720,-0.001813,-0.000711,0.0
361.2,-0.003546,-0.003038,-0.001698,0.0
361.4,0.001148,0.003577,0.001658,0.0
361.6,0.005950,0.005927,0.003922,0.0
361.8,0.034369,0.033997,0.035063,0.0
362.0,0.032276,0.034112,0.032716,0.0
362.2,0.011964,0.015488,0.013491,0.0
362.4,-0.001992,-0.002803,-0.001624,0.0
362.6,0.027800,0.027628,0.026064,0.0
362.8,0.019379,0.016469,0.017779,0.0
363.0,0.040883,0.043888,0.043034,0.0
363.2,0.013278,0.010378,0.010693,0.0
363.4,0.004597,0.008724,0.008949,0.0
363.6,0.033382,0.037053,0.037770,0.0
363.8,0.012036,0.006519,0.005064,0.0
364.0,0.014293,0.017389,0.019017,0.0
364.2,-0.024732,-0.024213,-0.024411,0.0
364.4,-0.000965,0.000163,-0.001139,0.0
364.6,-0.010567,-0.009167,-0.009572,0.0
364.8,-0.009100,-0.007200,-0.006560,0.0
365.0,-0.020191,-0.019951,-0.019528,0.0
365.2,-0.014905,-0.015552,-0.016625,0.0
365.4,0.003139,0.004543,0.004948,0.0
365.6,-0.033790,-0.035017,-0.034567,0.0
365.8,-0.021304,-0.021261,-0.020258,0.0
366.0,-0.009498,-0.011198,-0.011621,0.0
366.2,0.006075,0.004618,0.004567,0.0
366.4,0.000921,0.002905,0.004173,0.0
366.6,0.007137,0.005920,0.005862,0.0
366.8,-0.010287,-0.010494,-0.010052,0.0
367.0,0.012374,0.012038,0.011182,0.0
367.2,-0.002461,-0.004874,-0.005061,0.0
367.4,0.016173,0.017877,0.019018,0.0
367.6,0.011522,0.011211,0.013040,0.0
367.8,0.029588,0.032547,0.033611,0.0
368.0,0.021791,0.022163,0.020700,0.0
368.2,0.027606,0.027326,0.026340,0.0
368.4,0.022086,0.024184,0.024336,0.0
368.6,0.006415,0.006385,0.006305,0.0
368.8,0.035779,0.037395,0.037426,0.0
369.0,0.012262,0.014562,0.015117,0.0
369.2,0.025709,0.026798,0.026735,0.0
369.4,-0.013131,-0.017635,-0.016411,0.0
369.6,0.003549,0.003108,0.003002,0.0
369.8,-0.008364,-0.003249,-0.003039,0.0
370.0,0.007904,0.003931,0.004631,0.0
370.2,-0.000456,0.002316,0.001257,0.0
370.4,-0.014087,-0.012609,-0.011994,0.0
370.6,-0.008874,-0.006314,-0.006175,0.0
370.8,-0.019654,-0.019062,-0.020975,0.0
371.0,-0.013894,-0.007844,-0.008048,0.0
371.2,-0.016635,-0.012044,-0.012177,0.0
371.4,-0.019821,-0.021119,-0.022456,0.0
371.6,-0.009498,-0.006622,-0.006214,0.0
371.8,-0.003139,0.001302,0.001494,0.0
372.0,-0.031399,-0.029815,-0.027959,0.0
372.2,0.006128,0.007036,0.005473,0.0
372.4,0.008557,0.006532,0.008241,0.0
372.6,0.032770,0.037805,0.037157,0.0
372.8,0.007351,0.010126,0.010042,0.0
373.0,-0.001412,-0.002352,-0.001670,0.0
373.2,0.015770,0.017825,0.017910,0.0
373.4,0.028658,0.029344,0.027920,0.0
373.6,0.038674,0.036742,0.037226,0.0
373.8,0.012172,0.014644,0.014162,0.0
374.0,0.028599,0.025159,0.024982,0.0
374.2,0.006136,0.002423,0.001359,0.0
374.4,0.003922,0.002890,0.001927,0.0
374.6,-0.002468,0.001641,0.001812,0.0
374.8,0.019027,0.020766,0.020218,0.0
375.0,0.024800,0.024404,0.025269,0.0
375.2,0.013192,0.012236,0.012391,0.0
375.4,-0.009789,-0.009033,-0.009049,0.0
375.6,-0.010553,-0.009971,-0.009599,0.0
375.8,0.006299,0.006783,0.006611,0.0
376.0,-0.007161,-0.007780,-0.007824,0.0
376.2,-0.002538,-0.002763,-0.002477,0.0
376.4,-0.030175,-0.033478,-0.033724,0.0
376.6,-0.002182,-0.002487,-0.001721,0.0
376.8,-0.025368,-0.020448,-0.020964,0.0
377.0,0.004214,0.002991,0.002815,0.0
377.2,-0.024988,-0.022546,-0.020621,0.0
377.4,0.014653,0.020157,0.019579,0.0
377.6,-0.000012,-0.002601,-0.003122,0.0
377.8,-0.013264,-0.014294,-0.013914,0.0
378.0,-0.003589,0.000056,-0.000220,0.0
378.2,0.005788,0.003767,0.005182,0.0
378.4,0.045186,0.046352,0.046754,0.0
378.6,0.016779,0.020262,0.019925,0.0
378.8,0.025133,0.024585,0.026754,0.0
379.0,-0.003859,-0.006513,-0.005755,0.0
379.2,0.031321,0.032338,0.031895,0.0
379.4,0.029873,0.033790,0.034266,0.0
379.6,0.030798,0.028971,0.028328,0.0
379.8,0.010378,0.011806,0.011724,0.0
380.0,0.013108,0.011958,0.012705,0.0
380.2,-0.001315,-0.005893,-0.006252,0.0
380.4,0.011590,0.009134,0.008827,0.0
380.6,0.006406,0.001477,0.001778,0.0
380.8,0.019419,0.024961,0.022367,0.0
381.0,0.021753,0.023226,0.022564,0.0
381.2,-0.016086,-0.019820,-0.021133,0.0
381.4,-0.017996,-0.014762,-0.013425,0.0
381.6,-0.039746,-0.037555,-0.038718,0.0
381.8,-0.002525,-0.003858,-0.004561,0.0
382.0,-0.017856,-0.021473,-0.021956,0.0
382.2,0.007959,0.008464,0.008390,0.0
382.4,-0.012724,-0.011647,-0.010905,0.0
382.6,-0.025669,-0.026473,-0.027784,0.0
382.8,0.012224,0.013562,0.012646,0.0
383.0,-0.009499,-0.010578,-0.011074,0.0
383.2,0.013273,0.007985,0.007102,0.0
383.4,-0.017196,-0.015098,-0.014493,0.0
383.6,0.001097,0.000401,0.000139,0.0
383.8,0.012593,0.012123,0.012132,0.0
384.0,0.017570,0.017249,0.017131,0.0
384.2,0.007950,0.008352,0.009549,0.0
384.4,0.031139,0.034677,0.034473,0.0
384.6,0.025409,0.024841,0.023874,0.0
384.8,0.023517,0.022910,0.023408,0.0
385.0,0.017376,0.015079,0.016028,0.0
385.2,0.021238,0.018351,0.017925,0.0
385.4,0.028875,0.027049,0.026797,0.0
385.6,0.035559,0.035316,0.034352,0.0
385.8,0.029249,0.029691,0.029529,0.0
386.0,-0.024849,-0.027857,-0.028815,0.0
386.2,0.005834,0.008047,0.008021,0.0
386.4,-0.022150,-0.025301,-0.025032,0.0
386.6,0.018148,0.018751,0.017994,0.0
386.8,-0.019377,-0.021724,-0.023624,0.0
387.0,-0.006145,-0.002515,-0.002671,0.0
387.2,-0.013680,-0.014517,-0.013984,0.0
387.4,-0.012826,-0.009745,-0.009525,0.0
387.6,-0.031212,-0.028167,-0.027582,0.0
387.8,-0.022376,-0.021560,-0.020152,0.0
388.0,0.006556,0.004987,0.003570,0.0
388.2,-0.007104,-0.005818,-0.005269,0.0
388.4,-0.018796,-0.016228,-0.015238,0.0
388.6,-0.016927,-0.018791,-0.020026,0.0
388.8,0.004997,0.003734,0.001972,0.0
389.0,0.022303,0.021727,0.022036,0.0
389.2,0.015896,0.015737,0.014329,0.0
389.4,-0.015323,-0.017829,-0.016911,0.0
389.6,0.024007,0.023596,0.024320,0.0
389.8,0.014824,0.010379,0.011184,0.0
390.0,0.012087,0.013551,0.013999,0.0
390.2,0.010931,0.008252,0.007867,0.0
390.4,0.009650,0.012916,0.013010,0.0
390.6,0.044794,0.044225,0.044650,0.0
390.8,0.028161,0.025777,0.027176,0.0
391.0,0.028387,0.026906,0.026659,0.0
391.2,-0.013344,-0.011520,-0.011586,0.0
391.4,0.025694,0.024253,0.023356,0.0
391.6,0.013529,0.012843,0.013338,0.0
391.8,0.006107,0.007115,0.005319,0.0
392.0,-0.006567,-0.005987,-0.006438,0.0
392.2,-0.001140,0.000145,0.000436,0.0
392.4,0.009110,0.009938,0.010318,0.0
392.6,-0.000425,-0.000316,0.000810,0.0
392.8,-0.019010,-0.024596,-0.025010,0.0
393.0,-0.017080,-0.017771,-0.017240,0.0
393.2,-0.007932,-0.003224,-0.002682,0.0
393.4,-0.031268,-0.028634,-0.028825,0.0
393.6,-0.016903,-0.016325,-0.015235,0.0
393.8,-0.022364,-0.025048,-0.025183,0.0
394.0,0.007454,0.002257,0.003980,0.0
394.2,-0.000035,0.000577,0.000556,0.0
394.4,0.016265,0.018339,0.017748,0.0
394.6,-0.022713,-0.029889,-0.030853,0.0
394.8,-0.005802,-0.002768,-0.003281,0.0
395.0,0.014109,0.014484,0.014529,0.0
395.2,0.018400,0.021633,0.021721,0.0
395.4,0.043101,0.044859,0.044556,0.0
395.6,0.006203,0.005098,0.004922,0.0
395.8,0.024458,0.022450,0.023821,0.0
396.0,0.013986,0.016154,0.017622,0.0
396.2,0.029906,0.028368,0.029082,0.0
396.4,0.014350,0.014146,0.012415,0.0
396.6,0.032572,0.033393,0.034166,0.0
396.8,0.006167,0.005229,0.005243,0.0
397.0,0.018583,0.021641,0.019318,0.0
397.2,0.000817,-0.001117,-0.001782,0.0
397.4,-0.000966,-0.002179,-0.001917,0.0
397.6,0.005755,0.004113,0.003375,0.0
397.8,0.016648,0.013696,0.013791,0.0
398.0,-0.016157,-0.019511,-0.019402,0.0
398.2,-0.034296,-0.030790,-0.030827,0.0
398.4,-0.017650,-0.015130,-0.013650,0.0
398.6,-0.018348,-0.017834,-0.017623,0.0
398.8,0.021408,0.021108,0.021000,0.0
399.0,-0.027013,-0.026279,-0.024930,0.0
399.2,0.000975,0.001138,0.000753,0.0
399.4,-0.013889,-0.014386,-0.014816,0.0
399.6,-0.003597,-0.003183,-0.002917,0.0
399.8,-0.004856,-0.004226,-0.004073,0.0
400.0,0.004969,0.001934,0.002775,0.0
400.2,0.012397,0.007691,0.007563,0.0
400.4,-0.008008,-0.009151,-0.007223,0.0
400.6,0.007254,0.010990,0.010805,0.0
400.8,-0.011619,-0.010766,-0.009902,0.0
401.0,0.032129,0.032464,0.032412,0.0
401.2,0.041115,0.039885,0.039861,0.0
401.4,0.028493,0.024027,0.026000,0.0
401.6,0.011105,0.012413,0.012675,0.0
401.8,0.018776,0.014569,0.014431,0.0
402.0,0.014238,0.013612,0.013671,0.0
402.2,0.027893,0.028436,0.028743,0.0
402.4,0.009839,0.009123,0.006998,0.0
402.6,-0.002014,0.002001,0.001267,0.0
402.8,0.021464,0.021963,0.022699,0.0
403.0,-0.018101,-0.016302,-0.015555,0.0
403.2,-0.008220,-0.009041,-0.008202,0.0
403.4,-0.029980,-0.029352,-0.030206,0.0
403.6,0.016353,0.018893,0.016274,0.0
403.8,-0.015574,-0.014911,-0.012562,0.0
404.0,0.001636,0.002140,0.002170,0.0
404.2,-0.042134,-0.039665,-0.039116,0.0
404.4,-0.002543,-0.003393,-0.004478,0.0
404.6,-0.001990,0.000186,0.000698,0.0
404.8,-0.011849,-0.013166,-0.012404,0.0
405.0,-0.006622,-0.011230,-0.010695,0.0
405.2,-0.033160,-0.029278,-0.028720,0.0
405.4,-0.005824,-0.007295,-0.007918,0.0
405.6,-0.007450,-0.007558,-0.008192,0.0
405.8,0.023663,0.024530,0.023846,0.0
406.0,0.000527,0.001632,0.001103,0.0
406.2,0.019754,0.021504,0.021658,0.0
406.4,-0.002322,0.001010,0.000272,0.0
406.6,0.010905,0.015207,0.015626,0.0
406.8,0.006468,0.006001,0.005645,0.0
407.0,0.035542,0.037397,0.036842,0.0
407.2,0.042762,0.046562,0.046233,0.0
407.4,0.036338,0.038613,0.037864,0.0
407.6,0.003197,0.004685,0.005725,0.0
407.8,-0.001395,0.001207,0.001879,0.0
408.0,0.020209,0.022018,0.020941,0.0
408.2,0.004592,0.003141,0.003479,0.0
408.4,0.022893,0.023831,0.024174,0.0
408.6,-0.017695,-0.015679,-0.015398,0.0
408.8,-0.004774,-0.004894,-0.004475,0.0
409.0,-0.011197,-0.009478,-0.009285,0.0
409.2,-0.009824,-0.009776,-0.011710,0.0
409.4,-0.009662,-0.005940,-0.005779,0.0
409.6,-0.019901,-0.020151,-0.021232,0.0
409.8,-0.006229,-0.006573,-0.006168,0.0
410.0,-0.023700,-0.022932,-0.022553,0.0
410.2,-0.011156,-0.010377,-0.011383,0.0
410.4,-0.048024,-0.046191,-0.047239,0.0
410.6,-0.008725,-0.007017,-0.007170,0.0
410.8,0.000868,-0.001007,-0.001829,0.0
411.0,0.000343,0.002380,0.001308,0.0
411.2,-0.018333,-0.020417,-0.020589,0.0
411.4,0.019048,0.020515,0.020338,0.0
411.6,0.011793,0.006845,0.006731,0.0
411.8,0.039194,0.039518,0.039185,0.0
412.0,0.003301,0.004834,0.004570,0.0
412.2,0.001986,0.005090,0.006283,0.0
412.4,0.031057,0.033809,0.033277,0.0
412.6,0.007276,0.006941,0.008662,0.0
412.8,0.029490,0.032041,0.030857,0.0
413.0,-0.002805,-0.001077,-0.000681,0.0
413.2,0.035211,0.033798,0.033770,0.0
413.4,0.011791,0.008927,0.008342,0.0
413.6,0.028845,0.029416,0.029188,0.0
413.8,-0.017300,-0.016247,-0.015868,0.0
414.0,-0.002679,-0.003188,-0.002342,0.0
414.2,0.019929,0.021066,0.020814,0.0
414.4,0.005732,0.007051,0.007372,0.0
414.6,-0.001397,-0.002951,-0.002383,0.0
414.8,-0.012204,-0.012497,-0.012748,0.0
415.0,-0.015071,-0.010758,-0.012125,0.0
415.2,-0.016421,-0.021978,-0.020851,0.0
415.4,-0.025968,-0.026507,-0.023864,0.0
415.6,-0.024950,-0.028009,-0.028420,0.0
415.8,0.005149,0.007142,0.007581,0.0
416.0,-0.014239,-0.014270,-0.015758,0.0
416.2,-0.010507,-0.007023,-0.007169,0.0
416.4,-0.025928,-0.025467,-0.024243,0.0
416.6,-0.000314,-0.001480,-0.001986,0.0
416.8,-0.005082,-0.007459,-0.008299,0.0
417.0,0.019941,0.024118,0.022795,0.0
417.2,0.007853,0.010350,0.010379,0.0
417.4,-0.008951,-0.010490,-0.009549,0.0
417.6,0.029951,0.036103,0.036140,0.0
417.8,0.001591,0.002099,0.002593,0.0
418.0,0.039148,0.038586,0.036793,0.0
418.2,0.018225,0.021534,0.022735,0.0
418.4,0.020549,0.024635,0.025594,0.0
418.6,0.008769,0.007963,0.007989,0.0
418.8,-0.000368,-0.005929,-0.006543,0.0
419.0,0.007242,0.009291,0.010327,0.0
419.2,0.018550,0.016423,0.016423,0.0
419.4,0.009922,0.003639,0.004487,0.0
419.6,-0.004085,-0.005107,-0.004503,0.0
419.8,0.002326,0.004486,0.004837,0.0
420.0,-0.008800,-0.011191,-0.011337,0.0
420.2,-0.007716,-0.008672,-0.008787,0.0
420.4,0.004345,0.005241,0.003848,0.0
420.6,-0.004592,-0.002798,-0.002111,0.0
420.8,-0.041786,-0.042767,-0.040720,0.0
421.0,-0.015185,-0.011989,-0.012347,0.0
421.2,-0.033897,-0.031699,-0.031297,0.0
421.4,0.007342,0.006110,0.006411,0.0
421.6,-0.010352,-0.011023,-0.012007,0.0
421.8,-0.013478,-0.013488,-0.013246,0.0
422.0,-0.007321,-0.004222,-0.004079,0.0
422.2,-0.019789,-0.022737,-0.023129,0.0
422.4,-0.006226,-0.007099,-0.006836,0.0
422.6,-0.015074,-0.011699,-0.011008,0.0
422.8,0.034196,0.028245,0.029063,0.0
423.0,0.013720,0.011086,0.010197,0.0
423.2,0.031951,0.029783,0.030978,0.0
423.4,-0.006316,-0.006032,-0.006451,0.0
423.6,0.017340,0.019986,0.020690,0.0
423.8,0.024598,0.022996,0.023330,0.0
424.0,0.039031,0.035757,0.034367,0.0
424.2,-0.009914,-0.012122,-0.012115,0.0
424.4,0.015499,0.011441,0.011575,0.0
424.6,-0.005227,-0.000084,-0.000656,0.0
424.8,0.014261,0.008172,0.008902,0.0
425.0,0.014265,0.014838,0.015413,0.0
425.2,-0.015651,-0.016780,-0.017824,0.0
425.4,0.005048,0.004976,0.003185,0.0
425.6,-0.018223,-0.015998,-0.016185,0.0
425.8,-0.013427,-0.011439,-0.011496,0.0
426.0,-0.035242,-0.036264,-0.037329,0.0
426.2,0.000700,0.002109,0.001956,0.0
426.4,-0.002223,-0.002105,-0.002231,0.0
426.6,-0.009866,-0.008131,-0.007978,0.0
426.8,-0.028604,-0.027734,-0.027791,0.0
427.0,-0.049799,-0.051862,-0.051020,0.0
427.2,-0.006208,-0.005955,-0.006210,0.0
427.4,-0.014789,-0.016820,-0.016283,0.0
427.6,0.006824,0.004143,0.004285,0.0
427.8,0.006929,0.008966,0.008915,0.0
428.0,0.014597,0.016433,0.017266,0.0
428.2,-0.014475,-0.015143,-0.013417,0.0
428.4,0.017861,0.015024,0.015779,0.0
428.6,0.005608,0.010888,0.010111,0.0
428.8,0.033056,0.033285,0.032557,0.0
429.0,0.010540,0.007627,0.007822,0.0
429.2,0.001219,0.004472,0.004875,0.0
429.4,0.002969,0.001678,0.002598,0.0
429.6,0.016422,0.020809,0.021483,0.0
429.8,0.040242,0.039588,0.040461,0.0
430.0,0.009736,0.012732,0.013352,0.0
430.2,0.029751,0.031624,0.031902,0.0
430.4,-0.026484,-0.030671,-0.029549,0.0
430.6,0.029025,0.028285,0.029033,0.0
430.8,-0.008044,-0.009730,-0.008765,0.0
431.0,0.009188,0.005958,0.006001,0.0
431.2,-0.009731,-0.010583,-0.011223,0.0
431.4,-0.006244,-0.007645,-0.008868,0.0
431.6,-0.029151,-0.029443,-0.029200,0.0
431.8,-0.021559,-0.024087,-0.025052,0.0
432.0,-0.013030,-0.007551,-0.006377,0.0
432.2,-0.029076,-0.026756,-0.025782,0.0
432.4,-0.004281,-0.006178,-0.006060,0.0
432.6,-0.029006,-0.028727,-0.028341,0.0
432.8,-0.014616,-0.015414,-0.016985,0.0
433.0,-0.014560,-0.015867,-0.014618,0.0
433.2,0.003807,0.003390,0.003404,0.0
433.4,0.001089,0.007071,0.006252,0.0
433.6,0.016519,0.017738,0.016074,0.0
433.8,-0.015820,-0.016920,-0.015883,0.0
434.0,0.008791,0.010621,0.010014,0.0
434.2,0.007448,0.003752,0.005485,0.0
434.4,0.007426,0.008292,0.006008,0.0
434.6,0.030384,0.025966,0.027184,0.0
434.8,0.008104,0.004523,0.004513,0.0
435.0,0.037849,0.036643,0.036464,0.0
435.2,0.011241,0.010763,0.010010,0.0
435.4,0.028406,0.027735,0.028434,0.0
435.6,-0.020772,-0.019600,-0.020690,0.0
435.8,0.013725,0.011187,0.011040,0.0
436.0,0.019645,0.019087,0.019458,0.0
436.2,0.018387,0.017538,0.017310,0.0
436.4,0.005454,0.002468,0.004052,0.0
436.6,-0.028316,-0.031399,-0.031766,0.0
436.8,-0.003142,-0.001757,-0.001460,0.0
437.0,-0.010085,-0.005079,-0.005173,0.0
437.2,-0.012026,-0.015148,-0.014851,0.0
437.4,-0.037600,-0.038082,-0.038080,0.0
437.6,-0.000468,0.002188,0.003230,0.0
437.8,-0.028278,-0.031109,-0.031718,0.0
438.0,-0.007428,-0.009303,-0.009981,0.0
438.2,-0.028364,-0.030912,-0.031725,0.0
438.4,-0.002400,-0.003295,-0.004428,0.0
438.6,-0.002849,-0.001453,-0.001496,0.0
438.8,-0.000113,-0.001067,-0.000591,0.0
439.0,-0.020557,-0.017190,-0.019379,0.0
439.2,-0.014649,-0.015736,-0.014377,0.0
439.4,0.010412,0.008705,0.009189,0.0
439.6,0.001050,0.003151,0.003262,0.0
439.8,0.032234,0.030819,0.031550,0.0
440.0,-0.007310,-0.008889,-0.007605,0.0
440.2,0.024928,0.024707,0.024469,0.0
440.4,0.020277,0.018824,0.018519,0.0
440.6,0.021393,0.025703,0.025710,0.0
440.8,0.009099,0.013366,0.014182,0.0
441.0,0.025381,0.026985,0.026688,0.0
441.2,0.008418,0.006131,0.006468,0.0
441.4,-0.018168,-0.021816,-0.021787,0.0
441.6,-0.008498,-0.008729,-0.008811,0.0
441.8,-0.000316,-0.002136,-0.000498,0.0
442.0,0.020163,0.022271,0.022703,0.0
442.2,-0.007871,-0.006487,-0.006395,0.0
442.4,-0.019879,-0.020453,-0.021244,0.0
442.6,-0.022758,-0.023496,-0.023284,0.0
442.8,0.000174,0.005104,0.004437,0.0
443.0,-0.030135,-0.033897,-0.035283,0.0
443.2,0.000077,0.004266,0.004076,0.0
443.4,-0.019779,-0.022982,-0.022391,0.0
443.6,-0.012459,-0.009539,-0.009185,0.0
443.8,-0.027995,-0.028746,-0.027581,0.0
444.0,-0.020262,-0.020768,-0.021109,0.0
444.2,-0.003686,-0.006639,-0.007749,0.0
444.4,-0.000146,-0.001269,-0.000438,0.0
444.6,0.014727,0.010968,0.008876,0.0
444.8,-0.013685,-0.014005,-0.014603,0.0
445.0,0.007447,0.010502,0.012335,0.0
445.2,-0.000328,-0.000995,-0.001759,0.0
445.4,0.018084,0.017293,0.017769,0.0
445.6,0.021907,0.020723,0.019431,0.0
445.8,0.010028,0.018365,0.017943,0.0
446.0,0.011559,0.013015,0.012100,0.0
446.2,0.018562,0.019517,0.021165,0.0
446.4,0.005411,0.001649,0.001014,0.0
446.6,0.024055,0.023207,0.024639,0.0
446.8,0.024486,0.027902,0.027506,0.0
447.0,0.009579,0.008846,0.009155,0.0
447.2,0.002397,0.007203,0.005795,0.0
447.4,-0.032596,-0.035140,-0.035266,0.0
447.6,0.008625,0.006363,0.006268,0.0
447.8,-0.017651,-0.016929,-0.016812,0.0
448.0,0.013091,0.009015,0.008637,0.0
448.2,-0.022921,-0.024506,-0.024194,0.0
448.4,-0.013183,-0.011580,-0.011823,0.0
448.6,-0.035877,-0.035998,-0.035368,0.0
448.8,-0.030441,-0.028693,-0.029286,0.0
449.0,0.003066,0.002446,0.001667,0.0
449.2,-0.012818,-0.013865,-0.014266,0.0
449.4,-0.002998,-0.000160,-0.000779,0.0
449.6,-0.039034,-0.040115,-0.040716,0.0
449.8,-0.003626,-0.001718,-0.002126,0.0
450.0,-0.004814,-0.007605,-0.008051,0.0
450.2,0.013971,0.016368,0.016789,0.0
450.4,0.002572,0.002214,0.002728,0.0
450.6,0.025256,0.027235,0.028660,0.0
450.8,-0.006625,-0.009223,-0.010622,0.0
451.0,0.015084,0.013520,0.013577,0.0
451.2,-0.004507,-0.007795,-0.007952,0.0
451.4,0.031453,0.031236,0.031429,0.0
451.6,0.027149,0.028662,0.029870,0.0
451.8,0.021319,0.022275,0.022057,0.0
452.0,0.010591,0.012069,0.013189,0.0
452.2,-0.007328,-0.009720,-0.009361,0.0
452.4,0.044895,0.044887,0.044065,0.0
452.6,0.011433,0.015022,0.016860,0.0
452.8,0.014753,0.016469,0.016155,0.0
453.0,-0.027434,-0.026635,-0.024850,0.0
453.2,-0.011098,-0.011523,-0.011249,0.0
453.4,-0.004086,-0.005129,-0.004999,0.0
453.6,-0.021710,-0.020233,-0.020290,0.0
453.8,-0.007677,-0.008378,-0.008370,0.0
454.0,-0.018932,-0.019722,-0.018515,0.0
454.2,-0.003744,-0.006242,-0.004963,0.0
454.4,-0.036507,-0.037895,-0.038215,0.0
454.6,-0.026866,-0.024743,-0.024037,0.0
454.8,-0.033351,-0.032106,-0.033226,0.0
455.0,0.009849,0.015511,0.016236,0.0
455.2,-0.008718,-0.009047,-0.008707,0.0
455.4,-0.001294,0.000471,0.000010,0.0
455.6,-0.020188,-0.022579,-0.023925,0.0
455.8,0.012072,0.010606,0.010474,0.0
456.0,-0.000388,0.002526,0.002557,0.0
456.2,0.001757,0.001073,0.001124,0.0
456.4,0.001532,0.001974,0.002060,0.0
456.6,0.009809,0.012530,0.012817,0.0
456.8,0.037949,0.039967,0.039719,0.0
457.0,-0.002158,-0.002051,-0.002124,0.0
457.2,0.031009,0.030810,0.030998,0.0
457.4,-0.003482,-0.003909,-0.003576,0.0
457.6,0.030645,0.031946,0.031449,0.0
457.8,-0.003968,-0.008778,-0.010000,0.0
458.0,0.004264,0.003188,0.002260,0.0
458.2,-0.003766,0.002412,0.002152,0.0
458.4,0.003133,-0.001138,-0.000885,0.0
458.6,0.004852,0.008325,0.009480,0.0
458.8,-0.005294,-0.008707,-0.008327,0.0
459.0,0.006618,0.005276,0.004821,0.0
459.2,-0.012306,-0.010676,-0.009822,0.0
459.4,-0.011687,-0.013624,-0.012671,0.0
459.6,-0.031784,-0.034064,-0.034548,0.0
459.8,-0.007415,-0.005949,-0.004694,0.0
460.0,-0.031714,-0.032149,-0.032442,0.0
460.2,-0.003382,0.001769,0.002509,0.0
460.4,-0.038822,-0.039773,-0.039426,0.0
460.6,-0.016350,-0.019030,-0.019086,0.0
460.8,-0.023753,-0.024471,-0.025415,0.0
461.0,0.001148,0.004372,0.004511,0.0
461.2,0.010296,0.008985,0.010595,0.0
461.4,-0.005153,-0.004773,-0.004862,0.0
461.6,0.005794,0.004952,0.004430,0.0
461.8,-0.020150,-0.018536,-0.018335,0.0
462.0,0.027650,0.026503,0.026474,0.0
462.2,0.007647,0.009916,0.010552,0.0
462.4,0.026651,0.024563,0.024152,0.0
462.6,0.018044,0.019643,0.020960,0.0
462.8,0.004200,0.005006,0.004788,0.0
463.0,0.010514,0.010185,0.009786,0.0
463.2,0.007954,0.006091,0.005485,0.0
463.4,0.003311,0.010066,0.009869,0.0
463.6,0.012671,0.015358,0.016094,0.0
463.8,0.027880,0.031749,0.033090,0.0
464.0,0.002680,0.002559,0.002934,0.0
464.2,-0.015606,-0.014124,-0.014176,0.0
464.4,-0.036635,-0.035343,-0.032301,0.0
464.6,0.008097,0.011586,0.011568,0.0
464.8,-0.011870,-0.009302,-0.008502,0.0
465.0,-0.008991,-0.003567,-0.005139,0.0
465.2,-0.046742,-0.049242,-0.048466,0.0
465.4,-0.005828,-0.011011,-0.011129,0.0
465.6,-0.015911,-0.018050,-0.018235,0.0
465.8,-0.021450,-0.021053,-0.021766,0.0
466.0,-0.013093,-0.017057,-0.016190,0.0
466.2,-0.021725,-0.023197,-0.023262,0.0
466.4,0.001920,-0.001978,-0.003489,0.0
466.6,-0.014822,-0.017092,-0.016512,0.0
466.8,0.006990,0.008360,0.008997,0.0
467.0,-0.002963,-0.001974,-0.002312,0.0
467.2,0.048586,0.048358,0.047101,0.0
467.4,0.006602,0.002798,0.002970,0.0
467.6,0.001351,0.003611,0.004434,0.0
467.8,-0.012669,-0.015006,-0.014810,0.0
468.0,0.009275,0.007911,0.007487,0.0
468.2,0.020927,0.022440,0.020804,0.0
468.4,0.016368,0.021187,0.020936,0.0
468.6,0.012228,0.012849,0.013969,0.0
468.8,0.027088,0.028348,0.028401,0.0
469.0,0.008473,0.007488,0.005797,0.0
469.2,-0.003426,-0.005671,-0.004660,0.0
469.4,0.012039,0.014684,0.014381,0.0
469.6,0.000074,-0.003513,-0.002647,0.0
469.8,0.012147,0.012188,0.011589,0.0
470.0,-0.039055,-0.039695,-0.039129,0.0
470.2,-0.019651,-0.018945,-0.020938,0.0
470.4,-0.031360,-0.033285,-0.034718,0.0
470.6,0.006337,0.006177,0.006174,0.0
470.8,-0.010389,-0.012244,-0.012471,0.0
471.0,-0.028239,-0.028896,-0.028710,0.0
471.2,-0.019327,-0.019821,-0.019705,0.0
471.4,-0.035848,-0.033767,-0.032880,0.0
471.6,0.001676,-0.001448,-0.000565,0.0
471.8,-0.018265,-0.018896,-0.018967,0.0
472.0,0.004851,0.008088,0.007691,0.0
472.2,-0.008711,-0.010357,-0.008853,0.0
472.4,-0.008786,-0.006701,-0.007867,0.0
472.6,-0.018616,-0.018079,-0.016455,0.0
472.8,0.003511,0.003000,0.001969,0.0
473.0,0.016434,0.014377,0.014039,0.0
473.2,0.024251,0.027059,0.026737,0.0
473.4,0.011243,0.006844,0.006828,0.0
473.6,0.000955,-0.002896,-0.001026,0.0
473.8,0.016684,0.015222,0.015839,0.0
474.0,0.006056,0.004281,0.005704,0.0
474.2,0.051095,0.055227,0.055125,0.0
474.4,0.004695,0.005337,0.006188,0.0
474.6,0.018861,0.020710,0.021109,0.0
474.8,-0.027901,-0.031858,-0.031664,0.0
475.0,0.014143,0.014969,0.014748,0.0
475.2,0.000462,-0.002661,-0.002731,0.0
475.4,0.000293,0.002802,0.002989,0.0
475.6,-0.020742,-0.021984,-0.021551,0.0
475.8,-0.020798,-0.018970,-0.019813,0.0
476.0,-0.006760,-0.005143,-0.005793,0.0
476.2,-0.031311,-0.031603,-0.031958,0.0
476.4,-0.029445,-0.026617,-0.027408,0.0
476.6,-0.034127,-0.033088,-0.032448,0.0
476.8,-0.001598,-0.004842,-0.004324,0.0
477.0,-0.023161,-0.025753,-0.025552,0.0
477.2,-0.016358,-0.013880,-0.014979,0.0
477.4,-0.038566,-0.038470,-0.037338,0.0
477.6,0.003511,0.005701,0.006550,0.0
477.8,0.003112,0.000428,0.001230,0.0
478.0,-0.000193,0.001850,0.001959,0.0
478.2,-0.018536,-0.016952,-0.017114,0.0
478.4,-0.003462,-0.003456,-0.003381,0.0
478.6,0.016977,0.012581,0.012374,0.0
478.8,0.014884,0.016743,0.015840,0.0
479.0,0.019606,0.017052,0.017872,0.0
479.2,-0.009192,-0.010985,-0.012347,0.0
479.4,0.047065,0.044934,0.044974,0.0
479.6,-0.000499,0.002583,0.001094,0.0
479.8,0.006132,0.008392,0.009793,0.0
480.0,-0.004009,-0.008034,-0.008709,0.0
480.2,0.016583,0.017302,0.017041,0.0
480.4,0.022531,0.019542,0.021156,0.0
480.6,-0.015450,-0.015584,-0.016387,0.0
480.8,-0.011130,-0.010544,-0.011616,0.0
481.0,-0.014678,-0.014472,-0.013649,0.0
481.2,0.004389,0.006412,0.007278,0.0
481.4,-0.020373,-0.020476,-0.019510,0.0
481.6,-0.014758,-0.014292,-0.014073,0.0
481.8,-0.015971,-0.017481,-0.017021,0.0
482.0,-0.010567,-0.010304,-0.010346,0.0
482.2,-0.035700,-0.036115,-0.036669,0.0
482.4,-0.015854,-0.013370,-0.013620,0.0
482.6,-0.036382,-0.038148,-0.038261,0.0
482.8,0.008274,0.009400,0.009490,0.0
483.0,-0.006475,-0.007323,-0.007486,0.0
483.2,-0.020277,-0.017855,-0.014392,0.0
483.4,-0.008932,-0.009259,-0.009283,0.0
483.6,-0.024251,-0.023453,-0.022106,0.0
483.8,0.029196,0.026631,0.027365,0.0
484.0,-0.004945,-0.006127,-0.005420,0.0
484.2,0.018826,0.020917,0.020525,0.0
484.4,-0.009526,-0.006813,-0.004685,0.0
484.6,0.026205,0.025175,0.026039,0.0
484.8,0.000641,0.001075,0.001142,0.0
485.0,0.014218,0.011339,0.011907,0.0
485.2,0.031069,0.028506,0.028654,0.0
485.4,0.010715,0.014296,0.014092,0.0
485.6,0.008737,0.004094,0.004532,0.0
485.8,0.005815,0.007360,0.007225,0.0
486.0,0.001808,-0.004113,-0.003642,0.0
486.2,-0.003720,-0.002316,-0.002318,0.0
486.4,0.006134,0.005744,0.006082,0.0
486.6,-0.026477,-0.026306,-0.026321,0.0
486.8,-0.007115,-0.011514,-0.012007,0.0
487.0,-0.048554,-0.050075,-0.049995,0.0
487.2,-0.008867,-0.009444,-0.009672,0.0
487.4,-0.009802,-0.008923,-0.008117,0.0
487.6,-0.000657,-0.000719,-0.000394,0.0
487.8,-0.025931,-0.028133,-0.027481,0.0
488.0,-0.015022,-0.012889,-0.015040,0.0
488.2,-0.017762,-0.021103,-0.020958,0.0
488.4,-0.025749,-0.021294,-0.022287,0.0
488.6,-0.001024,-0.004638,-0.003826,0.0
488.8,-0.022859,-0.021472,-0.020684,0.0
489.0,0.002832,0.003972,0.005712,0.0
489.2,-0.001563,-0.001943,-0.000039,0.0
489.4,-0.013252,-0.009172,-0.009494,0.0
489.6,-0.008176,-0.010456,-0.009003,0.0
489.8,0.022901,0.022648,0.023891,0.0
490.0,0.035241,0.034866,0.034332,0.0
490.2,0.022294,0.021744,0.021760,0.0
490.4,0.005127,0.003760,0.003702,0.0
490.6,-0.003689,-0.004693,-0.004996,0.0
490.8,0.029660,0.027081,0.027520,0.0
491.0,0.012186,0.010692,0.012082,0.0
491.2,0.014059,0.007803,0.009388,0.0
491.4,-0.002538,-0.002456,-0.003726,0.0
491.6,0.018751,0.016681,0.017636,0.0
491.8,-0.038015,-0.038999,-0.040690,0.0
492.0,-0.005853,-0.005623,-0.005284,0.0
492.2,-0.032283,-0.032120,-0.031659,0.0
492.4,0.006917,0.008846,0.008158,0.0
492.6,-0.005494,-0.007941,-0.007050,0.0
492.8,-0.038131,-0.036307,-0.035941,0.0
493.0,-0.032079,-0.028743,-0.028145,0.0
493.2,-0.022005,-0.023273,-0.024466,0.0
493.4,0.004105,0.003804,0.002264,0.0
493.6,-0.024241,-0.028835,-0.028303,0.0
493.8,-0.028122,-0.031425,-0.031983,0.0
494.0,-0.043346,-0.038751,-0.039487,0.0
494.2,0.003207,0.002919,0.002834,0.0
494.4,-0.015484,-0.013959,-0.014176,0.0
494.6,-0.001022,-0.000873,-0.000723,0.0
494.8,-0.003052,-0.008051,-0.008113,0.0
495.0,0.015768,0.012451,0.012259,0.0
495.2,-0.009233,-0.005669,-0.006018,0.0
495.4,0.002258,0.001674,0.002174,0.0
495.6,0.005258,0.005621,0.005791,0.0
495.8,0.032150,0.031739,0.030966,0.0
496.0,0.043257,0.042670,0.042005,0.0
496.2,-0.002124,0.000243,-0.000702,0.0
496.4,0.011569,0.010064,0.010037,0.0
496.6,-0.008575,-0.004927,-0.005719,0.0
496.8,0.019704,0.018165,0.019198,0.0
497.0,-0.003330,-0.005741,-0.005463,0.0
497.2,0.003039,0.001744,0.001176,0.0
497.4,-0.014235,-0.013349,-0.013754,0.0
497.6,-0.014887,-0.013769,-0.013243,0.0
497.8,0.005664,0.008210,0.008697,0.0
498.0,-0.012505,-0.016698,-0.015052,0.0
498.2,0.005015,0.005684,0.006485,0.0
498.4,-0.032093,-0.032631,-0.033669,0.0
498.6,-0.026206,-0.023904,-0.023141,0.0
498.8,-0.035241,-0.033728,-0.034206,0.0
499.0,-0.030721,-0.030460,-0.030033,0.0
499.2,-0.030922,-0.031782,-0.031663,0.0
499.4,0.004433,0.004818,0.005859,0.0
499.6,-0.020939,-0.020342,-0.020040,0.0
499.8,-0.009519,-0.007735,-0.008218,0.0
500.0,-0.016588,-0.017064,-0.016778,0.0
